user_id,event_timestamp,event_name
1,2026-04-13 00:00:00,signup
2,2026-06-29 00:00:00,signup
2,2026-06-29 07:00:00,onboarding_started
2,2026-06-29 11:00:00,onboarding_completed
3,2026-04-03 00:00:00,signup
4,2026-01-15 00:00:00,signup
4,2026-01-15 17:00:00,onboarding_started
4,2026-01-16 02:00:00,onboarding_completed
4,2026-01-16 02:00:00,project_created
4,2026-01-20 02:00:00,report_created
5,2026-04-17 00:00:00,signup
5,2026-04-17 22:00:00,onboarding_started
5,2026-04-18 06:00:00,onboarding_completed
5,2026-04-18 06:00:00,project_created
5,2026-04-21 06:00:00,report_created
6,2026-03-13 00:00:00,signup
6,2026-03-13 11:00:00,onboarding_started
6,2026-03-13 16:00:00,onboarding_completed
6,2026-03-16 16:00:00,project_created
6,2026-03-16 16:00:00,integration_connected
6,2026-03-18 16:00:00,teammate_invited
6,2026-03-19 16:00:00,report_created
7,2026-01-21 00:00:00,signup
7,2026-01-21 22:00:00,onboarding_started
7,2026-01-22 09:00:00,onboarding_completed
7,2026-01-23 09:00:00,project_created
7,2026-01-25 09:00:00,teammate_invited
7,2026-01-27 09:00:00,report_created
8,2026-04-13 00:00:00,signup
8,2026-04-13 21:00:00,onboarding_started
8,2026-04-14 03:00:00,onboarding_completed
8,2026-04-14 03:00:00,project_created
8,2026-04-15 03:00:00,integration_connected
8,2026-04-16 03:00:00,teammate_invited
8,2026-05-15 00:00:00,dashboard_viewed
9,2026-05-02 00:00:00,signup
10,2026-03-16 00:00:00,signup
10,2026-03-16 02:00:00,onboarding_started
11,2026-03-29 00:00:00,signup
11,2026-03-29 12:00:00,onboarding_started
12,2026-04-27 00:00:00,signup
12,2026-04-27 23:00:00,onboarding_started
13,2026-04-10 00:00:00,signup
13,2026-04-10 16:00:00,onboarding_started
14,2026-04-14 00:00:00,signup
14,2026-04-14 13:00:00,onboarding_started
14,2026-04-14 20:00:00,onboarding_completed
14,2026-04-17 20:00:00,project_created
14,2026-04-18 20:00:00,teammate_invited
14,2026-04-22 20:00:00,report_created
14,2026-05-16 00:00:00,dashboard_viewed
15,2026-06-01 00:00:00,signup
15,2026-06-01 13:00:00,onboarding_started
15,2026-06-01 18:00:00,onboarding_completed
16,2026-05-11 00:00:00,signup
16,2026-05-11 20:00:00,onboarding_started
17,2026-05-30 00:00:00,signup
17,2026-05-30 18:00:00,onboarding_started
17,2026-05-31 02:00:00,onboarding_completed
17,2026-06-03 02:00:00,project_created
17,2026-06-03 02:00:00,teammate_invited
17,2026-06-06 02:00:00,integration_connected
17,2026-06-08 02:00:00,report_created
18,2026-02-22 00:00:00,signup
18,2026-02-22 12:00:00,onboarding_started
18,2026-02-22 14:00:00,onboarding_completed
18,2026-02-22 14:00:00,project_created
18,2026-02-23 14:00:00,teammate_invited
18,2026-02-26 14:00:00,report_created
18,2026-03-28 00:00:00,dashboard_viewed
19,2026-01-02 00:00:00,signup
19,2026-01-02 23:00:00,onboarding_started
19,2026-01-03 00:00:00,onboarding_completed
19,2026-01-05 00:00:00,project_created
19,2026-01-10 00:00:00,report_created
20,2026-03-29 00:00:00,signup
20,2026-03-29 16:00:00,onboarding_started
20,2026-03-29 23:00:00,onboarding_completed
20,2026-04-01 23:00:00,project_created
20,2026-04-01 23:00:00,teammate_invited
20,2026-04-02 23:00:00,report_created
20,2026-04-03 23:00:00,integration_connected
20,2026-04-28 00:00:00,dashboard_viewed
21,2026-06-07 00:00:00,signup
21,2026-06-07 08:00:00,onboarding_started
21,2026-06-07 18:00:00,onboarding_completed
22,2026-02-07 00:00:00,signup
22,2026-02-07 15:00:00,onboarding_started
22,2026-02-08 01:00:00,onboarding_completed
22,2026-02-09 01:00:00,project_created
23,2026-05-10 00:00:00,signup
24,2026-01-21 00:00:00,signup
24,2026-01-21 08:00:00,onboarding_started
24,2026-01-21 10:00:00,onboarding_completed
25,2026-06-10 00:00:00,signup
25,2026-06-10 08:00:00,onboarding_started
25,2026-06-10 15:00:00,onboarding_completed
26,2026-02-27 00:00:00,signup
26,2026-02-27 22:00:00,onboarding_started
26,2026-02-28 01:00:00,onboarding_completed
27,2026-01-22 00:00:00,signup
27,2026-01-22 19:00:00,onboarding_started
28,2026-03-30 00:00:00,signup
28,2026-03-30 15:00:00,onboarding_started
28,2026-03-30 22:00:00,onboarding_completed
28,2026-03-31 22:00:00,project_created
28,2026-03-31 22:00:00,integration_connected
28,2026-04-01 22:00:00,report_created
29,2026-02-18 00:00:00,signup
30,2026-02-28 00:00:00,signup
31,2026-06-19 00:00:00,signup
32,2026-01-15 00:00:00,signup
32,2026-01-15 02:00:00,onboarding_started
32,2026-01-15 13:00:00,onboarding_completed
33,2026-06-24 00:00:00,signup
33,2026-06-24 06:00:00,onboarding_started
33,2026-06-24 13:00:00,onboarding_completed
34,2026-02-20 00:00:00,signup
34,2026-02-20 13:00:00,onboarding_started
34,2026-02-20 14:00:00,onboarding_completed
35,2026-04-18 00:00:00,signup
35,2026-04-18 15:00:00,onboarding_started
36,2026-02-24 00:00:00,signup
36,2026-02-24 21:00:00,onboarding_started
36,2026-02-25 04:00:00,onboarding_completed
36,2026-02-27 04:00:00,project_created
36,2026-03-01 04:00:00,integration_connected
37,2026-03-05 00:00:00,signup
37,2026-03-05 01:00:00,onboarding_started
37,2026-03-05 05:00:00,onboarding_completed
37,2026-03-08 05:00:00,project_created
37,2026-03-08 05:00:00,teammate_invited
37,2026-04-08 00:00:00,dashboard_viewed
38,2026-05-11 00:00:00,signup
38,2026-05-11 03:00:00,onboarding_started
38,2026-05-11 10:00:00,onboarding_completed
38,2026-05-11 10:00:00,project_created
39,2026-02-20 00:00:00,signup
40,2026-05-15 00:00:00,signup
40,2026-05-15 17:00:00,onboarding_started
40,2026-05-15 22:00:00,onboarding_completed
40,2026-05-16 22:00:00,project_created
40,2026-05-18 22:00:00,teammate_invited
40,2026-05-21 22:00:00,report_created
41,2026-01-21 00:00:00,signup
41,2026-01-21 17:00:00,onboarding_started
41,2026-01-22 02:00:00,onboarding_completed
41,2026-01-22 02:00:00,project_created
41,2026-01-22 02:00:00,teammate_invited
42,2026-03-14 00:00:00,signup
43,2026-06-16 00:00:00,signup
43,2026-06-16 22:00:00,onboarding_started
43,2026-06-17 05:00:00,onboarding_completed
44,2026-01-18 00:00:00,signup
44,2026-01-18 04:00:00,onboarding_started
44,2026-01-18 08:00:00,onboarding_completed
45,2026-05-12 00:00:00,signup
45,2026-05-12 19:00:00,onboarding_started
46,2026-03-30 00:00:00,signup
46,2026-03-30 10:00:00,onboarding_started
46,2026-03-30 11:00:00,onboarding_completed
46,2026-04-02 11:00:00,project_created
46,2026-04-03 11:00:00,report_created
46,2026-04-05 11:00:00,integration_connected
46,2026-04-30 00:00:00,dashboard_viewed
47,2026-03-01 00:00:00,signup
47,2026-03-01 19:00:00,onboarding_started
48,2026-01-14 00:00:00,signup
48,2026-01-14 13:00:00,onboarding_started
48,2026-01-14 14:00:00,onboarding_completed
48,2026-01-16 14:00:00,project_created
49,2026-01-09 00:00:00,signup
49,2026-01-09 01:00:00,onboarding_started
49,2026-01-09 06:00:00,onboarding_completed
50,2026-03-31 00:00:00,signup
51,2026-02-22 00:00:00,signup
51,2026-02-22 08:00:00,onboarding_started
52,2026-05-10 00:00:00,signup
52,2026-05-10 18:00:00,onboarding_started
52,2026-05-10 21:00:00,onboarding_completed
52,2026-05-12 21:00:00,project_created
52,2026-06-09 00:00:00,dashboard_viewed
53,2026-03-25 00:00:00,signup
53,2026-03-25 02:00:00,onboarding_started
53,2026-03-25 04:00:00,onboarding_completed
54,2026-04-02 00:00:00,signup
54,2026-04-02 20:00:00,onboarding_started
55,2026-04-21 00:00:00,signup
55,2026-04-21 08:00:00,onboarding_started
55,2026-04-21 10:00:00,onboarding_completed
56,2026-06-21 00:00:00,signup
57,2026-01-08 00:00:00,signup
58,2026-06-24 00:00:00,signup
58,2026-06-24 10:00:00,onboarding_started
58,2026-06-24 20:00:00,onboarding_completed
58,2026-06-27 20:00:00,project_created
59,2026-02-04 00:00:00,signup
59,2026-02-04 02:00:00,onboarding_started
59,2026-02-04 07:00:00,onboarding_completed
59,2026-02-07 07:00:00,project_created
59,2026-02-13 07:00:00,report_created
59,2026-03-14 00:00:00,dashboard_viewed
60,2026-03-22 00:00:00,signup
60,2026-03-22 16:00:00,onboarding_started
61,2026-06-13 00:00:00,signup
61,2026-06-13 20:00:00,onboarding_started
62,2026-02-19 00:00:00,signup
62,2026-02-19 14:00:00,onboarding_started
62,2026-02-20 00:00:00,onboarding_completed
62,2026-02-21 00:00:00,project_created
63,2026-04-14 00:00:00,signup
64,2026-05-12 00:00:00,signup
64,2026-05-12 01:00:00,onboarding_started
64,2026-05-12 08:00:00,onboarding_completed
64,2026-05-15 08:00:00,project_created
65,2026-01-02 00:00:00,signup
65,2026-01-02 18:00:00,onboarding_started
66,2026-05-14 00:00:00,signup
66,2026-05-14 21:00:00,onboarding_started
66,2026-05-15 05:00:00,onboarding_completed
67,2026-02-23 00:00:00,signup
67,2026-02-23 10:00:00,onboarding_started
67,2026-02-23 11:00:00,onboarding_completed
68,2026-04-16 00:00:00,signup
68,2026-04-16 19:00:00,onboarding_started
69,2026-01-04 00:00:00,signup
69,2026-01-04 13:00:00,onboarding_started
69,2026-01-04 15:00:00,onboarding_completed
69,2026-01-07 15:00:00,project_created
69,2026-01-08 15:00:00,teammate_invited
69,2026-01-09 15:00:00,integration_connected
69,2026-01-10 15:00:00,report_created
70,2026-02-23 00:00:00,signup
70,2026-02-23 15:00:00,onboarding_started
70,2026-02-23 18:00:00,onboarding_completed
71,2026-05-26 00:00:00,signup
72,2026-02-13 00:00:00,signup
72,2026-02-13 16:00:00,onboarding_started
72,2026-02-13 22:00:00,onboarding_completed
72,2026-02-16 22:00:00,project_created
72,2026-02-18 22:00:00,report_created
73,2026-06-11 00:00:00,signup
73,2026-06-11 05:00:00,onboarding_started
73,2026-06-11 14:00:00,onboarding_completed
73,2026-06-12 14:00:00,project_created
73,2026-06-14 14:00:00,teammate_invited
74,2026-01-14 00:00:00,signup
74,2026-01-14 02:00:00,onboarding_started
74,2026-01-14 09:00:00,onboarding_completed
75,2026-04-05 00:00:00,signup
75,2026-04-05 19:00:00,onboarding_started
75,2026-04-05 20:00:00,onboarding_completed
75,2026-04-07 20:00:00,project_created
75,2026-04-08 20:00:00,integration_connected
75,2026-04-09 20:00:00,report_created
76,2026-02-17 00:00:00,signup
76,2026-02-17 11:00:00,onboarding_started
76,2026-02-17 16:00:00,onboarding_completed
76,2026-02-19 16:00:00,project_created
76,2026-02-19 16:00:00,teammate_invited
76,2026-02-22 16:00:00,report_created
76,2026-03-25 00:00:00,dashboard_viewed
77,2026-01-15 00:00:00,signup
77,2026-01-15 14:00:00,onboarding_started
77,2026-01-15 21:00:00,onboarding_completed
77,2026-01-15 21:00:00,project_created
77,2026-01-15 21:00:00,integration_connected
77,2026-02-15 00:00:00,dashboard_viewed
78,2026-02-09 00:00:00,signup
78,2026-02-09 07:00:00,onboarding_started
79,2026-03-23 00:00:00,signup
79,2026-03-23 19:00:00,onboarding_started
79,2026-03-23 21:00:00,onboarding_completed
80,2026-04-21 00:00:00,signup
80,2026-04-21 04:00:00,onboarding_started
80,2026-04-21 10:00:00,onboarding_completed
80,2026-04-23 10:00:00,project_created
80,2026-04-25 10:00:00,teammate_invited
80,2026-05-30 00:00:00,dashboard_viewed
81,2026-02-22 00:00:00,signup
81,2026-02-22 15:00:00,onboarding_started
82,2026-01-24 00:00:00,signup
82,2026-01-24 22:00:00,onboarding_started
82,2026-01-24 23:00:00,onboarding_completed
82,2026-01-27 23:00:00,project_created
82,2026-01-28 23:00:00,teammate_invited
82,2026-02-27 00:00:00,dashboard_viewed
83,2026-06-03 00:00:00,signup
83,2026-06-03 06:00:00,onboarding_started
83,2026-06-03 11:00:00,onboarding_completed
83,2026-06-05 11:00:00,project_created
84,2026-05-04 00:00:00,signup
84,2026-05-04 23:00:00,onboarding_started
84,2026-05-05 08:00:00,onboarding_completed
84,2026-05-06 08:00:00,project_created
84,2026-05-08 08:00:00,report_created
85,2026-02-10 00:00:00,signup
85,2026-02-10 23:00:00,onboarding_started
85,2026-02-11 04:00:00,onboarding_completed
85,2026-02-11 04:00:00,project_created
85,2026-02-12 04:00:00,report_created
85,2026-02-15 04:00:00,integration_connected
85,2026-03-16 00:00:00,dashboard_viewed
86,2026-06-06 00:00:00,signup
86,2026-06-06 05:00:00,onboarding_started
86,2026-06-06 10:00:00,onboarding_completed
86,2026-06-08 10:00:00,project_created
86,2026-06-08 10:00:00,teammate_invited
86,2026-06-10 10:00:00,integration_connected
86,2026-06-11 10:00:00,report_created
87,2026-01-15 00:00:00,signup
87,2026-01-15 04:00:00,onboarding_started
87,2026-01-15 11:00:00,onboarding_completed
87,2026-01-17 11:00:00,project_created
87,2026-01-23 11:00:00,report_created
87,2026-02-21 00:00:00,dashboard_viewed
88,2026-02-14 00:00:00,signup
88,2026-02-14 11:00:00,onboarding_started
88,2026-02-14 22:00:00,onboarding_completed
88,2026-02-14 22:00:00,project_created
88,2026-02-15 22:00:00,integration_connected
88,2026-03-19 00:00:00,dashboard_viewed
89,2026-03-06 00:00:00,signup
89,2026-03-06 03:00:00,onboarding_started
89,2026-03-06 13:00:00,onboarding_completed
90,2026-03-30 00:00:00,signup
90,2026-03-30 04:00:00,onboarding_started
90,2026-03-30 12:00:00,onboarding_completed
90,2026-04-02 12:00:00,project_created
90,2026-05-08 00:00:00,dashboard_viewed
91,2026-03-12 00:00:00,signup
91,2026-03-12 19:00:00,onboarding_started
91,2026-03-13 02:00:00,onboarding_completed
91,2026-03-13 02:00:00,project_created
91,2026-03-13 02:00:00,teammate_invited
91,2026-04-15 00:00:00,dashboard_viewed
92,2026-01-09 00:00:00,signup
92,2026-01-09 18:00:00,onboarding_started
93,2026-03-29 00:00:00,signup
93,2026-03-29 01:00:00,onboarding_started
93,2026-03-29 02:00:00,onboarding_completed
93,2026-03-31 02:00:00,project_created
94,2026-05-09 00:00:00,signup
94,2026-05-09 06:00:00,onboarding_started
95,2026-05-16 00:00:00,signup
95,2026-05-16 17:00:00,onboarding_started
95,2026-05-16 23:00:00,onboarding_completed
95,2026-05-18 23:00:00,project_created
95,2026-05-19 23:00:00,teammate_invited
95,2026-05-19 23:00:00,report_created
95,2026-06-21 00:00:00,dashboard_viewed
96,2026-03-04 00:00:00,signup
97,2026-05-19 00:00:00,signup
97,2026-05-19 13:00:00,onboarding_started
97,2026-05-19 16:00:00,onboarding_completed
97,2026-05-21 16:00:00,project_created
97,2026-05-22 16:00:00,teammate_invited
97,2026-06-23 00:00:00,dashboard_viewed
98,2026-03-22 00:00:00,signup
99,2026-05-16 00:00:00,signup
99,2026-05-16 23:00:00,onboarding_started
99,2026-05-17 10:00:00,onboarding_completed
100,2026-06-12 00:00:00,signup
100,2026-06-12 10:00:00,onboarding_started
100,2026-06-12 14:00:00,onboarding_completed
100,2026-06-15 14:00:00,project_created
100,2026-06-18 14:00:00,integration_connected
100,2026-07-20 00:00:00,dashboard_viewed
101,2026-06-12 00:00:00,signup
101,2026-06-12 11:00:00,onboarding_started
101,2026-06-12 13:00:00,onboarding_completed
101,2026-06-13 13:00:00,project_created
102,2026-02-02 00:00:00,signup
102,2026-02-02 19:00:00,onboarding_started
102,2026-02-03 00:00:00,onboarding_completed
102,2026-02-03 00:00:00,project_created
102,2026-02-07 00:00:00,report_created
102,2026-03-05 00:00:00,dashboard_viewed
103,2026-05-03 00:00:00,signup
103,2026-05-03 18:00:00,onboarding_started
104,2026-01-05 00:00:00,signup
104,2026-01-05 01:00:00,onboarding_started
104,2026-01-05 08:00:00,onboarding_completed
105,2026-02-10 00:00:00,signup
105,2026-02-10 08:00:00,onboarding_started
105,2026-02-10 16:00:00,onboarding_completed
105,2026-02-10 16:00:00,project_created
106,2026-01-28 00:00:00,signup
106,2026-01-28 13:00:00,onboarding_started
107,2026-05-15 00:00:00,signup
108,2026-03-13 00:00:00,signup
108,2026-03-13 01:00:00,onboarding_started
108,2026-03-13 03:00:00,onboarding_completed
109,2026-01-12 00:00:00,signup
109,2026-01-12 15:00:00,onboarding_started
109,2026-01-12 19:00:00,onboarding_completed
110,2026-06-11 00:00:00,signup
110,2026-06-11 15:00:00,onboarding_started
110,2026-06-11 22:00:00,onboarding_completed
111,2026-02-02 00:00:00,signup
111,2026-02-02 16:00:00,onboarding_started
111,2026-02-03 03:00:00,onboarding_completed
111,2026-02-06 03:00:00,project_created
111,2026-03-10 00:00:00,dashboard_viewed
112,2026-02-17 00:00:00,signup
112,2026-02-17 04:00:00,onboarding_started
113,2026-05-31 00:00:00,signup
113,2026-05-31 17:00:00,onboarding_started
114,2026-03-03 00:00:00,signup
114,2026-03-03 10:00:00,onboarding_started
114,2026-03-03 17:00:00,onboarding_completed
114,2026-03-03 17:00:00,project_created
115,2026-02-06 00:00:00,signup
115,2026-02-06 07:00:00,onboarding_started
116,2026-04-09 00:00:00,signup
116,2026-04-09 22:00:00,onboarding_started
116,2026-04-10 02:00:00,onboarding_completed
117,2026-06-21 00:00:00,signup
117,2026-06-21 02:00:00,onboarding_started
117,2026-06-21 07:00:00,onboarding_completed
117,2026-06-24 07:00:00,project_created
118,2026-04-14 00:00:00,signup
118,2026-04-14 05:00:00,onboarding_started
119,2026-02-04 00:00:00,signup
119,2026-02-04 03:00:00,onboarding_started
120,2026-04-11 00:00:00,signup
120,2026-04-11 03:00:00,onboarding_started
120,2026-04-11 10:00:00,onboarding_completed
120,2026-04-12 10:00:00,project_created
120,2026-04-14 10:00:00,teammate_invited
120,2026-04-16 10:00:00,report_created
121,2026-06-24 00:00:00,signup
121,2026-06-24 15:00:00,onboarding_started
121,2026-06-24 21:00:00,onboarding_completed
122,2026-05-11 00:00:00,signup
122,2026-05-11 06:00:00,onboarding_started
123,2026-01-01 00:00:00,signup
123,2026-01-01 05:00:00,onboarding_started
124,2026-01-05 00:00:00,signup
124,2026-01-05 16:00:00,onboarding_started
124,2026-01-06 03:00:00,onboarding_completed
124,2026-01-06 03:00:00,project_created
124,2026-01-11 03:00:00,report_created
125,2026-05-22 00:00:00,signup
125,2026-05-22 12:00:00,onboarding_started
125,2026-05-22 14:00:00,onboarding_completed
126,2026-04-13 00:00:00,signup
127,2026-01-27 00:00:00,signup
128,2026-05-17 00:00:00,signup
128,2026-05-17 23:00:00,onboarding_started
128,2026-05-18 03:00:00,onboarding_completed
128,2026-05-19 03:00:00,project_created
128,2026-05-21 03:00:00,report_created
128,2026-06-24 00:00:00,dashboard_viewed
129,2026-01-15 00:00:00,signup
130,2026-03-31 00:00:00,signup
130,2026-03-31 15:00:00,onboarding_started
130,2026-03-31 20:00:00,onboarding_completed
130,2026-03-31 20:00:00,project_created
130,2026-04-02 20:00:00,report_created
131,2026-02-11 00:00:00,signup
131,2026-02-11 15:00:00,onboarding_started
132,2026-05-04 00:00:00,signup
132,2026-05-04 09:00:00,onboarding_started
132,2026-05-04 18:00:00,onboarding_completed
132,2026-05-04 18:00:00,project_created
132,2026-06-03 00:00:00,dashboard_viewed
133,2026-06-28 00:00:00,signup
133,2026-06-28 19:00:00,onboarding_started
133,2026-06-28 22:00:00,onboarding_completed
133,2026-07-01 22:00:00,project_created
133,2026-07-02 22:00:00,report_created
133,2026-07-03 22:00:00,teammate_invited
133,2026-07-05 22:00:00,integration_connected
133,2026-08-07 00:00:00,dashboard_viewed
134,2026-03-04 00:00:00,signup
135,2026-04-06 00:00:00,signup
135,2026-04-06 17:00:00,onboarding_started
135,2026-04-06 18:00:00,onboarding_completed
136,2026-02-21 00:00:00,signup
136,2026-02-21 15:00:00,onboarding_started
137,2026-04-06 00:00:00,signup
137,2026-04-06 15:00:00,onboarding_started
137,2026-04-06 17:00:00,onboarding_completed
137,2026-04-08 17:00:00,project_created
137,2026-04-08 17:00:00,integration_connected
138,2026-05-12 00:00:00,signup
138,2026-05-12 05:00:00,onboarding_started
138,2026-05-12 06:00:00,onboarding_completed
139,2026-05-31 00:00:00,signup
139,2026-05-31 09:00:00,onboarding_started
139,2026-05-31 16:00:00,onboarding_completed
139,2026-06-01 16:00:00,project_created
139,2026-06-02 16:00:00,report_created
139,2026-06-05 16:00:00,integration_connected
139,2026-07-10 00:00:00,dashboard_viewed
140,2026-05-23 00:00:00,signup
140,2026-05-23 05:00:00,onboarding_started
140,2026-05-23 15:00:00,onboarding_completed
141,2026-06-20 00:00:00,signup
142,2026-01-29 00:00:00,signup
142,2026-01-29 10:00:00,onboarding_started
142,2026-01-29 13:00:00,onboarding_completed
142,2026-01-30 13:00:00,project_created
142,2026-02-03 13:00:00,integration_connected
142,2026-02-28 00:00:00,dashboard_viewed
143,2026-02-05 00:00:00,signup
143,2026-02-05 09:00:00,onboarding_started
143,2026-02-05 13:00:00,onboarding_completed
144,2026-01-13 00:00:00,signup
144,2026-01-13 07:00:00,onboarding_started
145,2026-06-09 00:00:00,signup
145,2026-06-09 01:00:00,onboarding_started
145,2026-06-09 04:00:00,onboarding_completed
145,2026-06-12 04:00:00,project_created
145,2026-06-14 04:00:00,report_created
146,2026-03-12 00:00:00,signup
146,2026-03-12 10:00:00,onboarding_started
147,2026-03-27 00:00:00,signup
147,2026-03-27 04:00:00,onboarding_started
148,2026-01-28 00:00:00,signup
148,2026-01-28 23:00:00,onboarding_started
149,2026-03-07 00:00:00,signup
149,2026-03-07 14:00:00,onboarding_started
150,2026-06-19 00:00:00,signup
151,2026-02-14 00:00:00,signup
151,2026-02-14 02:00:00,onboarding_started
151,2026-02-14 09:00:00,onboarding_completed
151,2026-02-14 09:00:00,project_created
151,2026-02-15 09:00:00,report_created
151,2026-03-20 00:00:00,dashboard_viewed
152,2026-03-03 00:00:00,signup
152,2026-03-03 03:00:00,onboarding_started
152,2026-03-03 07:00:00,onboarding_completed
152,2026-03-05 07:00:00,project_created
153,2026-05-14 00:00:00,signup
153,2026-05-14 06:00:00,onboarding_started
153,2026-05-14 13:00:00,onboarding_completed
153,2026-05-15 13:00:00,project_created
153,2026-05-20 13:00:00,report_created
154,2026-01-28 00:00:00,signup
154,2026-01-28 04:00:00,onboarding_started
155,2026-01-28 00:00:00,signup
155,2026-01-28 07:00:00,onboarding_started
155,2026-01-28 15:00:00,onboarding_completed
155,2026-01-29 15:00:00,project_created
155,2026-02-01 15:00:00,report_created
156,2026-04-18 00:00:00,signup
156,2026-04-18 13:00:00,onboarding_started
156,2026-04-18 14:00:00,onboarding_completed
157,2026-02-13 00:00:00,signup
157,2026-02-13 17:00:00,onboarding_started
158,2026-03-25 00:00:00,signup
158,2026-03-25 02:00:00,onboarding_started
158,2026-03-25 13:00:00,onboarding_completed
158,2026-03-27 13:00:00,project_created
158,2026-04-01 13:00:00,report_created
159,2026-01-30 00:00:00,signup
160,2026-03-16 00:00:00,signup
160,2026-03-16 18:00:00,onboarding_started
160,2026-03-16 23:00:00,onboarding_completed
161,2026-05-08 00:00:00,signup
162,2026-04-02 00:00:00,signup
162,2026-04-02 17:00:00,onboarding_started
162,2026-04-03 03:00:00,onboarding_completed
162,2026-04-05 03:00:00,project_created
162,2026-04-06 03:00:00,report_created
162,2026-04-07 03:00:00,integration_connected
163,2026-05-09 00:00:00,signup
163,2026-05-09 23:00:00,onboarding_started
163,2026-05-10 08:00:00,onboarding_completed
163,2026-05-11 08:00:00,project_created
163,2026-05-12 08:00:00,teammate_invited
163,2026-05-14 08:00:00,integration_connected
163,2026-06-18 00:00:00,dashboard_viewed
164,2026-05-01 00:00:00,signup
164,2026-05-01 06:00:00,onboarding_started
164,2026-05-01 07:00:00,onboarding_completed
164,2026-05-02 07:00:00,project_created
164,2026-05-02 07:00:00,integration_connected
165,2026-01-27 00:00:00,signup
165,2026-01-27 16:00:00,onboarding_started
165,2026-01-28 02:00:00,onboarding_completed
166,2026-05-01 00:00:00,signup
166,2026-05-01 04:00:00,onboarding_started
167,2026-04-26 00:00:00,signup
167,2026-04-26 21:00:00,onboarding_started
167,2026-04-27 07:00:00,onboarding_completed
167,2026-04-27 07:00:00,project_created
167,2026-04-28 07:00:00,teammate_invited
167,2026-04-28 07:00:00,report_created
167,2026-06-03 00:00:00,dashboard_viewed
168,2026-01-03 00:00:00,signup
168,2026-01-03 07:00:00,onboarding_started
169,2026-04-13 00:00:00,signup
169,2026-04-13 11:00:00,onboarding_started
169,2026-04-13 14:00:00,onboarding_completed
169,2026-04-16 14:00:00,project_created
169,2026-04-17 14:00:00,integration_connected
169,2026-04-21 14:00:00,report_created
169,2026-05-20 00:00:00,dashboard_viewed
170,2026-06-04 00:00:00,signup
170,2026-06-04 18:00:00,onboarding_started
171,2026-05-17 00:00:00,signup
171,2026-05-17 08:00:00,onboarding_started
171,2026-05-17 10:00:00,onboarding_completed
171,2026-05-18 10:00:00,project_created
171,2026-05-20 10:00:00,integration_connected
172,2026-03-03 00:00:00,signup
172,2026-03-03 12:00:00,onboarding_started
172,2026-03-03 22:00:00,onboarding_completed
173,2026-06-14 00:00:00,signup
173,2026-06-14 07:00:00,onboarding_started
173,2026-06-14 09:00:00,onboarding_completed
173,2026-06-16 09:00:00,project_created
173,2026-06-17 09:00:00,teammate_invited
174,2026-02-20 00:00:00,signup
174,2026-02-20 17:00:00,onboarding_started
174,2026-02-21 03:00:00,onboarding_completed
175,2026-06-21 00:00:00,signup
175,2026-06-21 20:00:00,onboarding_started
175,2026-06-22 00:00:00,onboarding_completed
176,2026-06-01 00:00:00,signup
176,2026-06-01 15:00:00,onboarding_started
177,2026-02-28 00:00:00,signup
177,2026-02-28 12:00:00,onboarding_started
177,2026-02-28 14:00:00,onboarding_completed
178,2026-04-28 00:00:00,signup
178,2026-04-28 03:00:00,onboarding_started
178,2026-04-28 12:00:00,onboarding_completed
179,2026-06-09 00:00:00,signup
179,2026-06-09 19:00:00,onboarding_started
179,2026-06-10 03:00:00,onboarding_completed
179,2026-06-12 03:00:00,project_created
179,2026-06-13 03:00:00,teammate_invited
179,2026-06-13 03:00:00,integration_connected
179,2026-06-14 03:00:00,report_created
180,2026-04-06 00:00:00,signup
180,2026-04-06 07:00:00,onboarding_started
181,2026-06-29 00:00:00,signup
181,2026-06-29 08:00:00,onboarding_started
181,2026-06-29 11:00:00,onboarding_completed
181,2026-07-01 11:00:00,project_created
181,2026-07-03 11:00:00,report_created
182,2026-04-23 00:00:00,signup
182,2026-04-23 16:00:00,onboarding_started
182,2026-04-23 18:00:00,onboarding_completed
182,2026-04-24 18:00:00,project_created
182,2026-04-28 18:00:00,integration_connected
182,2026-04-29 18:00:00,report_created
183,2026-03-03 00:00:00,signup
183,2026-03-03 06:00:00,onboarding_started
184,2026-02-21 00:00:00,signup
184,2026-02-21 10:00:00,onboarding_started
184,2026-02-21 19:00:00,onboarding_completed
184,2026-02-24 19:00:00,project_created
184,2026-02-26 19:00:00,teammate_invited
184,2026-04-02 00:00:00,dashboard_viewed
185,2026-01-12 00:00:00,signup
185,2026-01-12 16:00:00,onboarding_started
186,2026-02-08 00:00:00,signup
186,2026-02-08 14:00:00,onboarding_started
186,2026-02-08 16:00:00,onboarding_completed
186,2026-02-09 16:00:00,project_created
186,2026-02-10 16:00:00,report_created
187,2026-05-10 00:00:00,signup
187,2026-05-10 16:00:00,onboarding_started
187,2026-05-10 23:00:00,onboarding_completed
187,2026-05-10 23:00:00,project_created
187,2026-05-11 23:00:00,report_created
188,2026-05-11 00:00:00,signup
188,2026-05-11 04:00:00,onboarding_started
188,2026-05-11 07:00:00,onboarding_completed
188,2026-05-11 07:00:00,project_created
188,2026-05-12 07:00:00,report_created
189,2026-04-23 00:00:00,signup
190,2026-04-11 00:00:00,signup
190,2026-04-11 09:00:00,onboarding_started
190,2026-04-11 10:00:00,onboarding_completed
190,2026-04-14 10:00:00,project_created
190,2026-04-16 10:00:00,teammate_invited
190,2026-04-16 10:00:00,integration_connected
190,2026-04-18 10:00:00,report_created
191,2026-04-23 00:00:00,signup
191,2026-04-23 07:00:00,onboarding_started
191,2026-04-23 14:00:00,onboarding_completed
192,2026-03-22 00:00:00,signup
192,2026-03-22 21:00:00,onboarding_started
192,2026-03-23 07:00:00,onboarding_completed
192,2026-03-23 07:00:00,project_created
192,2026-03-28 07:00:00,report_created
193,2026-04-23 00:00:00,signup
193,2026-04-23 17:00:00,onboarding_started
194,2026-01-02 00:00:00,signup
194,2026-01-02 20:00:00,onboarding_started
194,2026-01-02 21:00:00,onboarding_completed
195,2026-05-10 00:00:00,signup
195,2026-05-10 15:00:00,onboarding_started
195,2026-05-10 22:00:00,onboarding_completed
195,2026-05-11 22:00:00,project_created
196,2026-02-23 00:00:00,signup
196,2026-02-23 12:00:00,onboarding_started
196,2026-02-23 19:00:00,onboarding_completed
197,2026-03-28 00:00:00,signup
197,2026-03-28 06:00:00,onboarding_started
197,2026-03-28 14:00:00,onboarding_completed
197,2026-03-29 14:00:00,project_created
197,2026-03-30 14:00:00,teammate_invited
197,2026-04-02 14:00:00,report_created
198,2026-05-09 00:00:00,signup
198,2026-05-09 06:00:00,onboarding_started
198,2026-05-09 11:00:00,onboarding_completed
198,2026-05-10 11:00:00,project_created
198,2026-05-10 11:00:00,teammate_invited
198,2026-05-10 11:00:00,integration_connected
199,2026-05-27 00:00:00,signup
199,2026-05-27 06:00:00,onboarding_started
199,2026-05-27 12:00:00,onboarding_completed
199,2026-05-29 12:00:00,project_created
199,2026-06-02 12:00:00,report_created
199,2026-06-30 00:00:00,dashboard_viewed
200,2026-05-06 00:00:00,signup
200,2026-05-06 14:00:00,onboarding_started
200,2026-05-06 23:00:00,onboarding_completed
200,2026-05-06 23:00:00,project_created
200,2026-05-07 23:00:00,integration_connected
201,2026-05-10 00:00:00,signup
201,2026-05-10 06:00:00,onboarding_started
202,2026-02-22 00:00:00,signup
202,2026-02-22 14:00:00,onboarding_started
202,2026-02-22 21:00:00,onboarding_completed
202,2026-02-25 21:00:00,project_created
202,2026-03-01 21:00:00,report_created
202,2026-03-27 00:00:00,dashboard_viewed
203,2026-06-21 00:00:00,signup
203,2026-06-21 04:00:00,onboarding_started
203,2026-06-21 11:00:00,onboarding_completed
203,2026-06-22 11:00:00,project_created
203,2026-06-23 11:00:00,teammate_invited
203,2026-06-25 11:00:00,report_created
204,2026-06-09 00:00:00,signup
204,2026-06-09 10:00:00,onboarding_started
204,2026-06-09 18:00:00,onboarding_completed
204,2026-06-11 18:00:00,project_created
204,2026-06-11 18:00:00,integration_connected
204,2026-06-16 18:00:00,report_created
205,2026-06-09 00:00:00,signup
205,2026-06-09 17:00:00,onboarding_started
205,2026-06-09 22:00:00,onboarding_completed
205,2026-06-09 22:00:00,project_created
205,2026-06-11 22:00:00,teammate_invited
205,2026-06-12 22:00:00,integration_connected
205,2026-06-13 22:00:00,report_created
205,2026-07-18 00:00:00,dashboard_viewed
206,2026-03-09 00:00:00,signup
206,2026-03-09 19:00:00,onboarding_started
206,2026-03-09 23:00:00,onboarding_completed
206,2026-03-10 23:00:00,project_created
206,2026-03-10 23:00:00,teammate_invited
206,2026-03-14 23:00:00,report_created
206,2026-04-10 00:00:00,dashboard_viewed
207,2026-05-03 00:00:00,signup
207,2026-05-03 21:00:00,onboarding_started
207,2026-05-04 02:00:00,onboarding_completed
207,2026-05-06 02:00:00,project_created
207,2026-05-07 02:00:00,teammate_invited
207,2026-05-08 02:00:00,report_created
208,2026-05-25 00:00:00,signup
208,2026-05-25 07:00:00,onboarding_started
209,2026-02-07 00:00:00,signup
209,2026-02-07 02:00:00,onboarding_started
209,2026-02-07 12:00:00,onboarding_completed
209,2026-02-07 12:00:00,project_created
209,2026-02-13 12:00:00,report_created
210,2026-01-24 00:00:00,signup
210,2026-01-24 17:00:00,onboarding_started
210,2026-01-24 18:00:00,onboarding_completed
210,2026-01-27 18:00:00,project_created
210,2026-01-29 18:00:00,report_created
210,2026-02-28 00:00:00,dashboard_viewed
211,2026-03-10 00:00:00,signup
211,2026-03-10 19:00:00,onboarding_started
211,2026-03-10 22:00:00,onboarding_completed
211,2026-03-12 22:00:00,project_created
211,2026-04-09 00:00:00,dashboard_viewed
212,2026-04-26 00:00:00,signup
212,2026-04-26 09:00:00,onboarding_started
212,2026-04-26 11:00:00,onboarding_completed
212,2026-04-27 11:00:00,project_created
212,2026-05-01 11:00:00,integration_connected
212,2026-05-02 11:00:00,report_created
213,2026-04-08 00:00:00,signup
213,2026-04-08 19:00:00,onboarding_started
213,2026-04-09 01:00:00,onboarding_completed
213,2026-04-10 01:00:00,project_created
213,2026-04-14 01:00:00,report_created
214,2026-05-19 00:00:00,signup
214,2026-05-19 06:00:00,onboarding_started
214,2026-05-19 17:00:00,onboarding_completed
215,2026-05-24 00:00:00,signup
215,2026-05-24 04:00:00,onboarding_started
215,2026-05-24 10:00:00,onboarding_completed
216,2026-04-07 00:00:00,signup
216,2026-04-07 11:00:00,onboarding_started
216,2026-04-07 14:00:00,onboarding_completed
216,2026-04-09 14:00:00,project_created
216,2026-04-11 14:00:00,teammate_invited
216,2026-05-07 00:00:00,dashboard_viewed
217,2026-05-04 00:00:00,signup
217,2026-05-04 04:00:00,onboarding_started
217,2026-05-04 15:00:00,onboarding_completed
217,2026-05-05 15:00:00,project_created
218,2026-03-11 00:00:00,signup
218,2026-03-11 07:00:00,onboarding_started
218,2026-03-11 08:00:00,onboarding_completed
218,2026-03-11 08:00:00,project_created
219,2026-04-03 00:00:00,signup
220,2026-01-03 00:00:00,signup
220,2026-01-03 13:00:00,onboarding_started
221,2026-05-28 00:00:00,signup
221,2026-05-28 08:00:00,onboarding_started
221,2026-05-28 13:00:00,onboarding_completed
221,2026-05-30 13:00:00,project_created
221,2026-05-31 13:00:00,report_created
222,2026-06-13 00:00:00,signup
222,2026-06-13 15:00:00,onboarding_started
222,2026-06-13 17:00:00,onboarding_completed
223,2026-05-27 00:00:00,signup
223,2026-05-27 21:00:00,onboarding_started
223,2026-05-28 06:00:00,onboarding_completed
223,2026-05-29 06:00:00,project_created
223,2026-05-30 06:00:00,integration_connected
223,2026-06-04 06:00:00,report_created
224,2026-03-31 00:00:00,signup
224,2026-03-31 11:00:00,onboarding_started
225,2026-05-27 00:00:00,signup
225,2026-05-27 14:00:00,onboarding_started
225,2026-05-27 16:00:00,onboarding_completed
225,2026-05-27 16:00:00,project_created
225,2026-05-31 16:00:00,integration_connected
226,2026-05-28 00:00:00,signup
226,2026-05-28 01:00:00,onboarding_started
226,2026-05-28 03:00:00,onboarding_completed
227,2026-04-06 00:00:00,signup
227,2026-04-06 10:00:00,onboarding_started
227,2026-04-06 13:00:00,onboarding_completed
227,2026-04-07 13:00:00,project_created
227,2026-04-09 13:00:00,integration_connected
227,2026-04-10 13:00:00,report_created
227,2026-05-06 00:00:00,dashboard_viewed
228,2026-02-21 00:00:00,signup
228,2026-02-21 04:00:00,onboarding_started
228,2026-02-21 15:00:00,onboarding_completed
228,2026-02-24 15:00:00,project_created
228,2026-02-24 15:00:00,teammate_invited
228,2026-02-26 15:00:00,report_created
228,2026-03-30 00:00:00,dashboard_viewed
229,2026-06-10 00:00:00,signup
229,2026-06-10 04:00:00,onboarding_started
229,2026-06-10 09:00:00,onboarding_completed
230,2026-06-17 00:00:00,signup
230,2026-06-17 15:00:00,onboarding_started
231,2026-05-08 00:00:00,signup
231,2026-05-08 11:00:00,onboarding_started
232,2026-02-08 00:00:00,signup
232,2026-02-08 22:00:00,onboarding_started
232,2026-02-09 04:00:00,onboarding_completed
232,2026-02-10 04:00:00,project_created
232,2026-02-11 04:00:00,teammate_invited
232,2026-03-13 00:00:00,dashboard_viewed
233,2026-03-23 00:00:00,signup
233,2026-03-23 13:00:00,onboarding_started
233,2026-03-23 20:00:00,onboarding_completed
234,2026-04-14 00:00:00,signup
234,2026-04-14 07:00:00,onboarding_started
235,2026-05-09 00:00:00,signup
235,2026-05-09 05:00:00,onboarding_started
235,2026-05-09 16:00:00,onboarding_completed
236,2026-01-11 00:00:00,signup
236,2026-01-11 13:00:00,onboarding_started
236,2026-01-11 19:00:00,onboarding_completed
236,2026-01-13 19:00:00,project_created
236,2026-01-13 19:00:00,teammate_invited
236,2026-02-17 00:00:00,dashboard_viewed
237,2026-06-27 00:00:00,signup
237,2026-06-27 04:00:00,onboarding_started
237,2026-06-27 06:00:00,onboarding_completed
238,2026-05-31 00:00:00,signup
238,2026-05-31 21:00:00,onboarding_started
239,2026-06-08 00:00:00,signup
240,2026-02-11 00:00:00,signup
240,2026-02-11 13:00:00,onboarding_started
240,2026-02-11 17:00:00,onboarding_completed
240,2026-02-12 17:00:00,project_created
240,2026-02-14 17:00:00,report_created
241,2026-04-09 00:00:00,signup
242,2026-01-07 00:00:00,signup
242,2026-01-07 06:00:00,onboarding_started
242,2026-01-07 14:00:00,onboarding_completed
242,2026-01-10 14:00:00,project_created
242,2026-01-12 14:00:00,teammate_invited
243,2026-05-24 00:00:00,signup
243,2026-05-24 14:00:00,onboarding_started
243,2026-05-24 20:00:00,onboarding_completed
244,2026-03-31 00:00:00,signup
244,2026-03-31 13:00:00,onboarding_started
244,2026-04-01 00:00:00,onboarding_completed
244,2026-04-03 00:00:00,project_created
245,2026-04-22 00:00:00,signup
245,2026-04-22 02:00:00,onboarding_started
245,2026-04-22 05:00:00,onboarding_completed
245,2026-04-25 05:00:00,project_created
245,2026-05-01 05:00:00,report_created
246,2026-03-01 00:00:00,signup
246,2026-03-01 23:00:00,onboarding_started
247,2026-04-23 00:00:00,signup
248,2026-01-02 00:00:00,signup
248,2026-01-02 22:00:00,onboarding_started
248,2026-01-03 06:00:00,onboarding_completed
248,2026-01-05 06:00:00,project_created
248,2026-01-07 06:00:00,teammate_invited
248,2026-01-10 06:00:00,report_created
248,2026-02-03 00:00:00,dashboard_viewed
249,2026-05-09 00:00:00,signup
249,2026-05-09 19:00:00,onboarding_started
249,2026-05-10 01:00:00,onboarding_completed
249,2026-05-13 01:00:00,project_created
249,2026-05-14 01:00:00,teammate_invited
249,2026-05-14 01:00:00,report_created
250,2026-02-17 00:00:00,signup
250,2026-02-17 08:00:00,onboarding_started
250,2026-02-17 17:00:00,onboarding_completed
250,2026-02-19 17:00:00,project_created
250,2026-02-20 17:00:00,teammate_invited
251,2026-05-20 00:00:00,signup
252,2026-02-06 00:00:00,signup
253,2026-06-09 00:00:00,signup
254,2026-01-09 00:00:00,signup
254,2026-01-09 21:00:00,onboarding_started
254,2026-01-09 23:00:00,onboarding_completed
254,2026-01-12 23:00:00,project_created
254,2026-01-17 23:00:00,report_created
255,2026-04-09 00:00:00,signup
255,2026-04-09 11:00:00,onboarding_started
255,2026-04-09 17:00:00,onboarding_completed
255,2026-04-09 17:00:00,project_created
255,2026-04-12 17:00:00,integration_connected
256,2026-05-27 00:00:00,signup
256,2026-05-27 01:00:00,onboarding_started
257,2026-02-17 00:00:00,signup
257,2026-02-17 06:00:00,onboarding_started
257,2026-02-17 14:00:00,onboarding_completed
257,2026-02-17 14:00:00,project_created
257,2026-02-19 14:00:00,teammate_invited
258,2026-05-11 00:00:00,signup
259,2026-05-28 00:00:00,signup
259,2026-05-28 06:00:00,onboarding_started
259,2026-05-28 09:00:00,onboarding_completed
259,2026-05-28 09:00:00,project_created
259,2026-06-03 09:00:00,report_created
259,2026-06-28 00:00:00,dashboard_viewed
260,2026-06-01 00:00:00,signup
260,2026-06-01 09:00:00,onboarding_started
260,2026-06-01 11:00:00,onboarding_completed
261,2026-02-23 00:00:00,signup
261,2026-02-23 04:00:00,onboarding_started
261,2026-02-23 06:00:00,onboarding_completed
262,2026-04-30 00:00:00,signup
262,2026-04-30 08:00:00,onboarding_started
262,2026-04-30 16:00:00,onboarding_completed
263,2026-06-10 00:00:00,signup
263,2026-06-10 20:00:00,onboarding_started
263,2026-06-10 23:00:00,onboarding_completed
264,2026-06-01 00:00:00,signup
265,2026-04-26 00:00:00,signup
265,2026-04-26 09:00:00,onboarding_started
266,2026-03-16 00:00:00,signup
267,2026-04-23 00:00:00,signup
267,2026-04-23 15:00:00,onboarding_started
267,2026-04-24 02:00:00,onboarding_completed
267,2026-04-27 02:00:00,project_created
267,2026-04-29 02:00:00,report_created
268,2026-06-13 00:00:00,signup
268,2026-06-13 22:00:00,onboarding_started
268,2026-06-14 03:00:00,onboarding_completed
269,2026-06-15 00:00:00,signup
269,2026-06-15 05:00:00,onboarding_started
270,2026-04-14 00:00:00,signup
270,2026-04-14 22:00:00,onboarding_started
270,2026-04-15 01:00:00,onboarding_completed
270,2026-04-18 01:00:00,project_created
270,2026-04-19 01:00:00,integration_connected
270,2026-04-20 01:00:00,report_created
271,2026-03-25 00:00:00,signup
271,2026-03-25 03:00:00,onboarding_started
271,2026-03-25 14:00:00,onboarding_completed
271,2026-03-27 14:00:00,project_created
272,2026-04-22 00:00:00,signup
273,2026-04-09 00:00:00,signup
274,2026-06-02 00:00:00,signup
274,2026-06-02 13:00:00,onboarding_started
275,2026-04-03 00:00:00,signup
275,2026-04-03 02:00:00,onboarding_started
275,2026-04-03 11:00:00,onboarding_completed
275,2026-04-05 11:00:00,project_created
275,2026-04-11 11:00:00,report_created
275,2026-05-13 00:00:00,dashboard_viewed
276,2026-05-26 00:00:00,signup
276,2026-05-26 03:00:00,onboarding_started
276,2026-05-26 11:00:00,onboarding_completed
276,2026-05-28 11:00:00,project_created
276,2026-06-01 11:00:00,report_created
277,2026-05-08 00:00:00,signup
277,2026-05-08 03:00:00,onboarding_started
277,2026-05-08 11:00:00,onboarding_completed
277,2026-05-08 11:00:00,project_created
277,2026-05-10 11:00:00,teammate_invited
277,2026-05-14 11:00:00,report_created
277,2026-06-13 00:00:00,dashboard_viewed
278,2026-04-20 00:00:00,signup
278,2026-04-20 18:00:00,onboarding_started
278,2026-04-21 05:00:00,onboarding_completed
279,2026-03-23 00:00:00,signup
279,2026-03-23 16:00:00,onboarding_started
279,2026-03-23 19:00:00,onboarding_completed
279,2026-03-26 19:00:00,project_created
279,2026-03-26 19:00:00,teammate_invited
279,2026-03-29 19:00:00,integration_connected
279,2026-05-02 00:00:00,dashboard_viewed
280,2026-02-23 00:00:00,signup
280,2026-02-23 02:00:00,onboarding_started
280,2026-02-23 09:00:00,onboarding_completed
280,2026-02-26 09:00:00,project_created
280,2026-02-27 09:00:00,teammate_invited
281,2026-06-12 00:00:00,signup
281,2026-06-12 05:00:00,onboarding_started
282,2026-06-18 00:00:00,signup
282,2026-06-18 07:00:00,onboarding_started
282,2026-06-18 15:00:00,onboarding_completed
282,2026-06-19 15:00:00,project_created
282,2026-06-22 15:00:00,integration_connected
283,2026-06-10 00:00:00,signup
283,2026-06-10 19:00:00,onboarding_started
283,2026-06-11 06:00:00,onboarding_completed
284,2026-03-09 00:00:00,signup
284,2026-03-09 04:00:00,onboarding_started
284,2026-03-09 13:00:00,onboarding_completed
284,2026-03-10 13:00:00,project_created
284,2026-04-15 00:00:00,dashboard_viewed
285,2026-02-02 00:00:00,signup
285,2026-02-02 06:00:00,onboarding_started
285,2026-02-02 15:00:00,onboarding_completed
286,2026-05-22 00:00:00,signup
286,2026-05-22 20:00:00,onboarding_started
286,2026-05-23 00:00:00,onboarding_completed
286,2026-05-23 00:00:00,project_created
286,2026-05-25 00:00:00,teammate_invited
286,2026-05-29 00:00:00,report_created
287,2026-01-21 00:00:00,signup
288,2026-02-17 00:00:00,signup
288,2026-02-17 23:00:00,onboarding_started
288,2026-02-18 01:00:00,onboarding_completed
288,2026-02-19 01:00:00,project_created
288,2026-02-20 01:00:00,teammate_invited
288,2026-02-22 01:00:00,integration_connected
289,2026-05-28 00:00:00,signup
289,2026-05-28 10:00:00,onboarding_started
289,2026-05-28 15:00:00,onboarding_completed
289,2026-05-28 15:00:00,project_created
289,2026-06-01 15:00:00,integration_connected
290,2026-05-08 00:00:00,signup
290,2026-05-08 09:00:00,onboarding_started
290,2026-05-08 13:00:00,onboarding_completed
291,2026-05-16 00:00:00,signup
291,2026-05-16 23:00:00,onboarding_started
291,2026-05-17 01:00:00,onboarding_completed
292,2026-05-15 00:00:00,signup
292,2026-05-15 05:00:00,onboarding_started
293,2026-05-25 00:00:00,signup
293,2026-05-25 15:00:00,onboarding_started
294,2026-05-08 00:00:00,signup
294,2026-05-08 21:00:00,onboarding_started
295,2026-02-02 00:00:00,signup
295,2026-02-02 12:00:00,onboarding_started
295,2026-02-02 17:00:00,onboarding_completed
295,2026-02-04 17:00:00,project_created
295,2026-02-06 17:00:00,teammate_invited
295,2026-03-10 00:00:00,dashboard_viewed
296,2026-06-25 00:00:00,signup
296,2026-06-25 03:00:00,onboarding_started
296,2026-06-25 09:00:00,onboarding_completed
297,2026-04-25 00:00:00,signup
297,2026-04-25 01:00:00,onboarding_started
298,2026-04-29 00:00:00,signup
298,2026-04-29 20:00:00,onboarding_started
298,2026-04-30 06:00:00,onboarding_completed
299,2026-01-22 00:00:00,signup
299,2026-01-22 13:00:00,onboarding_started
299,2026-01-22 17:00:00,onboarding_completed
300,2026-06-07 00:00:00,signup
300,2026-06-07 05:00:00,onboarding_started
300,2026-06-07 16:00:00,onboarding_completed
300,2026-06-09 16:00:00,project_created
300,2026-06-14 16:00:00,report_created
301,2026-02-07 00:00:00,signup
301,2026-02-07 07:00:00,onboarding_started
301,2026-02-07 09:00:00,onboarding_completed
302,2026-04-19 00:00:00,signup
303,2026-02-20 00:00:00,signup
303,2026-02-20 08:00:00,onboarding_started
303,2026-02-20 10:00:00,onboarding_completed
303,2026-02-20 10:00:00,project_created
303,2026-02-22 10:00:00,teammate_invited
303,2026-02-24 10:00:00,report_created
303,2026-03-22 00:00:00,dashboard_viewed
304,2026-01-08 00:00:00,signup
304,2026-01-08 08:00:00,onboarding_started
304,2026-01-08 17:00:00,onboarding_completed
304,2026-01-10 17:00:00,project_created
304,2026-01-13 17:00:00,report_created
305,2026-01-27 00:00:00,signup
305,2026-01-27 20:00:00,onboarding_started
305,2026-01-28 03:00:00,onboarding_completed
306,2026-01-27 00:00:00,signup
306,2026-01-27 04:00:00,onboarding_started
306,2026-01-27 11:00:00,onboarding_completed
306,2026-01-27 11:00:00,project_created
306,2026-01-28 11:00:00,teammate_invited
306,2026-02-01 11:00:00,report_created
307,2026-01-21 00:00:00,signup
308,2026-01-30 00:00:00,signup
308,2026-01-30 06:00:00,onboarding_started
308,2026-01-30 17:00:00,onboarding_completed
308,2026-02-02 17:00:00,project_created
308,2026-02-04 17:00:00,teammate_invited
308,2026-02-05 17:00:00,integration_connected
308,2026-03-03 00:00:00,dashboard_viewed
309,2026-04-07 00:00:00,signup
309,2026-04-07 22:00:00,onboarding_started
309,2026-04-08 02:00:00,onboarding_completed
309,2026-04-11 02:00:00,project_created
309,2026-04-13 02:00:00,teammate_invited
310,2026-01-28 00:00:00,signup
310,2026-01-28 10:00:00,onboarding_started
310,2026-01-28 18:00:00,onboarding_completed
311,2026-04-21 00:00:00,signup
311,2026-04-21 20:00:00,onboarding_started
312,2026-03-02 00:00:00,signup
312,2026-03-02 16:00:00,onboarding_started
312,2026-03-02 23:00:00,onboarding_completed
312,2026-03-05 23:00:00,project_created
312,2026-03-06 23:00:00,teammate_invited
312,2026-03-11 23:00:00,report_created
312,2026-04-07 00:00:00,dashboard_viewed
313,2026-02-17 00:00:00,signup
313,2026-02-17 18:00:00,onboarding_started
313,2026-02-17 20:00:00,onboarding_completed
313,2026-02-18 20:00:00,project_created
313,2026-02-19 20:00:00,report_created
313,2026-03-20 00:00:00,dashboard_viewed
314,2026-05-27 00:00:00,signup
314,2026-05-27 05:00:00,onboarding_started
314,2026-05-27 15:00:00,onboarding_completed
314,2026-05-29 15:00:00,project_created
314,2026-06-02 15:00:00,report_created
315,2026-01-04 00:00:00,signup
315,2026-01-04 23:00:00,onboarding_started
315,2026-01-05 07:00:00,onboarding_completed
315,2026-01-06 07:00:00,project_created
315,2026-01-06 07:00:00,integration_connected
315,2026-01-12 07:00:00,report_created
315,2026-02-13 00:00:00,dashboard_viewed
316,2026-02-04 00:00:00,signup
316,2026-02-04 17:00:00,onboarding_started
317,2026-02-18 00:00:00,signup
318,2026-01-17 00:00:00,signup
318,2026-01-17 19:00:00,onboarding_started
318,2026-01-18 05:00:00,onboarding_completed
319,2026-06-21 00:00:00,signup
319,2026-06-21 05:00:00,onboarding_started
319,2026-06-21 11:00:00,onboarding_completed
319,2026-06-22 11:00:00,project_created
320,2026-06-07 00:00:00,signup
320,2026-06-07 17:00:00,onboarding_started
321,2026-02-15 00:00:00,signup
321,2026-02-15 17:00:00,onboarding_started
321,2026-02-15 23:00:00,onboarding_completed
321,2026-02-18 23:00:00,project_created
321,2026-02-19 23:00:00,teammate_invited
322,2026-04-27 00:00:00,signup
322,2026-04-27 11:00:00,onboarding_started
322,2026-04-27 16:00:00,onboarding_completed
323,2026-01-06 00:00:00,signup
323,2026-01-06 15:00:00,onboarding_started
323,2026-01-06 19:00:00,onboarding_completed
323,2026-01-09 19:00:00,project_created
323,2026-01-10 19:00:00,teammate_invited
323,2026-01-15 19:00:00,report_created
323,2026-02-11 00:00:00,dashboard_viewed
324,2026-04-09 00:00:00,signup
324,2026-04-09 14:00:00,onboarding_started
324,2026-04-09 20:00:00,onboarding_completed
324,2026-04-12 20:00:00,project_created
324,2026-04-12 20:00:00,teammate_invited
325,2026-05-04 00:00:00,signup
325,2026-05-04 02:00:00,onboarding_started
325,2026-05-04 04:00:00,onboarding_completed
325,2026-05-05 04:00:00,project_created
325,2026-05-09 04:00:00,integration_connected
326,2026-02-06 00:00:00,signup
326,2026-02-06 16:00:00,onboarding_started
326,2026-02-07 01:00:00,onboarding_completed
326,2026-02-10 01:00:00,project_created
326,2026-03-16 00:00:00,dashboard_viewed
327,2026-01-24 00:00:00,signup
327,2026-01-24 15:00:00,onboarding_started
327,2026-01-24 23:00:00,onboarding_completed
328,2026-04-03 00:00:00,signup
328,2026-04-03 04:00:00,onboarding_started
328,2026-04-03 15:00:00,onboarding_completed
328,2026-04-04 15:00:00,project_created
328,2026-04-08 15:00:00,integration_connected
328,2026-05-10 00:00:00,dashboard_viewed
329,2026-02-15 00:00:00,signup
329,2026-02-15 05:00:00,onboarding_started
329,2026-02-15 10:00:00,onboarding_completed
329,2026-02-15 10:00:00,project_created
329,2026-02-17 10:00:00,teammate_invited
329,2026-03-24 00:00:00,dashboard_viewed
330,2026-06-30 00:00:00,signup
331,2026-04-05 00:00:00,signup
332,2026-04-09 00:00:00,signup
332,2026-04-09 10:00:00,onboarding_started
332,2026-04-09 12:00:00,onboarding_completed
332,2026-04-09 12:00:00,project_created
332,2026-05-17 00:00:00,dashboard_viewed
333,2026-04-26 00:00:00,signup
333,2026-04-26 15:00:00,onboarding_started
333,2026-04-26 19:00:00,onboarding_completed
333,2026-04-28 19:00:00,project_created
334,2026-06-09 00:00:00,signup
334,2026-06-09 20:00:00,onboarding_started
334,2026-06-09 21:00:00,onboarding_completed
334,2026-06-11 21:00:00,project_created
335,2026-06-10 00:00:00,signup
335,2026-06-10 09:00:00,onboarding_started
335,2026-06-10 17:00:00,onboarding_completed
336,2026-03-08 00:00:00,signup
336,2026-03-08 18:00:00,onboarding_started
336,2026-03-09 00:00:00,onboarding_completed
336,2026-03-12 00:00:00,project_created
336,2026-03-12 00:00:00,teammate_invited
336,2026-04-13 00:00:00,dashboard_viewed
337,2026-05-08 00:00:00,signup
337,2026-05-08 19:00:00,onboarding_started
337,2026-05-09 05:00:00,onboarding_completed
338,2026-01-18 00:00:00,signup
338,2026-01-18 23:00:00,onboarding_started
338,2026-01-19 04:00:00,onboarding_completed
338,2026-01-22 04:00:00,project_created
338,2026-01-24 04:00:00,report_created
339,2026-01-25 00:00:00,signup
339,2026-01-25 03:00:00,onboarding_started
339,2026-01-25 08:00:00,onboarding_completed
339,2026-01-28 08:00:00,project_created
339,2026-01-28 08:00:00,teammate_invited
340,2026-02-23 00:00:00,signup
340,2026-02-23 17:00:00,onboarding_started
340,2026-02-24 02:00:00,onboarding_completed
340,2026-02-24 02:00:00,project_created
340,2026-02-26 02:00:00,teammate_invited
340,2026-02-27 02:00:00,report_created
340,2026-03-28 00:00:00,dashboard_viewed
341,2026-02-27 00:00:00,signup
341,2026-02-27 13:00:00,onboarding_started
341,2026-02-27 21:00:00,onboarding_completed
341,2026-03-01 21:00:00,project_created
342,2026-03-08 00:00:00,signup
342,2026-03-08 03:00:00,onboarding_started
343,2026-04-14 00:00:00,signup
343,2026-04-14 12:00:00,onboarding_started
343,2026-04-14 16:00:00,onboarding_completed
343,2026-04-16 16:00:00,project_created
343,2026-04-16 16:00:00,teammate_invited
343,2026-04-16 16:00:00,integration_connected
343,2026-04-19 16:00:00,report_created
344,2026-06-23 00:00:00,signup
344,2026-06-23 15:00:00,onboarding_started
344,2026-06-23 18:00:00,onboarding_completed
344,2026-06-26 18:00:00,project_created
344,2026-06-27 18:00:00,report_created
345,2026-01-24 00:00:00,signup
345,2026-01-24 15:00:00,onboarding_started
345,2026-01-25 00:00:00,onboarding_completed
345,2026-01-25 00:00:00,project_created
345,2026-01-25 00:00:00,integration_connected
345,2026-01-26 00:00:00,teammate_invited
346,2026-04-24 00:00:00,signup
347,2026-02-01 00:00:00,signup
347,2026-02-01 21:00:00,onboarding_started
347,2026-02-02 08:00:00,onboarding_completed
347,2026-02-05 08:00:00,project_created
347,2026-02-06 08:00:00,report_created
347,2026-02-07 08:00:00,teammate_invited
347,2026-03-12 00:00:00,dashboard_viewed
348,2026-06-24 00:00:00,signup
348,2026-06-24 08:00:00,onboarding_started
348,2026-06-24 12:00:00,onboarding_completed
348,2026-06-26 12:00:00,project_created
348,2026-06-27 12:00:00,report_created
348,2026-06-28 12:00:00,teammate_invited
348,2026-07-27 00:00:00,dashboard_viewed
349,2026-03-27 00:00:00,signup
349,2026-03-27 20:00:00,onboarding_started
350,2026-05-31 00:00:00,signup
351,2026-05-07 00:00:00,signup
351,2026-05-07 09:00:00,onboarding_started
351,2026-05-07 15:00:00,onboarding_completed
352,2026-06-04 00:00:00,signup
352,2026-06-04 23:00:00,onboarding_started
353,2026-05-10 00:00:00,signup
353,2026-05-10 02:00:00,onboarding_started
353,2026-05-10 08:00:00,onboarding_completed
354,2026-01-17 00:00:00,signup
355,2026-04-14 00:00:00,signup
355,2026-04-14 15:00:00,onboarding_started
355,2026-04-14 21:00:00,onboarding_completed
356,2026-06-10 00:00:00,signup
356,2026-06-10 13:00:00,onboarding_started
356,2026-06-10 18:00:00,onboarding_completed
357,2026-05-17 00:00:00,signup
357,2026-05-17 22:00:00,onboarding_started
357,2026-05-18 05:00:00,onboarding_completed
358,2026-02-12 00:00:00,signup
358,2026-02-12 13:00:00,onboarding_started
358,2026-02-12 16:00:00,onboarding_completed
358,2026-02-12 16:00:00,project_created
358,2026-02-13 16:00:00,teammate_invited
358,2026-02-15 16:00:00,report_created
358,2026-03-20 00:00:00,dashboard_viewed
359,2026-06-25 00:00:00,signup
360,2026-02-08 00:00:00,signup
360,2026-02-08 04:00:00,onboarding_started
361,2026-06-19 00:00:00,signup
361,2026-06-19 16:00:00,onboarding_started
361,2026-06-20 01:00:00,onboarding_completed
361,2026-06-22 01:00:00,project_created
361,2026-06-23 01:00:00,teammate_invited
361,2026-06-26 01:00:00,integration_connected
362,2026-01-26 00:00:00,signup
363,2026-04-09 00:00:00,signup
363,2026-04-09 23:00:00,onboarding_started
363,2026-04-10 06:00:00,onboarding_completed
363,2026-04-10 06:00:00,project_created
363,2026-04-11 06:00:00,report_created
363,2026-04-14 06:00:00,integration_connected
363,2026-05-10 00:00:00,dashboard_viewed
364,2026-02-19 00:00:00,signup
364,2026-02-19 22:00:00,onboarding_started
364,2026-02-20 02:00:00,onboarding_completed
364,2026-02-20 02:00:00,project_created
364,2026-02-21 02:00:00,teammate_invited
364,2026-03-26 00:00:00,dashboard_viewed
365,2026-06-02 00:00:00,signup
366,2026-06-01 00:00:00,signup
366,2026-06-01 11:00:00,onboarding_started
366,2026-06-01 14:00:00,onboarding_completed
366,2026-06-04 14:00:00,project_created
366,2026-06-05 14:00:00,teammate_invited
366,2026-07-07 00:00:00,dashboard_viewed
367,2026-01-13 00:00:00,signup
367,2026-01-13 09:00:00,onboarding_started
367,2026-01-13 19:00:00,onboarding_completed
367,2026-01-14 19:00:00,project_created
367,2026-01-14 19:00:00,teammate_invited
367,2026-01-17 19:00:00,report_created
367,2026-02-14 00:00:00,dashboard_viewed
368,2026-03-01 00:00:00,signup
368,2026-03-01 22:00:00,onboarding_started
369,2026-05-15 00:00:00,signup
369,2026-05-15 05:00:00,onboarding_started
369,2026-05-15 16:00:00,onboarding_completed
370,2026-02-26 00:00:00,signup
370,2026-02-26 18:00:00,onboarding_started
370,2026-02-27 00:00:00,onboarding_completed
370,2026-03-01 00:00:00,project_created
370,2026-03-03 00:00:00,report_created
371,2026-02-05 00:00:00,signup
371,2026-02-05 01:00:00,onboarding_started
372,2026-06-22 00:00:00,signup
372,2026-06-22 16:00:00,onboarding_started
373,2026-01-20 00:00:00,signup
373,2026-01-20 17:00:00,onboarding_started
373,2026-01-20 21:00:00,onboarding_completed
373,2026-01-21 21:00:00,project_created
373,2026-01-26 21:00:00,report_created
374,2026-03-06 00:00:00,signup
374,2026-03-06 15:00:00,onboarding_started
374,2026-03-06 21:00:00,onboarding_completed
374,2026-03-08 21:00:00,project_created
375,2026-01-08 00:00:00,signup
375,2026-01-08 17:00:00,onboarding_started
375,2026-01-09 01:00:00,onboarding_completed
376,2026-05-24 00:00:00,signup
376,2026-05-24 15:00:00,onboarding_started
376,2026-05-25 01:00:00,onboarding_completed
376,2026-05-25 01:00:00,project_created
376,2026-05-26 01:00:00,teammate_invited
376,2026-05-30 01:00:00,report_created
376,2026-06-28 00:00:00,dashboard_viewed
377,2026-05-22 00:00:00,signup
377,2026-05-22 13:00:00,onboarding_started
378,2026-04-25 00:00:00,signup
378,2026-04-25 02:00:00,onboarding_started
378,2026-04-25 03:00:00,onboarding_completed
379,2026-05-23 00:00:00,signup
379,2026-05-23 20:00:00,onboarding_started
379,2026-05-23 22:00:00,onboarding_completed
380,2026-04-02 00:00:00,signup
380,2026-04-02 07:00:00,onboarding_started
380,2026-04-02 08:00:00,onboarding_completed
381,2026-04-08 00:00:00,signup
381,2026-04-08 12:00:00,onboarding_started
381,2026-04-08 21:00:00,onboarding_completed
381,2026-04-11 21:00:00,project_created
381,2026-04-12 21:00:00,report_created
381,2026-04-13 21:00:00,teammate_invited
381,2026-05-12 00:00:00,dashboard_viewed
382,2026-03-07 00:00:00,signup
382,2026-03-07 23:00:00,onboarding_started
382,2026-03-08 07:00:00,onboarding_completed
382,2026-03-10 07:00:00,project_created
382,2026-03-15 07:00:00,report_created
383,2026-02-01 00:00:00,signup
383,2026-02-01 16:00:00,onboarding_started
383,2026-02-01 17:00:00,onboarding_completed
384,2026-03-27 00:00:00,signup
384,2026-03-27 21:00:00,onboarding_started
384,2026-03-28 05:00:00,onboarding_completed
385,2026-02-20 00:00:00,signup
385,2026-02-20 12:00:00,onboarding_started
385,2026-02-20 16:00:00,onboarding_completed
385,2026-02-20 16:00:00,project_created
385,2026-02-21 16:00:00,teammate_invited
385,2026-03-28 00:00:00,dashboard_viewed
386,2026-06-02 00:00:00,signup
386,2026-06-02 16:00:00,onboarding_started
386,2026-06-03 01:00:00,onboarding_completed
387,2026-03-04 00:00:00,signup
387,2026-03-04 07:00:00,onboarding_started
387,2026-03-04 18:00:00,onboarding_completed
388,2026-05-05 00:00:00,signup
389,2026-05-30 00:00:00,signup
389,2026-05-30 10:00:00,onboarding_started
389,2026-05-30 18:00:00,onboarding_completed
389,2026-05-31 18:00:00,project_created
389,2026-06-03 18:00:00,integration_connected
389,2026-07-02 00:00:00,dashboard_viewed
390,2026-02-27 00:00:00,signup
390,2026-02-27 20:00:00,onboarding_started
391,2026-02-27 00:00:00,signup
391,2026-02-27 15:00:00,onboarding_started
391,2026-02-27 21:00:00,onboarding_completed
391,2026-02-27 21:00:00,project_created
392,2026-03-27 00:00:00,signup
392,2026-03-27 16:00:00,onboarding_started
392,2026-03-27 17:00:00,onboarding_completed
392,2026-03-29 17:00:00,project_created
393,2026-02-18 00:00:00,signup
393,2026-02-18 23:00:00,onboarding_started
393,2026-02-19 01:00:00,onboarding_completed
394,2026-06-29 00:00:00,signup
394,2026-06-29 05:00:00,onboarding_started
394,2026-06-29 16:00:00,onboarding_completed
395,2026-06-19 00:00:00,signup
396,2026-03-11 00:00:00,signup
396,2026-03-11 01:00:00,onboarding_started
396,2026-03-11 03:00:00,onboarding_completed
397,2026-01-15 00:00:00,signup
397,2026-01-15 01:00:00,onboarding_started
397,2026-01-15 08:00:00,onboarding_completed
398,2026-02-23 00:00:00,signup
398,2026-02-23 15:00:00,onboarding_started
398,2026-02-23 21:00:00,onboarding_completed
399,2026-04-11 00:00:00,signup
400,2026-01-08 00:00:00,signup
400,2026-01-08 23:00:00,onboarding_started
400,2026-01-09 07:00:00,onboarding_completed
401,2026-02-22 00:00:00,signup
401,2026-02-22 13:00:00,onboarding_started
402,2026-03-01 00:00:00,signup
402,2026-03-01 08:00:00,onboarding_started
403,2026-04-18 00:00:00,signup
403,2026-04-18 05:00:00,onboarding_started
403,2026-04-18 14:00:00,onboarding_completed
404,2026-01-05 00:00:00,signup
404,2026-01-05 15:00:00,onboarding_started
404,2026-01-05 21:00:00,onboarding_completed
404,2026-01-08 21:00:00,project_created
404,2026-01-14 21:00:00,report_created
405,2026-04-13 00:00:00,signup
405,2026-04-13 04:00:00,onboarding_started
405,2026-04-13 09:00:00,onboarding_completed
405,2026-04-13 09:00:00,project_created
405,2026-04-13 09:00:00,teammate_invited
405,2026-04-15 09:00:00,report_created
405,2026-05-16 00:00:00,dashboard_viewed
406,2026-01-06 00:00:00,signup
406,2026-01-06 05:00:00,onboarding_started
406,2026-01-06 08:00:00,onboarding_completed
407,2026-04-19 00:00:00,signup
407,2026-04-19 08:00:00,onboarding_started
407,2026-04-19 19:00:00,onboarding_completed
407,2026-04-19 19:00:00,project_created
407,2026-04-19 19:00:00,integration_connected
407,2026-04-22 19:00:00,report_created
408,2026-04-26 00:00:00,signup
408,2026-04-26 08:00:00,onboarding_started
409,2026-04-04 00:00:00,signup
409,2026-04-04 16:00:00,onboarding_started
409,2026-04-04 21:00:00,onboarding_completed
409,2026-04-07 21:00:00,project_created
409,2026-04-11 21:00:00,integration_connected
409,2026-05-08 00:00:00,dashboard_viewed
410,2026-02-16 00:00:00,signup
410,2026-02-16 04:00:00,onboarding_started
410,2026-02-16 07:00:00,onboarding_completed
411,2026-04-09 00:00:00,signup
411,2026-04-09 02:00:00,onboarding_started
411,2026-04-09 07:00:00,onboarding_completed
412,2026-02-24 00:00:00,signup
412,2026-02-24 08:00:00,onboarding_started
413,2026-06-17 00:00:00,signup
413,2026-06-17 15:00:00,onboarding_started
414,2026-02-21 00:00:00,signup
415,2026-05-24 00:00:00,signup
415,2026-05-24 05:00:00,onboarding_started
416,2026-01-13 00:00:00,signup
417,2026-04-24 00:00:00,signup
417,2026-04-24 22:00:00,onboarding_started
417,2026-04-25 04:00:00,onboarding_completed
417,2026-04-27 04:00:00,project_created
418,2026-05-04 00:00:00,signup
419,2026-04-16 00:00:00,signup
419,2026-04-16 16:00:00,onboarding_started
419,2026-04-17 02:00:00,onboarding_completed
420,2026-06-07 00:00:00,signup
420,2026-06-07 10:00:00,onboarding_started
420,2026-06-07 16:00:00,onboarding_completed
420,2026-06-07 16:00:00,project_created
420,2026-06-09 16:00:00,teammate_invited
420,2026-06-12 16:00:00,report_created
420,2026-07-10 00:00:00,dashboard_viewed
421,2026-05-27 00:00:00,signup
421,2026-05-27 21:00:00,onboarding_started
421,2026-05-27 22:00:00,onboarding_completed
421,2026-05-27 22:00:00,project_created
422,2026-05-25 00:00:00,signup
422,2026-05-25 11:00:00,onboarding_started
422,2026-05-25 19:00:00,onboarding_completed
422,2026-05-28 19:00:00,project_created
422,2026-06-28 00:00:00,dashboard_viewed
423,2026-04-30 00:00:00,signup
423,2026-04-30 11:00:00,onboarding_started
424,2026-03-04 00:00:00,signup
424,2026-03-04 12:00:00,onboarding_started
424,2026-03-04 14:00:00,onboarding_completed
424,2026-03-07 14:00:00,project_created
424,2026-03-10 14:00:00,report_created
424,2026-04-07 00:00:00,dashboard_viewed
425,2026-01-19 00:00:00,signup
425,2026-01-19 09:00:00,onboarding_started
425,2026-01-19 20:00:00,onboarding_completed
426,2026-04-02 00:00:00,signup
426,2026-04-02 20:00:00,onboarding_started
426,2026-04-03 05:00:00,onboarding_completed
426,2026-04-03 05:00:00,project_created
426,2026-04-05 05:00:00,teammate_invited
426,2026-04-09 05:00:00,report_created
426,2026-05-03 00:00:00,dashboard_viewed
427,2026-02-27 00:00:00,signup
427,2026-02-27 19:00:00,onboarding_started
427,2026-02-28 06:00:00,onboarding_completed
427,2026-03-01 06:00:00,project_created
427,2026-03-03 06:00:00,teammate_invited
427,2026-03-31 00:00:00,dashboard_viewed
428,2026-03-31 00:00:00,signup
428,2026-03-31 04:00:00,onboarding_started
428,2026-03-31 15:00:00,onboarding_completed
428,2026-04-03 15:00:00,project_created
428,2026-04-04 15:00:00,teammate_invited
428,2026-04-05 15:00:00,report_created
428,2026-04-30 00:00:00,dashboard_viewed
429,2026-04-27 00:00:00,signup
429,2026-04-27 19:00:00,onboarding_started
429,2026-04-28 03:00:00,onboarding_completed
430,2026-03-03 00:00:00,signup
431,2026-01-23 00:00:00,signup
431,2026-01-23 23:00:00,onboarding_started
431,2026-01-24 06:00:00,onboarding_completed
431,2026-01-27 06:00:00,project_created
431,2026-01-29 06:00:00,teammate_invited
432,2026-05-07 00:00:00,signup
432,2026-05-07 10:00:00,onboarding_started
432,2026-05-07 15:00:00,onboarding_completed
432,2026-05-09 15:00:00,project_created
432,2026-05-10 15:00:00,teammate_invited
432,2026-05-11 15:00:00,report_created
433,2026-05-17 00:00:00,signup
433,2026-05-17 08:00:00,onboarding_started
433,2026-05-17 13:00:00,onboarding_completed
433,2026-05-17 13:00:00,project_created
433,2026-05-22 13:00:00,report_created
434,2026-05-20 00:00:00,signup
434,2026-05-20 20:00:00,onboarding_started
435,2026-05-09 00:00:00,signup
435,2026-05-09 19:00:00,onboarding_started
435,2026-05-10 06:00:00,onboarding_completed
435,2026-05-12 06:00:00,project_created
436,2026-02-27 00:00:00,signup
437,2026-05-02 00:00:00,signup
437,2026-05-02 21:00:00,onboarding_started
438,2026-01-01 00:00:00,signup
438,2026-01-01 15:00:00,onboarding_started
438,2026-01-02 02:00:00,onboarding_completed
439,2026-02-03 00:00:00,signup
439,2026-02-03 18:00:00,onboarding_started
439,2026-02-03 19:00:00,onboarding_completed
440,2026-04-06 00:00:00,signup
440,2026-04-06 13:00:00,onboarding_started
440,2026-04-06 16:00:00,onboarding_completed
440,2026-04-08 16:00:00,project_created
440,2026-04-10 16:00:00,report_created
441,2026-05-06 00:00:00,signup
441,2026-05-06 04:00:00,onboarding_started
442,2026-04-28 00:00:00,signup
442,2026-04-28 09:00:00,onboarding_started
442,2026-04-28 20:00:00,onboarding_completed
442,2026-04-29 20:00:00,project_created
442,2026-04-30 20:00:00,teammate_invited
442,2026-04-30 20:00:00,report_created
442,2026-06-01 00:00:00,dashboard_viewed
443,2026-02-17 00:00:00,signup
443,2026-02-17 16:00:00,onboarding_started
443,2026-02-17 23:00:00,onboarding_completed
444,2026-03-30 00:00:00,signup
445,2026-04-27 00:00:00,signup
445,2026-04-27 18:00:00,onboarding_started
445,2026-04-28 05:00:00,onboarding_completed
445,2026-05-01 05:00:00,project_created
445,2026-05-01 05:00:00,teammate_invited
445,2026-05-29 00:00:00,dashboard_viewed
446,2026-05-09 00:00:00,signup
446,2026-05-09 23:00:00,onboarding_started
446,2026-05-10 05:00:00,onboarding_completed
446,2026-05-13 05:00:00,project_created
446,2026-05-14 05:00:00,teammate_invited
447,2026-01-16 00:00:00,signup
447,2026-01-16 10:00:00,onboarding_started
447,2026-01-16 13:00:00,onboarding_completed
447,2026-01-16 13:00:00,project_created
447,2026-01-21 13:00:00,report_created
448,2026-03-10 00:00:00,signup
448,2026-03-10 03:00:00,onboarding_started
448,2026-03-10 10:00:00,onboarding_completed
448,2026-03-10 10:00:00,project_created
449,2026-01-22 00:00:00,signup
449,2026-01-22 22:00:00,onboarding_started
449,2026-01-23 03:00:00,onboarding_completed
449,2026-01-23 03:00:00,project_created
449,2026-01-26 03:00:00,report_created
449,2026-02-22 00:00:00,dashboard_viewed
450,2026-04-03 00:00:00,signup
450,2026-04-03 05:00:00,onboarding_started
450,2026-04-03 08:00:00,onboarding_completed
450,2026-04-06 08:00:00,project_created
450,2026-05-05 00:00:00,dashboard_viewed
451,2026-03-17 00:00:00,signup
451,2026-03-17 09:00:00,onboarding_started
451,2026-03-17 12:00:00,onboarding_completed
451,2026-03-18 12:00:00,project_created
451,2026-03-23 12:00:00,report_created
452,2026-06-03 00:00:00,signup
452,2026-06-03 17:00:00,onboarding_started
453,2026-05-24 00:00:00,signup
453,2026-05-24 11:00:00,onboarding_started
453,2026-05-24 15:00:00,onboarding_completed
453,2026-05-25 15:00:00,project_created
453,2026-05-26 15:00:00,integration_connected
453,2026-05-27 15:00:00,report_created
454,2026-06-28 00:00:00,signup
454,2026-06-28 08:00:00,onboarding_started
455,2026-03-27 00:00:00,signup
455,2026-03-27 22:00:00,onboarding_started
455,2026-03-28 02:00:00,onboarding_completed
455,2026-03-29 02:00:00,project_created
455,2026-03-29 02:00:00,teammate_invited
456,2026-01-29 00:00:00,signup
456,2026-01-29 09:00:00,onboarding_started
456,2026-01-29 16:00:00,onboarding_completed
456,2026-02-01 16:00:00,project_created
456,2026-02-01 16:00:00,teammate_invited
456,2026-02-07 16:00:00,report_created
456,2026-03-01 00:00:00,dashboard_viewed
457,2026-03-10 00:00:00,signup
457,2026-03-10 16:00:00,onboarding_started
457,2026-03-10 21:00:00,onboarding_completed
457,2026-03-13 21:00:00,project_created
458,2026-02-16 00:00:00,signup
459,2026-04-04 00:00:00,signup
459,2026-04-04 07:00:00,onboarding_started
460,2026-05-24 00:00:00,signup
460,2026-05-24 06:00:00,onboarding_started
461,2026-06-25 00:00:00,signup
461,2026-06-25 23:00:00,onboarding_started
461,2026-06-26 04:00:00,onboarding_completed
461,2026-06-27 04:00:00,project_created
461,2026-06-28 04:00:00,teammate_invited
461,2026-06-29 04:00:00,report_created
461,2026-08-03 00:00:00,dashboard_viewed
462,2026-03-26 00:00:00,signup
463,2026-02-08 00:00:00,signup
463,2026-02-08 20:00:00,onboarding_started
464,2026-04-10 00:00:00,signup
464,2026-04-10 09:00:00,onboarding_started
464,2026-04-10 20:00:00,onboarding_completed
465,2026-02-02 00:00:00,signup
465,2026-02-02 19:00:00,onboarding_started
465,2026-02-03 04:00:00,onboarding_completed
465,2026-02-06 04:00:00,project_created
465,2026-02-12 04:00:00,report_created
465,2026-03-09 00:00:00,dashboard_viewed
466,2026-04-11 00:00:00,signup
467,2026-01-23 00:00:00,signup
467,2026-01-23 13:00:00,onboarding_started
467,2026-01-23 22:00:00,onboarding_completed
467,2026-01-24 22:00:00,project_created
467,2026-01-25 22:00:00,teammate_invited
468,2026-01-10 00:00:00,signup
468,2026-01-10 03:00:00,onboarding_started
468,2026-01-10 12:00:00,onboarding_completed
469,2026-03-10 00:00:00,signup
469,2026-03-10 08:00:00,onboarding_started
469,2026-03-10 19:00:00,onboarding_completed
469,2026-03-10 19:00:00,project_created
470,2026-04-10 00:00:00,signup
470,2026-04-10 05:00:00,onboarding_started
471,2026-02-03 00:00:00,signup
471,2026-02-03 01:00:00,onboarding_started
472,2026-06-29 00:00:00,signup
472,2026-06-29 06:00:00,onboarding_started
472,2026-06-29 15:00:00,onboarding_completed
472,2026-06-29 15:00:00,project_created
472,2026-06-30 15:00:00,teammate_invited
472,2026-07-02 15:00:00,report_created
472,2026-07-03 15:00:00,integration_connected
472,2026-08-03 00:00:00,dashboard_viewed
473,2026-05-18 00:00:00,signup
474,2026-05-27 00:00:00,signup
474,2026-05-27 13:00:00,onboarding_started
474,2026-05-27 17:00:00,onboarding_completed
475,2026-04-06 00:00:00,signup
475,2026-04-06 16:00:00,onboarding_started
475,2026-04-07 03:00:00,onboarding_completed
475,2026-04-10 03:00:00,project_created
475,2026-04-11 03:00:00,teammate_invited
475,2026-04-15 03:00:00,report_created
476,2026-01-01 00:00:00,signup
476,2026-01-01 22:00:00,onboarding_started
476,2026-01-02 00:00:00,onboarding_completed
476,2026-01-03 00:00:00,project_created
477,2026-03-10 00:00:00,signup
477,2026-03-10 17:00:00,onboarding_started
477,2026-03-10 21:00:00,onboarding_completed
477,2026-03-12 21:00:00,project_created
477,2026-03-14 21:00:00,teammate_invited
478,2026-01-04 00:00:00,signup
478,2026-01-04 02:00:00,onboarding_started
478,2026-01-04 07:00:00,onboarding_completed
478,2026-01-04 07:00:00,project_created
478,2026-01-06 07:00:00,teammate_invited
478,2026-01-07 07:00:00,integration_connected
478,2026-01-09 07:00:00,report_created
479,2026-01-16 00:00:00,signup
480,2026-01-24 00:00:00,signup
481,2026-03-21 00:00:00,signup
481,2026-03-21 19:00:00,onboarding_started
481,2026-03-22 06:00:00,onboarding_completed
482,2026-01-02 00:00:00,signup
482,2026-01-02 17:00:00,onboarding_started
482,2026-01-02 18:00:00,onboarding_completed
482,2026-01-02 18:00:00,project_created
483,2026-05-08 00:00:00,signup
483,2026-05-08 09:00:00,onboarding_started
484,2026-06-09 00:00:00,signup
484,2026-06-09 18:00:00,onboarding_started
485,2026-03-25 00:00:00,signup
485,2026-03-25 12:00:00,onboarding_started
485,2026-03-25 13:00:00,onboarding_completed
485,2026-03-27 13:00:00,project_created
485,2026-03-31 13:00:00,integration_connected
486,2026-06-01 00:00:00,signup
486,2026-06-01 17:00:00,onboarding_started
486,2026-06-02 01:00:00,onboarding_completed
486,2026-06-04 01:00:00,project_created
486,2026-06-05 01:00:00,teammate_invited
486,2026-06-07 01:00:00,report_created
487,2026-05-20 00:00:00,signup
487,2026-05-20 20:00:00,onboarding_started
487,2026-05-21 06:00:00,onboarding_completed
487,2026-05-21 06:00:00,project_created
487,2026-05-22 06:00:00,report_created
487,2026-05-23 06:00:00,teammate_invited
487,2026-05-25 06:00:00,integration_connected
487,2026-06-26 00:00:00,dashboard_viewed
488,2026-06-27 00:00:00,signup
488,2026-06-27 11:00:00,onboarding_started
488,2026-06-27 22:00:00,onboarding_completed
488,2026-06-29 22:00:00,project_created
489,2026-06-12 00:00:00,signup
489,2026-06-12 21:00:00,onboarding_started
490,2026-05-04 00:00:00,signup
490,2026-05-04 21:00:00,onboarding_started
490,2026-05-05 02:00:00,onboarding_completed
490,2026-05-08 02:00:00,project_created
490,2026-05-12 02:00:00,report_created
491,2026-02-02 00:00:00,signup
492,2026-06-10 00:00:00,signup
492,2026-06-10 09:00:00,onboarding_started
492,2026-06-10 15:00:00,onboarding_completed
492,2026-06-12 15:00:00,project_created
492,2026-06-17 15:00:00,report_created
493,2026-06-28 00:00:00,signup
494,2026-06-20 00:00:00,signup
495,2026-04-11 00:00:00,signup
495,2026-04-11 05:00:00,onboarding_started
495,2026-04-11 16:00:00,onboarding_completed
496,2026-01-12 00:00:00,signup
496,2026-01-12 10:00:00,onboarding_started
496,2026-01-12 19:00:00,onboarding_completed
496,2026-01-15 19:00:00,project_created
496,2026-01-15 19:00:00,integration_connected
496,2026-01-17 19:00:00,teammate_invited
496,2026-01-21 19:00:00,report_created
496,2026-02-16 00:00:00,dashboard_viewed
497,2026-03-08 00:00:00,signup
497,2026-03-08 03:00:00,onboarding_started
498,2026-03-06 00:00:00,signup
498,2026-03-06 21:00:00,onboarding_started
498,2026-03-07 05:00:00,onboarding_completed
498,2026-03-07 05:00:00,project_created
498,2026-03-08 05:00:00,teammate_invited
498,2026-03-08 05:00:00,integration_connected
498,2026-04-07 00:00:00,dashboard_viewed
499,2026-06-10 00:00:00,signup
499,2026-06-10 05:00:00,onboarding_started
500,2026-06-17 00:00:00,signup
500,2026-06-17 19:00:00,onboarding_started
500,2026-06-18 04:00:00,onboarding_completed
500,2026-06-19 04:00:00,project_created
501,2026-03-15 00:00:00,signup
502,2026-02-12 00:00:00,signup
503,2026-02-13 00:00:00,signup
503,2026-02-13 02:00:00,onboarding_started
503,2026-02-13 13:00:00,onboarding_completed
504,2026-01-29 00:00:00,signup
504,2026-01-29 04:00:00,onboarding_started
505,2026-05-21 00:00:00,signup
505,2026-05-21 02:00:00,onboarding_started
505,2026-05-21 11:00:00,onboarding_completed
505,2026-05-21 11:00:00,project_created
505,2026-05-25 11:00:00,integration_connected
506,2026-01-12 00:00:00,signup
506,2026-01-12 23:00:00,onboarding_started
507,2026-04-05 00:00:00,signup
508,2026-02-15 00:00:00,signup
508,2026-02-15 07:00:00,onboarding_started
508,2026-02-15 16:00:00,onboarding_completed
509,2026-05-10 00:00:00,signup
509,2026-05-10 12:00:00,onboarding_started
509,2026-05-10 21:00:00,onboarding_completed
510,2026-02-04 00:00:00,signup
511,2026-03-22 00:00:00,signup
511,2026-03-22 10:00:00,onboarding_started
511,2026-03-22 16:00:00,onboarding_completed
511,2026-03-24 16:00:00,project_created
511,2026-03-24 16:00:00,teammate_invited
511,2026-03-26 16:00:00,integration_connected
511,2026-04-28 00:00:00,dashboard_viewed
512,2026-03-31 00:00:00,signup
513,2026-01-08 00:00:00,signup
513,2026-01-08 17:00:00,onboarding_started
513,2026-01-08 22:00:00,onboarding_completed
513,2026-01-08 22:00:00,project_created
513,2026-01-11 22:00:00,integration_connected
514,2026-04-03 00:00:00,signup
514,2026-04-03 20:00:00,onboarding_started
514,2026-04-03 21:00:00,onboarding_completed
514,2026-04-05 21:00:00,project_created
514,2026-04-06 21:00:00,teammate_invited
514,2026-05-13 00:00:00,dashboard_viewed
515,2026-06-03 00:00:00,signup
515,2026-06-03 21:00:00,onboarding_started
515,2026-06-04 08:00:00,onboarding_completed
515,2026-06-04 08:00:00,project_created
515,2026-06-05 08:00:00,report_created
516,2026-03-31 00:00:00,signup
516,2026-03-31 15:00:00,onboarding_started
516,2026-03-31 19:00:00,onboarding_completed
516,2026-03-31 19:00:00,project_created
516,2026-03-31 19:00:00,teammate_invited
516,2026-04-04 19:00:00,integration_connected
517,2026-06-11 00:00:00,signup
517,2026-06-11 01:00:00,onboarding_started
517,2026-06-11 09:00:00,onboarding_completed
517,2026-06-11 09:00:00,project_created
517,2026-06-12 09:00:00,report_created
518,2026-04-25 00:00:00,signup
518,2026-04-25 16:00:00,onboarding_started
518,2026-04-25 23:00:00,onboarding_completed
519,2026-04-15 00:00:00,signup
519,2026-04-15 03:00:00,onboarding_started
520,2026-05-15 00:00:00,signup
520,2026-05-15 22:00:00,onboarding_started
520,2026-05-16 09:00:00,onboarding_completed
520,2026-05-19 09:00:00,project_created
521,2026-02-27 00:00:00,signup
521,2026-02-27 21:00:00,onboarding_started
521,2026-02-27 23:00:00,onboarding_completed
521,2026-02-28 23:00:00,project_created
521,2026-03-01 23:00:00,teammate_invited
521,2026-04-02 00:00:00,dashboard_viewed
522,2026-04-24 00:00:00,signup
522,2026-04-24 09:00:00,onboarding_started
522,2026-04-24 16:00:00,onboarding_completed
522,2026-04-24 16:00:00,project_created
523,2026-03-16 00:00:00,signup
523,2026-03-16 04:00:00,onboarding_started
523,2026-03-16 10:00:00,onboarding_completed
524,2026-06-06 00:00:00,signup
524,2026-06-06 03:00:00,onboarding_started
524,2026-06-06 09:00:00,onboarding_completed
524,2026-06-09 09:00:00,project_created
524,2026-07-14 00:00:00,dashboard_viewed
525,2026-04-30 00:00:00,signup
525,2026-04-30 14:00:00,onboarding_started
525,2026-04-30 20:00:00,onboarding_completed
525,2026-05-01 20:00:00,project_created
525,2026-05-01 20:00:00,teammate_invited
525,2026-05-02 20:00:00,integration_connected
525,2026-05-05 20:00:00,report_created
525,2026-06-07 00:00:00,dashboard_viewed
526,2026-06-13 00:00:00,signup
526,2026-06-13 19:00:00,onboarding_started
526,2026-06-14 01:00:00,onboarding_completed
526,2026-06-14 01:00:00,project_created
526,2026-06-15 01:00:00,teammate_invited
526,2026-06-19 01:00:00,report_created
526,2026-07-23 00:00:00,dashboard_viewed
527,2026-01-21 00:00:00,signup
527,2026-01-21 01:00:00,onboarding_started
527,2026-01-21 08:00:00,onboarding_completed
527,2026-01-22 08:00:00,project_created
527,2026-01-24 08:00:00,report_created
528,2026-06-13 00:00:00,signup
528,2026-06-13 01:00:00,onboarding_started
528,2026-06-13 07:00:00,onboarding_completed
528,2026-06-13 07:00:00,project_created
528,2026-06-13 07:00:00,teammate_invited
528,2026-06-19 07:00:00,report_created
528,2026-07-20 00:00:00,dashboard_viewed
529,2026-05-18 00:00:00,signup
530,2026-04-11 00:00:00,signup
531,2026-06-01 00:00:00,signup
532,2026-06-26 00:00:00,signup
532,2026-06-26 20:00:00,onboarding_started
532,2026-06-27 00:00:00,onboarding_completed
533,2026-04-09 00:00:00,signup
533,2026-04-09 01:00:00,onboarding_started
533,2026-04-09 04:00:00,onboarding_completed
533,2026-04-12 04:00:00,project_created
533,2026-04-14 04:00:00,report_created
534,2026-02-05 00:00:00,signup
534,2026-02-05 19:00:00,onboarding_started
534,2026-02-05 21:00:00,onboarding_completed
534,2026-02-05 21:00:00,project_created
534,2026-02-06 21:00:00,teammate_invited
534,2026-02-06 21:00:00,report_created
534,2026-03-10 00:00:00,dashboard_viewed
535,2026-04-06 00:00:00,signup
535,2026-04-06 10:00:00,onboarding_started
535,2026-04-06 14:00:00,onboarding_completed
535,2026-04-09 14:00:00,project_created
535,2026-04-10 14:00:00,teammate_invited
535,2026-04-13 14:00:00,integration_connected
535,2026-05-08 00:00:00,dashboard_viewed
536,2026-06-01 00:00:00,signup
536,2026-06-01 01:00:00,onboarding_started
536,2026-06-01 05:00:00,onboarding_completed
536,2026-06-01 05:00:00,project_created
536,2026-06-02 05:00:00,integration_connected
537,2026-05-31 00:00:00,signup
538,2026-02-06 00:00:00,signup
538,2026-02-06 20:00:00,onboarding_started
538,2026-02-06 23:00:00,onboarding_completed
538,2026-02-07 23:00:00,project_created
538,2026-02-08 23:00:00,teammate_invited
538,2026-02-11 23:00:00,integration_connected
538,2026-03-14 00:00:00,dashboard_viewed
539,2026-01-12 00:00:00,signup
539,2026-01-12 21:00:00,onboarding_started
539,2026-01-13 02:00:00,onboarding_completed
539,2026-01-16 02:00:00,project_created
540,2026-04-23 00:00:00,signup
540,2026-04-23 02:00:00,onboarding_started
540,2026-04-23 07:00:00,onboarding_completed
540,2026-04-26 07:00:00,project_created
540,2026-05-02 07:00:00,report_created
541,2026-01-13 00:00:00,signup
541,2026-01-13 13:00:00,onboarding_started
541,2026-01-13 16:00:00,onboarding_completed
541,2026-01-13 16:00:00,project_created
541,2026-01-16 16:00:00,report_created
541,2026-02-15 00:00:00,dashboard_viewed
542,2026-01-23 00:00:00,signup
543,2026-04-09 00:00:00,signup
543,2026-04-09 07:00:00,onboarding_started
543,2026-04-09 13:00:00,onboarding_completed
544,2026-04-15 00:00:00,signup
544,2026-04-15 12:00:00,onboarding_started
544,2026-04-15 13:00:00,onboarding_completed
544,2026-04-15 13:00:00,project_created
544,2026-04-20 13:00:00,report_created
545,2026-01-30 00:00:00,signup
545,2026-01-30 23:00:00,onboarding_started
545,2026-01-31 07:00:00,onboarding_completed
545,2026-01-31 07:00:00,project_created
545,2026-02-01 07:00:00,teammate_invited
545,2026-02-05 07:00:00,report_created
545,2026-03-05 00:00:00,dashboard_viewed
546,2026-01-17 00:00:00,signup
546,2026-01-17 07:00:00,onboarding_started
546,2026-01-17 18:00:00,onboarding_completed
546,2026-01-18 18:00:00,project_created
546,2026-01-20 18:00:00,teammate_invited
547,2026-04-23 00:00:00,signup
547,2026-04-23 03:00:00,onboarding_started
547,2026-04-23 04:00:00,onboarding_completed
547,2026-04-26 04:00:00,project_created
547,2026-04-26 04:00:00,teammate_invited
547,2026-05-01 04:00:00,report_created
548,2026-03-03 00:00:00,signup
548,2026-03-03 17:00:00,onboarding_started
549,2026-03-25 00:00:00,signup
549,2026-03-25 02:00:00,onboarding_started
550,2026-04-22 00:00:00,signup
550,2026-04-22 11:00:00,onboarding_started
550,2026-04-22 14:00:00,onboarding_completed
551,2026-03-27 00:00:00,signup
551,2026-03-27 06:00:00,onboarding_started
551,2026-03-27 15:00:00,onboarding_completed
551,2026-03-30 15:00:00,project_created
551,2026-04-04 15:00:00,report_created
551,2026-04-26 00:00:00,dashboard_viewed
552,2026-05-21 00:00:00,signup
552,2026-05-21 16:00:00,onboarding_started
552,2026-05-21 20:00:00,onboarding_completed
552,2026-05-22 20:00:00,project_created
553,2026-01-19 00:00:00,signup
553,2026-01-19 08:00:00,onboarding_started
553,2026-01-19 09:00:00,onboarding_completed
553,2026-01-20 09:00:00,project_created
553,2026-02-21 00:00:00,dashboard_viewed
554,2026-06-26 00:00:00,signup
555,2026-04-10 00:00:00,signup
555,2026-04-10 07:00:00,onboarding_started
556,2026-05-20 00:00:00,signup
557,2026-05-27 00:00:00,signup
557,2026-05-27 20:00:00,onboarding_started
557,2026-05-27 22:00:00,onboarding_completed
557,2026-05-27 22:00:00,project_created
557,2026-05-29 22:00:00,integration_connected
558,2026-03-17 00:00:00,signup
559,2026-01-09 00:00:00,signup
559,2026-01-09 21:00:00,onboarding_started
559,2026-01-10 05:00:00,onboarding_completed
559,2026-01-12 05:00:00,project_created
560,2026-01-28 00:00:00,signup
560,2026-01-28 11:00:00,onboarding_started
561,2026-05-08 00:00:00,signup
561,2026-05-08 23:00:00,onboarding_started
561,2026-05-09 09:00:00,onboarding_completed
561,2026-05-11 09:00:00,project_created
561,2026-05-13 09:00:00,teammate_invited
561,2026-05-17 09:00:00,report_created
562,2026-02-21 00:00:00,signup
562,2026-02-21 06:00:00,onboarding_started
562,2026-02-21 16:00:00,onboarding_completed
562,2026-02-24 16:00:00,project_created
562,2026-02-27 16:00:00,report_created
563,2026-03-24 00:00:00,signup
563,2026-03-24 07:00:00,onboarding_started
563,2026-03-24 14:00:00,onboarding_completed
564,2026-04-21 00:00:00,signup
564,2026-04-21 15:00:00,onboarding_started
564,2026-04-22 01:00:00,onboarding_completed
564,2026-04-25 01:00:00,project_created
564,2026-04-27 01:00:00,teammate_invited
564,2026-05-29 00:00:00,dashboard_viewed
565,2026-05-24 00:00:00,signup
565,2026-05-24 15:00:00,onboarding_started
565,2026-05-24 18:00:00,onboarding_completed
565,2026-05-24 18:00:00,project_created
565,2026-05-28 18:00:00,report_created
565,2026-07-02 00:00:00,dashboard_viewed
566,2026-04-27 00:00:00,signup
566,2026-04-27 17:00:00,onboarding_started
567,2026-03-10 00:00:00,signup
567,2026-03-10 15:00:00,onboarding_started
567,2026-03-10 17:00:00,onboarding_completed
567,2026-03-12 17:00:00,project_created
567,2026-04-16 00:00:00,dashboard_viewed
568,2026-04-09 00:00:00,signup
568,2026-04-09 11:00:00,onboarding_started
569,2026-05-20 00:00:00,signup
569,2026-05-20 04:00:00,onboarding_started
569,2026-05-20 15:00:00,onboarding_completed
569,2026-05-21 15:00:00,project_created
569,2026-05-21 15:00:00,teammate_invited
569,2026-06-24 00:00:00,dashboard_viewed
570,2026-01-25 00:00:00,signup
570,2026-01-25 17:00:00,onboarding_started
570,2026-01-26 01:00:00,onboarding_completed
570,2026-01-27 01:00:00,project_created
570,2026-02-26 00:00:00,dashboard_viewed
571,2026-06-29 00:00:00,signup
571,2026-06-29 14:00:00,onboarding_started
571,2026-06-29 16:00:00,onboarding_completed
571,2026-06-30 16:00:00,project_created
571,2026-07-02 16:00:00,teammate_invited
571,2026-07-02 16:00:00,integration_connected
572,2026-05-03 00:00:00,signup
572,2026-05-03 19:00:00,onboarding_started
572,2026-05-04 04:00:00,onboarding_completed
572,2026-05-04 04:00:00,project_created
572,2026-05-04 04:00:00,teammate_invited
572,2026-05-08 04:00:00,integration_connected
573,2026-02-22 00:00:00,signup
573,2026-02-22 22:00:00,onboarding_started
573,2026-02-23 02:00:00,onboarding_completed
573,2026-02-23 02:00:00,project_created
573,2026-03-29 00:00:00,dashboard_viewed
574,2026-05-31 00:00:00,signup
574,2026-05-31 11:00:00,onboarding_started
574,2026-05-31 22:00:00,onboarding_completed
574,2026-05-31 22:00:00,project_created
575,2026-05-24 00:00:00,signup
575,2026-05-24 05:00:00,onboarding_started
576,2026-02-26 00:00:00,signup
576,2026-02-26 16:00:00,onboarding_started
576,2026-02-26 19:00:00,onboarding_completed
577,2026-02-08 00:00:00,signup
578,2026-04-19 00:00:00,signup
578,2026-04-19 12:00:00,onboarding_started
579,2026-06-30 00:00:00,signup
579,2026-06-30 08:00:00,onboarding_started
579,2026-06-30 17:00:00,onboarding_completed
579,2026-07-02 17:00:00,project_created
579,2026-07-05 17:00:00,integration_connected
579,2026-07-06 17:00:00,report_created
580,2026-02-11 00:00:00,signup
580,2026-02-11 22:00:00,onboarding_started
581,2026-06-16 00:00:00,signup
581,2026-06-16 06:00:00,onboarding_started
581,2026-06-16 09:00:00,onboarding_completed
581,2026-06-17 09:00:00,project_created
581,2026-06-18 09:00:00,teammate_invited
581,2026-07-17 00:00:00,dashboard_viewed
582,2026-05-22 00:00:00,signup
582,2026-05-22 07:00:00,onboarding_started
583,2026-05-02 00:00:00,signup
583,2026-05-02 02:00:00,onboarding_started
583,2026-05-02 04:00:00,onboarding_completed
583,2026-05-05 04:00:00,project_created
583,2026-05-09 04:00:00,report_created
584,2026-05-13 00:00:00,signup
584,2026-05-13 21:00:00,onboarding_started
584,2026-05-14 04:00:00,onboarding_completed
584,2026-05-16 04:00:00,project_created
584,2026-05-18 04:00:00,teammate_invited
584,2026-05-20 04:00:00,integration_connected
584,2026-06-22 00:00:00,dashboard_viewed
585,2026-06-12 00:00:00,signup
585,2026-06-12 10:00:00,onboarding_started
585,2026-06-12 15:00:00,onboarding_completed
585,2026-06-13 15:00:00,project_created
585,2026-06-13 15:00:00,integration_connected
585,2026-06-15 15:00:00,report_created
586,2026-03-16 00:00:00,signup
586,2026-03-16 21:00:00,onboarding_started
587,2026-05-26 00:00:00,signup
587,2026-05-26 20:00:00,onboarding_started
588,2026-03-17 00:00:00,signup
588,2026-03-17 01:00:00,onboarding_started
588,2026-03-17 06:00:00,onboarding_completed
589,2026-01-09 00:00:00,signup
589,2026-01-09 16:00:00,onboarding_started
589,2026-01-09 18:00:00,onboarding_completed
589,2026-01-09 18:00:00,project_created
589,2026-01-09 18:00:00,teammate_invited
589,2026-01-10 18:00:00,report_created
590,2026-03-15 00:00:00,signup
590,2026-03-15 16:00:00,onboarding_started
590,2026-03-16 01:00:00,onboarding_completed
590,2026-03-16 01:00:00,project_created
590,2026-03-17 01:00:00,integration_connected
590,2026-04-16 00:00:00,dashboard_viewed
591,2026-05-25 00:00:00,signup
591,2026-05-25 13:00:00,onboarding_started
591,2026-05-25 18:00:00,onboarding_completed
591,2026-05-25 18:00:00,project_created
591,2026-05-26 18:00:00,report_created
591,2026-05-27 18:00:00,teammate_invited
591,2026-06-30 00:00:00,dashboard_viewed
592,2026-01-07 00:00:00,signup
592,2026-01-07 05:00:00,onboarding_started
592,2026-01-07 06:00:00,onboarding_completed
592,2026-01-10 06:00:00,project_created
593,2026-06-23 00:00:00,signup
593,2026-06-23 13:00:00,onboarding_started
593,2026-06-23 21:00:00,onboarding_completed
593,2026-06-24 21:00:00,project_created
593,2026-06-28 21:00:00,report_created
593,2026-07-31 00:00:00,dashboard_viewed
594,2026-05-21 00:00:00,signup
594,2026-05-21 16:00:00,onboarding_started
595,2026-06-17 00:00:00,signup
595,2026-06-17 18:00:00,onboarding_started
596,2026-06-19 00:00:00,signup
596,2026-06-19 14:00:00,onboarding_started
597,2026-05-17 00:00:00,signup
597,2026-05-17 20:00:00,onboarding_started
598,2026-06-27 00:00:00,signup
599,2026-01-27 00:00:00,signup
599,2026-01-27 03:00:00,onboarding_started
599,2026-01-27 08:00:00,onboarding_completed
599,2026-01-27 08:00:00,project_created
599,2026-01-28 08:00:00,report_created
599,2026-01-30 08:00:00,integration_connected
600,2026-05-02 00:00:00,signup
600,2026-05-02 15:00:00,onboarding_started
601,2026-01-05 00:00:00,signup
601,2026-01-05 17:00:00,onboarding_started
601,2026-01-06 02:00:00,onboarding_completed
602,2026-01-29 00:00:00,signup
603,2026-06-14 00:00:00,signup
603,2026-06-14 18:00:00,onboarding_started
604,2026-06-15 00:00:00,signup
604,2026-06-15 13:00:00,onboarding_started
604,2026-06-15 22:00:00,onboarding_completed
604,2026-06-15 22:00:00,project_created
604,2026-06-21 22:00:00,report_created
605,2026-03-24 00:00:00,signup
605,2026-03-24 01:00:00,onboarding_started
605,2026-03-24 06:00:00,onboarding_completed
606,2026-05-16 00:00:00,signup
606,2026-05-16 02:00:00,onboarding_started
607,2026-04-19 00:00:00,signup
608,2026-03-06 00:00:00,signup
608,2026-03-06 04:00:00,onboarding_started
608,2026-03-06 05:00:00,onboarding_completed
608,2026-03-07 05:00:00,project_created
609,2026-03-27 00:00:00,signup
609,2026-03-27 16:00:00,onboarding_started
609,2026-03-27 19:00:00,onboarding_completed
609,2026-03-29 19:00:00,project_created
609,2026-04-01 19:00:00,report_created
609,2026-04-26 00:00:00,dashboard_viewed
610,2026-05-25 00:00:00,signup
610,2026-05-25 09:00:00,onboarding_started
610,2026-05-25 17:00:00,onboarding_completed
611,2026-03-12 00:00:00,signup
611,2026-03-12 11:00:00,onboarding_started
611,2026-03-12 21:00:00,onboarding_completed
611,2026-03-13 21:00:00,project_created
611,2026-03-13 21:00:00,integration_connected
611,2026-03-15 21:00:00,report_created
612,2026-02-14 00:00:00,signup
612,2026-02-14 05:00:00,onboarding_started
612,2026-02-14 09:00:00,onboarding_completed
613,2026-05-12 00:00:00,signup
613,2026-05-12 06:00:00,onboarding_started
614,2026-02-05 00:00:00,signup
614,2026-02-05 13:00:00,onboarding_started
615,2026-03-11 00:00:00,signup
615,2026-03-11 21:00:00,onboarding_started
616,2026-06-08 00:00:00,signup
617,2026-01-19 00:00:00,signup
617,2026-01-19 18:00:00,onboarding_started
617,2026-01-20 02:00:00,onboarding_completed
617,2026-01-21 02:00:00,project_created
617,2026-01-22 02:00:00,teammate_invited
617,2026-01-27 02:00:00,report_created
617,2026-02-28 00:00:00,dashboard_viewed
618,2026-04-18 00:00:00,signup
618,2026-04-18 22:00:00,onboarding_started
618,2026-04-19 03:00:00,onboarding_completed
618,2026-04-19 03:00:00,project_created
618,2026-04-19 03:00:00,teammate_invited
618,2026-05-23 00:00:00,dashboard_viewed
619,2026-06-16 00:00:00,signup
619,2026-06-16 19:00:00,onboarding_started
619,2026-06-17 05:00:00,onboarding_completed
619,2026-06-18 05:00:00,project_created
619,2026-06-18 05:00:00,integration_connected
619,2026-07-26 00:00:00,dashboard_viewed
620,2026-04-01 00:00:00,signup
620,2026-04-01 07:00:00,onboarding_started
620,2026-04-01 08:00:00,onboarding_completed
620,2026-04-04 08:00:00,project_created
620,2026-04-05 08:00:00,teammate_invited
621,2026-03-31 00:00:00,signup
621,2026-03-31 19:00:00,onboarding_started
622,2026-01-19 00:00:00,signup
623,2026-02-08 00:00:00,signup
623,2026-02-08 15:00:00,onboarding_started
623,2026-02-08 22:00:00,onboarding_completed
623,2026-02-11 22:00:00,project_created
623,2026-02-12 22:00:00,teammate_invited
623,2026-02-13 22:00:00,integration_connected
623,2026-03-10 00:00:00,dashboard_viewed
624,2026-05-06 00:00:00,signup
624,2026-05-06 22:00:00,onboarding_started
624,2026-05-07 01:00:00,onboarding_completed
624,2026-05-09 01:00:00,project_created
624,2026-05-09 01:00:00,teammate_invited
624,2026-05-11 01:00:00,integration_connected
624,2026-05-12 01:00:00,report_created
624,2026-06-13 00:00:00,dashboard_viewed
625,2026-06-22 00:00:00,signup
625,2026-06-22 03:00:00,onboarding_started
625,2026-06-22 08:00:00,onboarding_completed
625,2026-06-22 08:00:00,project_created
625,2026-06-23 08:00:00,report_created
625,2026-07-31 00:00:00,dashboard_viewed
626,2026-05-21 00:00:00,signup
627,2026-05-06 00:00:00,signup
627,2026-05-06 11:00:00,onboarding_started
627,2026-05-06 14:00:00,onboarding_completed
627,2026-05-09 14:00:00,project_created
627,2026-05-11 14:00:00,teammate_invited
627,2026-05-12 14:00:00,integration_connected
627,2026-06-13 00:00:00,dashboard_viewed
628,2026-02-27 00:00:00,signup
628,2026-02-27 06:00:00,onboarding_started
629,2026-05-28 00:00:00,signup
629,2026-05-28 10:00:00,onboarding_started
629,2026-05-28 20:00:00,onboarding_completed
629,2026-05-30 20:00:00,project_created
629,2026-06-01 20:00:00,teammate_invited
630,2026-03-02 00:00:00,signup
630,2026-03-02 06:00:00,onboarding_started
630,2026-03-02 11:00:00,onboarding_completed
630,2026-03-02 11:00:00,project_created
630,2026-03-02 11:00:00,integration_connected
631,2026-05-07 00:00:00,signup
631,2026-05-07 20:00:00,onboarding_started
631,2026-05-08 06:00:00,onboarding_completed
632,2026-04-15 00:00:00,signup
632,2026-04-15 23:00:00,onboarding_started
632,2026-04-16 10:00:00,onboarding_completed
632,2026-04-18 10:00:00,project_created
633,2026-06-16 00:00:00,signup
633,2026-06-16 20:00:00,onboarding_started
634,2026-01-01 00:00:00,signup
634,2026-01-01 21:00:00,onboarding_started
634,2026-01-02 00:00:00,onboarding_completed
634,2026-01-04 00:00:00,project_created
634,2026-01-06 00:00:00,integration_connected
635,2026-05-11 00:00:00,signup
635,2026-05-11 04:00:00,onboarding_started
635,2026-05-11 10:00:00,onboarding_completed
636,2026-04-02 00:00:00,signup
636,2026-04-02 05:00:00,onboarding_started
636,2026-04-02 10:00:00,onboarding_completed
637,2026-04-23 00:00:00,signup
637,2026-04-23 02:00:00,onboarding_started
638,2026-06-02 00:00:00,signup
638,2026-06-02 14:00:00,onboarding_started
639,2026-02-25 00:00:00,signup
640,2026-06-10 00:00:00,signup
640,2026-06-10 06:00:00,onboarding_started
640,2026-06-10 08:00:00,onboarding_completed
640,2026-06-12 08:00:00,project_created
641,2026-06-15 00:00:00,signup
641,2026-06-15 18:00:00,onboarding_started
641,2026-06-15 19:00:00,onboarding_completed
641,2026-06-15 19:00:00,project_created
641,2026-06-15 19:00:00,integration_connected
642,2026-04-27 00:00:00,signup
642,2026-04-27 10:00:00,onboarding_started
642,2026-04-27 11:00:00,onboarding_completed
643,2026-05-14 00:00:00,signup
643,2026-05-14 16:00:00,onboarding_started
643,2026-05-15 02:00:00,onboarding_completed
644,2026-02-27 00:00:00,signup
644,2026-02-27 11:00:00,onboarding_started
644,2026-02-27 14:00:00,onboarding_completed
644,2026-02-27 14:00:00,project_created
644,2026-02-28 14:00:00,report_created
644,2026-03-03 14:00:00,integration_connected
644,2026-03-29 00:00:00,dashboard_viewed
645,2026-02-13 00:00:00,signup
645,2026-02-13 20:00:00,onboarding_started
645,2026-02-14 07:00:00,onboarding_completed
645,2026-02-15 07:00:00,project_created
646,2026-06-22 00:00:00,signup
647,2026-06-09 00:00:00,signup
648,2026-06-22 00:00:00,signup
648,2026-06-22 15:00:00,onboarding_started
648,2026-06-22 22:00:00,onboarding_completed
648,2026-06-22 22:00:00,project_created
648,2026-06-22 22:00:00,teammate_invited
648,2026-07-26 00:00:00,dashboard_viewed
649,2026-03-02 00:00:00,signup
649,2026-03-02 15:00:00,onboarding_started
649,2026-03-03 00:00:00,onboarding_completed
649,2026-03-04 00:00:00,project_created
650,2026-02-16 00:00:00,signup
650,2026-02-16 16:00:00,onboarding_started
651,2026-05-29 00:00:00,signup
651,2026-05-29 14:00:00,onboarding_started
651,2026-05-29 15:00:00,onboarding_completed
651,2026-05-29 15:00:00,project_created
652,2026-03-21 00:00:00,signup
652,2026-03-21 11:00:00,onboarding_started
653,2026-04-28 00:00:00,signup
653,2026-04-28 05:00:00,onboarding_started
653,2026-04-28 08:00:00,onboarding_completed
653,2026-04-30 08:00:00,project_created
653,2026-05-29 00:00:00,dashboard_viewed
654,2026-06-13 00:00:00,signup
654,2026-06-13 21:00:00,onboarding_started
654,2026-06-13 22:00:00,onboarding_completed
654,2026-06-14 22:00:00,project_created
654,2026-06-17 22:00:00,integration_connected
655,2026-05-27 00:00:00,signup
656,2026-01-20 00:00:00,signup
656,2026-01-20 15:00:00,onboarding_started
656,2026-01-20 23:00:00,onboarding_completed
656,2026-01-21 23:00:00,project_created
656,2026-01-22 23:00:00,teammate_invited
657,2026-05-26 00:00:00,signup
658,2026-02-16 00:00:00,signup
658,2026-02-16 05:00:00,onboarding_started
658,2026-02-16 09:00:00,onboarding_completed
658,2026-02-16 09:00:00,project_created
658,2026-02-18 09:00:00,report_created
659,2026-02-18 00:00:00,signup
659,2026-02-18 05:00:00,onboarding_started
659,2026-02-18 08:00:00,onboarding_completed
660,2026-01-14 00:00:00,signup
660,2026-01-14 15:00:00,onboarding_started
660,2026-01-14 19:00:00,onboarding_completed
660,2026-01-14 19:00:00,project_created
660,2026-01-15 19:00:00,teammate_invited
660,2026-01-16 19:00:00,integration_connected
660,2026-02-21 00:00:00,dashboard_viewed
661,2026-05-23 00:00:00,signup
661,2026-05-23 11:00:00,onboarding_started
661,2026-05-23 19:00:00,onboarding_completed
662,2026-06-08 00:00:00,signup
663,2026-01-01 00:00:00,signup
663,2026-01-01 07:00:00,onboarding_started
664,2026-04-27 00:00:00,signup
665,2026-02-23 00:00:00,signup
665,2026-02-23 10:00:00,onboarding_started
665,2026-02-23 11:00:00,onboarding_completed
665,2026-02-25 11:00:00,project_created
665,2026-02-25 11:00:00,teammate_invited
665,2026-03-02 11:00:00,report_created
666,2026-04-28 00:00:00,signup
666,2026-04-28 10:00:00,onboarding_started
667,2026-01-03 00:00:00,signup
668,2026-05-24 00:00:00,signup
669,2026-01-12 00:00:00,signup
670,2026-03-15 00:00:00,signup
670,2026-03-15 20:00:00,onboarding_started
670,2026-03-15 23:00:00,onboarding_completed
670,2026-03-17 23:00:00,project_created
670,2026-03-18 23:00:00,teammate_invited
670,2026-04-16 00:00:00,dashboard_viewed
671,2026-01-16 00:00:00,signup
671,2026-01-16 04:00:00,onboarding_started
672,2026-04-12 00:00:00,signup
672,2026-04-12 02:00:00,onboarding_started
673,2026-06-01 00:00:00,signup
673,2026-06-01 03:00:00,onboarding_started
673,2026-06-01 06:00:00,onboarding_completed
674,2026-06-05 00:00:00,signup
674,2026-06-05 21:00:00,onboarding_started
674,2026-06-06 00:00:00,onboarding_completed
675,2026-04-27 00:00:00,signup
675,2026-04-27 14:00:00,onboarding_started
675,2026-04-27 18:00:00,onboarding_completed
675,2026-04-29 18:00:00,project_created
675,2026-04-29 18:00:00,integration_connected
675,2026-05-01 18:00:00,report_created
676,2026-01-08 00:00:00,signup
676,2026-01-08 14:00:00,onboarding_started
676,2026-01-08 20:00:00,onboarding_completed
677,2026-05-02 00:00:00,signup
678,2026-04-02 00:00:00,signup
678,2026-04-02 02:00:00,onboarding_started
678,2026-04-02 07:00:00,onboarding_completed
679,2026-06-13 00:00:00,signup
679,2026-06-13 16:00:00,onboarding_started
679,2026-06-14 01:00:00,onboarding_completed
679,2026-06-14 01:00:00,project_created
680,2026-03-31 00:00:00,signup
680,2026-03-31 18:00:00,onboarding_started
680,2026-03-31 22:00:00,onboarding_completed
680,2026-04-01 22:00:00,project_created
680,2026-05-07 00:00:00,dashboard_viewed
681,2026-05-16 00:00:00,signup
681,2026-05-16 15:00:00,onboarding_started
682,2026-03-01 00:00:00,signup
682,2026-03-01 17:00:00,onboarding_started
682,2026-03-02 00:00:00,onboarding_completed
683,2026-06-27 00:00:00,signup
684,2026-01-28 00:00:00,signup
684,2026-01-28 23:00:00,onboarding_started
684,2026-01-29 01:00:00,onboarding_completed
684,2026-01-30 01:00:00,project_created
684,2026-02-01 01:00:00,integration_connected
685,2026-04-11 00:00:00,signup
685,2026-04-11 04:00:00,onboarding_started
685,2026-04-11 14:00:00,onboarding_completed
685,2026-04-14 14:00:00,project_created
685,2026-04-16 14:00:00,teammate_invited
685,2026-05-12 00:00:00,dashboard_viewed
686,2026-02-10 00:00:00,signup
686,2026-02-10 23:00:00,onboarding_started
686,2026-02-11 04:00:00,onboarding_completed
686,2026-02-14 04:00:00,project_created
686,2026-02-14 04:00:00,teammate_invited
686,2026-03-18 00:00:00,dashboard_viewed
687,2026-06-04 00:00:00,signup
687,2026-06-04 07:00:00,onboarding_started
687,2026-06-04 15:00:00,onboarding_completed
687,2026-06-06 15:00:00,project_created
687,2026-06-08 15:00:00,teammate_invited
688,2026-05-25 00:00:00,signup
688,2026-05-25 10:00:00,onboarding_started
688,2026-05-25 21:00:00,onboarding_completed
688,2026-05-27 21:00:00,project_created
688,2026-06-02 21:00:00,report_created
689,2026-06-10 00:00:00,signup
689,2026-06-10 06:00:00,onboarding_started
690,2026-06-06 00:00:00,signup
690,2026-06-06 04:00:00,onboarding_started
691,2026-05-21 00:00:00,signup
691,2026-05-21 09:00:00,onboarding_started
691,2026-05-21 19:00:00,onboarding_completed
691,2026-05-22 19:00:00,project_created
691,2026-05-23 19:00:00,teammate_invited
691,2026-06-25 00:00:00,dashboard_viewed
692,2026-02-15 00:00:00,signup
692,2026-02-15 01:00:00,onboarding_started
692,2026-02-15 03:00:00,onboarding_completed
693,2026-02-04 00:00:00,signup
693,2026-02-04 12:00:00,onboarding_started
693,2026-02-04 20:00:00,onboarding_completed
693,2026-02-04 20:00:00,project_created
693,2026-02-06 20:00:00,teammate_invited
693,2026-02-06 20:00:00,integration_connected
693,2026-03-14 00:00:00,dashboard_viewed
694,2026-05-14 00:00:00,signup
695,2026-03-23 00:00:00,signup
695,2026-03-23 08:00:00,onboarding_started
695,2026-03-23 11:00:00,onboarding_completed
695,2026-03-26 11:00:00,project_created
695,2026-03-28 11:00:00,teammate_invited
695,2026-03-28 11:00:00,integration_connected
695,2026-03-31 11:00:00,report_created
696,2026-04-25 00:00:00,signup
696,2026-04-25 17:00:00,onboarding_started
696,2026-04-25 19:00:00,onboarding_completed
696,2026-04-25 19:00:00,project_created
696,2026-04-25 19:00:00,integration_connected
696,2026-04-26 19:00:00,report_created
697,2026-02-16 00:00:00,signup
697,2026-02-16 23:00:00,onboarding_started
697,2026-02-17 10:00:00,onboarding_completed
697,2026-02-17 10:00:00,project_created
697,2026-02-17 10:00:00,teammate_invited
697,2026-02-21 10:00:00,integration_connected
697,2026-03-22 00:00:00,dashboard_viewed
698,2026-06-02 00:00:00,signup
698,2026-06-02 03:00:00,onboarding_started
698,2026-06-02 06:00:00,onboarding_completed
698,2026-06-02 06:00:00,project_created
699,2026-01-10 00:00:00,signup
699,2026-01-10 16:00:00,onboarding_started
699,2026-01-10 22:00:00,onboarding_completed
699,2026-01-13 22:00:00,project_created
699,2026-01-14 22:00:00,teammate_invited
699,2026-01-15 22:00:00,report_created
700,2026-02-25 00:00:00,signup
700,2026-02-25 23:00:00,onboarding_started
700,2026-02-26 01:00:00,onboarding_completed
700,2026-02-28 01:00:00,project_created
700,2026-03-01 01:00:00,teammate_invited
701,2026-01-30 00:00:00,signup
701,2026-01-30 03:00:00,onboarding_started
701,2026-01-30 04:00:00,onboarding_completed
702,2026-04-19 00:00:00,signup
702,2026-04-19 12:00:00,onboarding_started
702,2026-04-19 14:00:00,onboarding_completed
702,2026-04-21 14:00:00,project_created
702,2026-04-21 14:00:00,teammate_invited
703,2026-01-05 00:00:00,signup
703,2026-01-05 03:00:00,onboarding_started
703,2026-01-05 04:00:00,onboarding_completed
704,2026-04-29 00:00:00,signup
704,2026-04-29 16:00:00,onboarding_started
704,2026-04-29 18:00:00,onboarding_completed
704,2026-04-29 18:00:00,project_created
704,2026-04-30 18:00:00,integration_connected
705,2026-02-02 00:00:00,signup
706,2026-04-28 00:00:00,signup
707,2026-03-06 00:00:00,signup
707,2026-03-06 15:00:00,onboarding_started
707,2026-03-06 21:00:00,onboarding_completed
708,2026-05-26 00:00:00,signup
709,2026-06-26 00:00:00,signup
709,2026-06-26 01:00:00,onboarding_started
710,2026-01-11 00:00:00,signup
710,2026-01-11 06:00:00,onboarding_started
710,2026-01-11 10:00:00,onboarding_completed
710,2026-01-14 10:00:00,project_created
710,2026-01-15 10:00:00,teammate_invited
710,2026-01-16 10:00:00,report_created
710,2026-02-14 00:00:00,dashboard_viewed
711,2026-03-26 00:00:00,signup
711,2026-03-26 09:00:00,onboarding_started
712,2026-01-26 00:00:00,signup
713,2026-03-04 00:00:00,signup
713,2026-03-04 06:00:00,onboarding_started
713,2026-03-04 13:00:00,onboarding_completed
713,2026-03-05 13:00:00,project_created
713,2026-03-07 13:00:00,teammate_invited
713,2026-04-11 00:00:00,dashboard_viewed
714,2026-03-27 00:00:00,signup
714,2026-03-27 10:00:00,onboarding_started
714,2026-03-27 16:00:00,onboarding_completed
715,2026-02-28 00:00:00,signup
715,2026-02-28 07:00:00,onboarding_started
715,2026-02-28 10:00:00,onboarding_completed
715,2026-03-03 10:00:00,project_created
715,2026-03-04 10:00:00,teammate_invited
715,2026-04-07 00:00:00,dashboard_viewed
716,2026-01-27 00:00:00,signup
716,2026-01-27 09:00:00,onboarding_started
716,2026-01-27 19:00:00,onboarding_completed
716,2026-01-27 19:00:00,project_created
716,2026-01-28 19:00:00,teammate_invited
717,2026-06-26 00:00:00,signup
717,2026-06-26 12:00:00,onboarding_started
717,2026-06-26 22:00:00,onboarding_completed
718,2026-06-10 00:00:00,signup
718,2026-06-10 11:00:00,onboarding_started
718,2026-06-10 14:00:00,onboarding_completed
719,2026-04-08 00:00:00,signup
719,2026-04-08 16:00:00,onboarding_started
719,2026-04-09 00:00:00,onboarding_completed
720,2026-04-15 00:00:00,signup
720,2026-04-15 21:00:00,onboarding_started
720,2026-04-15 23:00:00,onboarding_completed
720,2026-04-15 23:00:00,project_created
720,2026-04-18 23:00:00,integration_connected
721,2026-04-09 00:00:00,signup
721,2026-04-09 05:00:00,onboarding_started
721,2026-04-09 13:00:00,onboarding_completed
722,2026-05-09 00:00:00,signup
722,2026-05-09 05:00:00,onboarding_started
722,2026-05-09 08:00:00,onboarding_completed
722,2026-05-11 08:00:00,project_created
722,2026-05-13 08:00:00,integration_connected
722,2026-06-16 00:00:00,dashboard_viewed
723,2026-05-29 00:00:00,signup
723,2026-05-29 13:00:00,onboarding_started
723,2026-05-29 23:00:00,onboarding_completed
724,2026-02-24 00:00:00,signup
724,2026-02-24 21:00:00,onboarding_started
725,2026-01-06 00:00:00,signup
726,2026-04-05 00:00:00,signup
726,2026-04-05 09:00:00,onboarding_started
726,2026-04-05 11:00:00,onboarding_completed
726,2026-04-08 11:00:00,project_created
726,2026-04-13 11:00:00,report_created
727,2026-05-13 00:00:00,signup
727,2026-05-13 13:00:00,onboarding_started
727,2026-05-13 22:00:00,onboarding_completed
727,2026-05-13 22:00:00,project_created
728,2026-04-12 00:00:00,signup
728,2026-04-12 16:00:00,onboarding_started
728,2026-04-12 22:00:00,onboarding_completed
729,2026-01-03 00:00:00,signup
729,2026-01-03 05:00:00,onboarding_started
729,2026-01-03 09:00:00,onboarding_completed
729,2026-01-06 09:00:00,project_created
729,2026-01-06 09:00:00,teammate_invited
729,2026-01-10 09:00:00,report_created
730,2026-06-30 00:00:00,signup
730,2026-06-30 21:00:00,onboarding_started
730,2026-07-01 03:00:00,onboarding_completed
730,2026-07-04 03:00:00,project_created
730,2026-08-05 00:00:00,dashboard_viewed
731,2026-01-23 00:00:00,signup
731,2026-01-23 21:00:00,onboarding_started
731,2026-01-24 08:00:00,onboarding_completed
731,2026-01-26 08:00:00,project_created
731,2026-01-31 08:00:00,report_created
732,2026-02-22 00:00:00,signup
732,2026-02-22 22:00:00,onboarding_started
732,2026-02-23 00:00:00,onboarding_completed
732,2026-02-24 00:00:00,project_created
732,2026-02-25 00:00:00,integration_connected
733,2026-06-14 00:00:00,signup
734,2026-03-24 00:00:00,signup
734,2026-03-24 20:00:00,onboarding_started
734,2026-03-25 05:00:00,onboarding_completed
734,2026-03-25 05:00:00,project_created
734,2026-03-25 05:00:00,teammate_invited
734,2026-03-28 05:00:00,report_created
734,2026-03-29 05:00:00,integration_connected
734,2026-05-02 00:00:00,dashboard_viewed
735,2026-05-25 00:00:00,signup
735,2026-05-25 06:00:00,onboarding_started
735,2026-05-25 15:00:00,onboarding_completed
736,2026-03-26 00:00:00,signup
737,2026-03-19 00:00:00,signup
737,2026-03-19 14:00:00,onboarding_started
737,2026-03-19 15:00:00,onboarding_completed
737,2026-03-19 15:00:00,project_created
737,2026-03-19 15:00:00,teammate_invited
737,2026-03-21 15:00:00,integration_connected
737,2026-04-23 00:00:00,dashboard_viewed
738,2026-04-20 00:00:00,signup
738,2026-04-20 02:00:00,onboarding_started
739,2026-01-01 00:00:00,signup
739,2026-01-01 09:00:00,onboarding_started
739,2026-01-01 18:00:00,onboarding_completed
740,2026-02-20 00:00:00,signup
740,2026-02-20 04:00:00,onboarding_started
740,2026-02-20 12:00:00,onboarding_completed
741,2026-06-22 00:00:00,signup
741,2026-06-22 02:00:00,onboarding_started
741,2026-06-22 13:00:00,onboarding_completed
741,2026-06-25 13:00:00,project_created
741,2026-06-27 13:00:00,integration_connected
741,2026-06-30 13:00:00,report_created
742,2026-01-04 00:00:00,signup
742,2026-01-04 16:00:00,onboarding_started
742,2026-01-04 22:00:00,onboarding_completed
743,2026-04-23 00:00:00,signup
744,2026-02-01 00:00:00,signup
745,2026-02-03 00:00:00,signup
745,2026-02-03 12:00:00,onboarding_started
746,2026-04-02 00:00:00,signup
746,2026-04-02 02:00:00,onboarding_started
746,2026-04-02 10:00:00,onboarding_completed
746,2026-04-03 10:00:00,project_created
746,2026-04-03 10:00:00,teammate_invited
746,2026-04-06 10:00:00,report_created
746,2026-05-05 00:00:00,dashboard_viewed
747,2026-04-05 00:00:00,signup
748,2026-03-13 00:00:00,signup
748,2026-03-13 23:00:00,onboarding_started
749,2026-02-08 00:00:00,signup
749,2026-02-08 13:00:00,onboarding_started
749,2026-02-08 16:00:00,onboarding_completed
749,2026-02-11 16:00:00,project_created
749,2026-02-11 16:00:00,teammate_invited
749,2026-03-16 00:00:00,dashboard_viewed
750,2026-06-03 00:00:00,signup
750,2026-06-03 20:00:00,onboarding_started
750,2026-06-04 00:00:00,onboarding_completed
751,2026-06-11 00:00:00,signup
751,2026-06-11 09:00:00,onboarding_started
751,2026-06-11 17:00:00,onboarding_completed
752,2026-04-28 00:00:00,signup
752,2026-04-28 23:00:00,onboarding_started
752,2026-04-29 05:00:00,onboarding_completed
752,2026-05-02 05:00:00,project_created
752,2026-05-03 05:00:00,teammate_invited
752,2026-06-01 00:00:00,dashboard_viewed
753,2026-01-03 00:00:00,signup
753,2026-01-03 10:00:00,onboarding_started
754,2026-05-03 00:00:00,signup
754,2026-05-03 12:00:00,onboarding_started
754,2026-05-03 14:00:00,onboarding_completed
755,2026-02-19 00:00:00,signup
756,2026-01-12 00:00:00,signup
756,2026-01-12 03:00:00,onboarding_started
756,2026-01-12 12:00:00,onboarding_completed
757,2026-02-23 00:00:00,signup
757,2026-02-23 11:00:00,onboarding_started
757,2026-02-23 22:00:00,onboarding_completed
758,2026-05-13 00:00:00,signup
758,2026-05-13 07:00:00,onboarding_started
758,2026-05-13 09:00:00,onboarding_completed
758,2026-05-16 09:00:00,project_created
758,2026-05-16 09:00:00,teammate_invited
758,2026-05-17 09:00:00,report_created
758,2026-05-20 09:00:00,integration_connected
759,2026-02-26 00:00:00,signup
759,2026-02-26 11:00:00,onboarding_started
759,2026-02-26 16:00:00,onboarding_completed
759,2026-02-28 16:00:00,project_created
759,2026-02-28 16:00:00,teammate_invited
759,2026-02-28 16:00:00,integration_connected
759,2026-03-02 16:00:00,report_created
760,2026-05-25 00:00:00,signup
760,2026-05-25 02:00:00,onboarding_started
760,2026-05-25 03:00:00,onboarding_completed
760,2026-05-27 03:00:00,project_created
760,2026-05-28 03:00:00,teammate_invited
760,2026-07-03 00:00:00,dashboard_viewed
761,2026-04-22 00:00:00,signup
761,2026-04-22 14:00:00,onboarding_started
761,2026-04-22 16:00:00,onboarding_completed
762,2026-02-16 00:00:00,signup
762,2026-02-16 16:00:00,onboarding_started
762,2026-02-17 00:00:00,onboarding_completed
762,2026-02-19 00:00:00,project_created
762,2026-02-24 00:00:00,report_created
763,2026-05-31 00:00:00,signup
763,2026-05-31 18:00:00,onboarding_started
763,2026-05-31 21:00:00,onboarding_completed
763,2026-05-31 21:00:00,project_created
763,2026-06-02 21:00:00,teammate_invited
763,2026-06-03 21:00:00,integration_connected
763,2026-07-01 00:00:00,dashboard_viewed
764,2026-03-26 00:00:00,signup
764,2026-03-26 01:00:00,onboarding_started
765,2026-05-22 00:00:00,signup
765,2026-05-22 12:00:00,onboarding_started
765,2026-05-22 14:00:00,onboarding_completed
766,2026-03-07 00:00:00,signup
766,2026-03-07 08:00:00,onboarding_started
766,2026-03-07 18:00:00,onboarding_completed
766,2026-03-10 18:00:00,project_created
766,2026-03-12 18:00:00,teammate_invited
766,2026-03-15 18:00:00,report_created
767,2026-03-16 00:00:00,signup
767,2026-03-16 09:00:00,onboarding_started
768,2026-06-28 00:00:00,signup
768,2026-06-28 07:00:00,onboarding_started
768,2026-06-28 14:00:00,onboarding_completed
768,2026-06-29 14:00:00,project_created
768,2026-07-02 14:00:00,report_created
769,2026-04-13 00:00:00,signup
770,2026-06-15 00:00:00,signup
770,2026-06-15 10:00:00,onboarding_started
770,2026-06-15 21:00:00,onboarding_completed
771,2026-02-07 00:00:00,signup
771,2026-02-07 22:00:00,onboarding_started
771,2026-02-08 01:00:00,onboarding_completed
771,2026-02-09 01:00:00,project_created
771,2026-02-12 01:00:00,integration_connected
771,2026-02-13 01:00:00,report_created
771,2026-03-09 00:00:00,dashboard_viewed
772,2026-02-19 00:00:00,signup
772,2026-02-19 10:00:00,onboarding_started
772,2026-02-19 11:00:00,onboarding_completed
772,2026-02-21 11:00:00,project_created
772,2026-02-23 11:00:00,integration_connected
772,2026-02-24 11:00:00,report_created
772,2026-03-24 00:00:00,dashboard_viewed
773,2026-04-08 00:00:00,signup
774,2026-03-23 00:00:00,signup
774,2026-03-23 23:00:00,onboarding_started
774,2026-03-24 03:00:00,onboarding_completed
774,2026-03-27 03:00:00,project_created
774,2026-03-29 03:00:00,teammate_invited
774,2026-04-29 00:00:00,dashboard_viewed
775,2026-01-30 00:00:00,signup
775,2026-01-30 14:00:00,onboarding_started
775,2026-01-30 16:00:00,onboarding_completed
775,2026-02-01 16:00:00,project_created
776,2026-03-20 00:00:00,signup
777,2026-04-01 00:00:00,signup
777,2026-04-01 03:00:00,onboarding_started
777,2026-04-01 07:00:00,onboarding_completed
778,2026-06-28 00:00:00,signup
778,2026-06-28 08:00:00,onboarding_started
778,2026-06-28 14:00:00,onboarding_completed
778,2026-07-01 14:00:00,project_created
778,2026-07-01 14:00:00,teammate_invited
778,2026-07-06 14:00:00,report_created
778,2026-08-01 00:00:00,dashboard_viewed
779,2026-02-21 00:00:00,signup
779,2026-02-21 01:00:00,onboarding_started
780,2026-06-15 00:00:00,signup
780,2026-06-15 11:00:00,onboarding_started
780,2026-06-15 20:00:00,onboarding_completed
780,2026-06-16 20:00:00,project_created
780,2026-06-16 20:00:00,teammate_invited
781,2026-03-20 00:00:00,signup
781,2026-03-20 13:00:00,onboarding_started
781,2026-03-20 18:00:00,onboarding_completed
781,2026-03-20 18:00:00,project_created
782,2026-01-30 00:00:00,signup
782,2026-01-30 16:00:00,onboarding_started
782,2026-01-30 22:00:00,onboarding_completed
782,2026-01-31 22:00:00,project_created
782,2026-02-04 22:00:00,integration_connected
782,2026-02-06 22:00:00,report_created
782,2026-03-08 00:00:00,dashboard_viewed
783,2026-04-16 00:00:00,signup
783,2026-04-16 15:00:00,onboarding_started
784,2026-02-20 00:00:00,signup
785,2026-03-22 00:00:00,signup
785,2026-03-22 11:00:00,onboarding_started
786,2026-05-13 00:00:00,signup
786,2026-05-13 21:00:00,onboarding_started
787,2026-01-29 00:00:00,signup
787,2026-01-29 17:00:00,onboarding_started
787,2026-01-29 20:00:00,onboarding_completed
787,2026-01-30 20:00:00,project_created
787,2026-02-01 20:00:00,teammate_invited
787,2026-02-02 20:00:00,report_created
787,2026-03-08 00:00:00,dashboard_viewed
788,2026-05-12 00:00:00,signup
789,2026-05-18 00:00:00,signup
790,2026-05-25 00:00:00,signup
790,2026-05-25 03:00:00,onboarding_started
790,2026-05-25 07:00:00,onboarding_completed
790,2026-05-25 07:00:00,project_created
790,2026-06-24 00:00:00,dashboard_viewed
791,2026-03-15 00:00:00,signup
792,2026-01-17 00:00:00,signup
792,2026-01-17 17:00:00,onboarding_started
792,2026-01-17 20:00:00,onboarding_completed
793,2026-03-25 00:00:00,signup
794,2026-03-10 00:00:00,signup
794,2026-03-10 18:00:00,onboarding_started
795,2026-02-03 00:00:00,signup
795,2026-02-03 01:00:00,onboarding_started
795,2026-02-03 06:00:00,onboarding_completed
795,2026-02-06 06:00:00,project_created
795,2026-02-06 06:00:00,integration_connected
796,2026-01-06 00:00:00,signup
796,2026-01-06 04:00:00,onboarding_started
796,2026-01-06 05:00:00,onboarding_completed
797,2026-02-22 00:00:00,signup
797,2026-02-22 18:00:00,onboarding_started
797,2026-02-22 19:00:00,onboarding_completed
798,2026-05-06 00:00:00,signup
798,2026-05-06 18:00:00,onboarding_started
799,2026-02-12 00:00:00,signup
799,2026-02-12 07:00:00,onboarding_started
800,2026-04-25 00:00:00,signup
800,2026-04-25 15:00:00,onboarding_started
800,2026-04-25 16:00:00,onboarding_completed
800,2026-04-26 16:00:00,project_created
800,2026-05-27 00:00:00,dashboard_viewed
801,2026-04-21 00:00:00,signup
801,2026-04-21 13:00:00,onboarding_started
801,2026-04-21 21:00:00,onboarding_completed
801,2026-04-22 21:00:00,project_created
801,2026-04-24 21:00:00,integration_connected
801,2026-05-21 00:00:00,dashboard_viewed
802,2026-05-31 00:00:00,signup
802,2026-05-31 17:00:00,onboarding_started
802,2026-06-01 02:00:00,onboarding_completed
803,2026-03-21 00:00:00,signup
803,2026-03-21 01:00:00,onboarding_started
804,2026-04-05 00:00:00,signup
805,2026-04-28 00:00:00,signup
805,2026-04-28 23:00:00,onboarding_started
806,2026-05-24 00:00:00,signup
806,2026-05-24 16:00:00,onboarding_started
806,2026-05-25 01:00:00,onboarding_completed
807,2026-01-08 00:00:00,signup
807,2026-01-08 09:00:00,onboarding_started
807,2026-01-08 17:00:00,onboarding_completed
807,2026-01-08 17:00:00,project_created
807,2026-01-11 17:00:00,report_created
807,2026-02-14 00:00:00,dashboard_viewed
808,2026-05-12 00:00:00,signup
808,2026-05-12 21:00:00,onboarding_started
809,2026-04-14 00:00:00,signup
809,2026-04-14 18:00:00,onboarding_started
809,2026-04-14 22:00:00,onboarding_completed
809,2026-04-14 22:00:00,project_created
809,2026-04-15 22:00:00,report_created
810,2026-05-12 00:00:00,signup
810,2026-05-12 23:00:00,onboarding_started
810,2026-05-13 02:00:00,onboarding_completed
811,2026-01-25 00:00:00,signup
811,2026-01-25 03:00:00,onboarding_started
812,2026-04-06 00:00:00,signup
812,2026-04-06 17:00:00,onboarding_started
812,2026-04-06 21:00:00,onboarding_completed
812,2026-04-06 21:00:00,project_created
812,2026-04-06 21:00:00,teammate_invited
812,2026-04-07 21:00:00,integration_connected
812,2026-05-10 00:00:00,dashboard_viewed
813,2026-06-04 00:00:00,signup
813,2026-06-04 15:00:00,onboarding_started
814,2026-04-03 00:00:00,signup
814,2026-04-03 20:00:00,onboarding_started
815,2026-06-09 00:00:00,signup
815,2026-06-09 06:00:00,onboarding_started
816,2026-06-27 00:00:00,signup
816,2026-06-27 02:00:00,onboarding_started
816,2026-06-27 08:00:00,onboarding_completed
816,2026-06-27 08:00:00,project_created
817,2026-03-02 00:00:00,signup
817,2026-03-02 16:00:00,onboarding_started
817,2026-03-02 18:00:00,onboarding_completed
818,2026-05-02 00:00:00,signup
818,2026-05-02 18:00:00,onboarding_started
819,2026-02-20 00:00:00,signup
820,2026-05-27 00:00:00,signup
820,2026-05-27 05:00:00,onboarding_started
820,2026-05-27 15:00:00,onboarding_completed
820,2026-05-30 15:00:00,project_created
821,2026-01-21 00:00:00,signup
821,2026-01-21 06:00:00,onboarding_started
822,2026-01-05 00:00:00,signup
822,2026-01-05 20:00:00,onboarding_started
822,2026-01-06 03:00:00,onboarding_completed
822,2026-01-07 03:00:00,project_created
822,2026-01-09 03:00:00,teammate_invited
822,2026-01-11 03:00:00,report_created
823,2026-04-02 00:00:00,signup
823,2026-04-02 02:00:00,onboarding_started
823,2026-04-02 05:00:00,onboarding_completed
823,2026-04-04 05:00:00,project_created
823,2026-04-05 05:00:00,report_created
823,2026-05-11 00:00:00,dashboard_viewed
824,2026-06-19 00:00:00,signup
824,2026-06-19 01:00:00,onboarding_started
824,2026-06-19 08:00:00,onboarding_completed
824,2026-06-22 08:00:00,project_created
825,2026-03-02 00:00:00,signup
825,2026-03-02 02:00:00,onboarding_started
825,2026-03-02 08:00:00,onboarding_completed
825,2026-03-05 08:00:00,project_created
825,2026-03-09 08:00:00,report_created
826,2026-01-22 00:00:00,signup
827,2026-05-29 00:00:00,signup
828,2026-03-11 00:00:00,signup
828,2026-03-11 06:00:00,onboarding_started
829,2026-01-01 00:00:00,signup
829,2026-01-01 08:00:00,onboarding_started
829,2026-01-01 10:00:00,onboarding_completed
830,2026-05-13 00:00:00,signup
830,2026-05-13 20:00:00,onboarding_started
830,2026-05-14 02:00:00,onboarding_completed
831,2026-01-12 00:00:00,signup
832,2026-03-31 00:00:00,signup
832,2026-03-31 05:00:00,onboarding_started
832,2026-03-31 15:00:00,onboarding_completed
832,2026-04-01 15:00:00,project_created
832,2026-04-02 15:00:00,teammate_invited
832,2026-04-07 15:00:00,report_created
832,2026-05-03 00:00:00,dashboard_viewed
833,2026-02-15 00:00:00,signup
833,2026-02-15 08:00:00,onboarding_started
834,2026-02-03 00:00:00,signup
834,2026-02-03 01:00:00,onboarding_started
834,2026-02-03 05:00:00,onboarding_completed
834,2026-02-03 05:00:00,project_created
834,2026-02-06 05:00:00,report_created
834,2026-03-11 00:00:00,dashboard_viewed
835,2026-06-26 00:00:00,signup
835,2026-06-26 05:00:00,onboarding_started
835,2026-06-26 10:00:00,onboarding_completed
835,2026-06-27 10:00:00,project_created
836,2026-03-19 00:00:00,signup
836,2026-03-19 11:00:00,onboarding_started
836,2026-03-19 14:00:00,onboarding_completed
837,2026-02-14 00:00:00,signup
838,2026-06-04 00:00:00,signup
838,2026-06-04 12:00:00,onboarding_started
838,2026-06-04 17:00:00,onboarding_completed
838,2026-06-04 17:00:00,project_created
838,2026-06-06 17:00:00,report_created
839,2026-03-14 00:00:00,signup
839,2026-03-14 11:00:00,onboarding_started
840,2026-01-26 00:00:00,signup
840,2026-01-26 15:00:00,onboarding_started
840,2026-01-27 02:00:00,onboarding_completed
840,2026-01-29 02:00:00,project_created
840,2026-02-26 00:00:00,dashboard_viewed
841,2026-02-16 00:00:00,signup
841,2026-02-16 02:00:00,onboarding_started
842,2026-05-01 00:00:00,signup
842,2026-05-01 08:00:00,onboarding_started
843,2026-02-25 00:00:00,signup
843,2026-02-25 17:00:00,onboarding_started
844,2026-04-04 00:00:00,signup
844,2026-04-04 21:00:00,onboarding_started
844,2026-04-05 06:00:00,onboarding_completed
844,2026-04-08 06:00:00,project_created
845,2026-04-17 00:00:00,signup
845,2026-04-17 11:00:00,onboarding_started
845,2026-04-17 17:00:00,onboarding_completed
845,2026-04-19 17:00:00,project_created
845,2026-04-20 17:00:00,integration_connected
846,2026-03-04 00:00:00,signup
846,2026-03-04 06:00:00,onboarding_started
846,2026-03-04 10:00:00,onboarding_completed
847,2026-02-17 00:00:00,signup
847,2026-02-17 20:00:00,onboarding_started
847,2026-02-18 01:00:00,onboarding_completed
847,2026-02-18 01:00:00,project_created
848,2026-03-02 00:00:00,signup
848,2026-03-02 15:00:00,onboarding_started
848,2026-03-02 19:00:00,onboarding_completed
848,2026-03-02 19:00:00,project_created
848,2026-03-04 19:00:00,integration_connected
849,2026-03-22 00:00:00,signup
850,2026-01-26 00:00:00,signup
850,2026-01-26 20:00:00,onboarding_started
851,2026-02-05 00:00:00,signup
851,2026-02-05 06:00:00,onboarding_started
851,2026-02-05 11:00:00,onboarding_completed
852,2026-01-01 00:00:00,signup
852,2026-01-01 03:00:00,onboarding_started
852,2026-01-01 06:00:00,onboarding_completed
852,2026-01-03 06:00:00,project_created
853,2026-01-08 00:00:00,signup
854,2026-04-23 00:00:00,signup
854,2026-04-23 20:00:00,onboarding_started
854,2026-04-24 02:00:00,onboarding_completed
854,2026-04-25 02:00:00,project_created
854,2026-04-27 02:00:00,teammate_invited
854,2026-04-27 02:00:00,integration_connected
854,2026-04-29 02:00:00,report_created
854,2026-05-31 00:00:00,dashboard_viewed
855,2026-04-09 00:00:00,signup
855,2026-04-09 15:00:00,onboarding_started
855,2026-04-09 22:00:00,onboarding_completed
856,2026-06-29 00:00:00,signup
856,2026-06-29 14:00:00,onboarding_started
857,2026-02-16 00:00:00,signup
857,2026-02-16 03:00:00,onboarding_started
857,2026-02-16 12:00:00,onboarding_completed
858,2026-05-07 00:00:00,signup
858,2026-05-07 06:00:00,onboarding_started
858,2026-05-07 08:00:00,onboarding_completed
858,2026-05-09 08:00:00,project_created
858,2026-05-11 08:00:00,teammate_invited
858,2026-05-15 08:00:00,report_created
859,2026-02-25 00:00:00,signup
859,2026-02-25 04:00:00,onboarding_started
859,2026-02-25 11:00:00,onboarding_completed
859,2026-02-25 11:00:00,project_created
859,2026-02-25 11:00:00,teammate_invited
859,2026-03-29 00:00:00,dashboard_viewed
860,2026-01-14 00:00:00,signup
860,2026-01-14 12:00:00,onboarding_started
861,2026-01-28 00:00:00,signup
861,2026-01-28 06:00:00,onboarding_started
861,2026-01-28 12:00:00,onboarding_completed
861,2026-01-29 12:00:00,project_created
861,2026-01-30 12:00:00,teammate_invited
861,2026-02-01 12:00:00,report_created
862,2026-03-19 00:00:00,signup
862,2026-03-19 08:00:00,onboarding_started
862,2026-03-19 14:00:00,onboarding_completed
862,2026-03-21 14:00:00,project_created
862,2026-03-24 14:00:00,report_created
863,2026-05-10 00:00:00,signup
863,2026-05-10 02:00:00,onboarding_started
864,2026-04-19 00:00:00,signup
864,2026-04-19 17:00:00,onboarding_started
864,2026-04-19 23:00:00,onboarding_completed
864,2026-04-22 23:00:00,project_created
864,2026-04-24 23:00:00,teammate_invited
864,2026-04-26 23:00:00,integration_connected
864,2026-04-28 23:00:00,report_created
865,2026-06-03 00:00:00,signup
866,2026-01-14 00:00:00,signup
866,2026-01-14 11:00:00,onboarding_started
867,2026-02-25 00:00:00,signup
868,2026-04-25 00:00:00,signup
868,2026-04-25 02:00:00,onboarding_started
868,2026-04-25 11:00:00,onboarding_completed
869,2026-01-07 00:00:00,signup
869,2026-01-07 03:00:00,onboarding_started
869,2026-01-07 09:00:00,onboarding_completed
869,2026-01-10 09:00:00,project_created
870,2026-01-03 00:00:00,signup
870,2026-01-03 23:00:00,onboarding_started
870,2026-01-04 01:00:00,onboarding_completed
870,2026-01-06 01:00:00,project_created
870,2026-01-06 01:00:00,teammate_invited
870,2026-01-10 01:00:00,integration_connected
871,2026-04-21 00:00:00,signup
871,2026-04-21 11:00:00,onboarding_started
871,2026-04-21 15:00:00,onboarding_completed
871,2026-04-23 15:00:00,project_created
871,2026-04-25 15:00:00,teammate_invited
872,2026-05-31 00:00:00,signup
872,2026-05-31 23:00:00,onboarding_started
872,2026-06-01 02:00:00,onboarding_completed
872,2026-06-04 02:00:00,project_created
872,2026-06-06 02:00:00,teammate_invited
872,2026-07-07 00:00:00,dashboard_viewed
873,2026-04-17 00:00:00,signup
873,2026-04-17 19:00:00,onboarding_started
873,2026-04-18 00:00:00,onboarding_completed
874,2026-01-18 00:00:00,signup
874,2026-01-18 07:00:00,onboarding_started
874,2026-01-18 16:00:00,onboarding_completed
874,2026-01-21 16:00:00,project_created
874,2026-01-25 16:00:00,integration_connected
874,2026-01-27 16:00:00,report_created
874,2026-02-23 00:00:00,dashboard_viewed
875,2026-02-07 00:00:00,signup
875,2026-02-07 01:00:00,onboarding_started
875,2026-02-07 12:00:00,onboarding_completed
875,2026-02-09 12:00:00,project_created
875,2026-02-09 12:00:00,teammate_invited
875,2026-03-16 00:00:00,dashboard_viewed
876,2026-04-25 00:00:00,signup
877,2026-01-15 00:00:00,signup
877,2026-01-15 04:00:00,onboarding_started
877,2026-01-15 12:00:00,onboarding_completed
877,2026-01-17 12:00:00,project_created
878,2026-04-29 00:00:00,signup
878,2026-04-29 03:00:00,onboarding_started
879,2026-01-28 00:00:00,signup
879,2026-01-28 05:00:00,onboarding_started
879,2026-01-28 14:00:00,onboarding_completed
880,2026-02-08 00:00:00,signup
880,2026-02-08 23:00:00,onboarding_started
880,2026-02-09 02:00:00,onboarding_completed
880,2026-02-11 02:00:00,project_created
880,2026-02-13 02:00:00,teammate_invited
880,2026-02-14 02:00:00,integration_connected
881,2026-01-17 00:00:00,signup
882,2026-03-27 00:00:00,signup
882,2026-03-27 19:00:00,onboarding_started
882,2026-03-28 00:00:00,onboarding_completed
882,2026-03-31 00:00:00,project_created
882,2026-04-02 00:00:00,teammate_invited
882,2026-04-02 00:00:00,integration_connected
882,2026-04-06 00:00:00,report_created
883,2026-05-06 00:00:00,signup
884,2026-02-13 00:00:00,signup
884,2026-02-13 22:00:00,onboarding_started
884,2026-02-14 04:00:00,onboarding_completed
884,2026-02-17 04:00:00,project_created
884,2026-02-18 04:00:00,teammate_invited
884,2026-03-23 00:00:00,dashboard_viewed
885,2026-01-25 00:00:00,signup
885,2026-01-25 15:00:00,onboarding_started
885,2026-01-25 20:00:00,onboarding_completed
885,2026-01-26 20:00:00,project_created
885,2026-01-27 20:00:00,teammate_invited
885,2026-02-01 20:00:00,report_created
885,2026-02-24 00:00:00,dashboard_viewed
886,2026-05-25 00:00:00,signup
887,2026-01-13 00:00:00,signup
887,2026-01-13 02:00:00,onboarding_started
887,2026-01-13 10:00:00,onboarding_completed
887,2026-01-15 10:00:00,project_created
887,2026-01-15 10:00:00,integration_connected
887,2026-01-16 10:00:00,teammate_invited
887,2026-01-21 10:00:00,report_created
887,2026-02-16 00:00:00,dashboard_viewed
888,2026-01-25 00:00:00,signup
888,2026-01-25 03:00:00,onboarding_started
888,2026-01-25 10:00:00,onboarding_completed
888,2026-01-28 10:00:00,project_created
888,2026-01-30 10:00:00,teammate_invited
888,2026-01-30 10:00:00,report_created
888,2026-03-01 00:00:00,dashboard_viewed
889,2026-03-09 00:00:00,signup
889,2026-03-09 15:00:00,onboarding_started
889,2026-03-09 21:00:00,onboarding_completed
890,2026-05-18 00:00:00,signup
890,2026-05-18 09:00:00,onboarding_started
890,2026-05-18 14:00:00,onboarding_completed
891,2026-03-08 00:00:00,signup
891,2026-03-08 23:00:00,onboarding_started
891,2026-03-09 04:00:00,onboarding_completed
891,2026-03-12 04:00:00,project_created
891,2026-03-13 04:00:00,integration_connected
892,2026-04-19 00:00:00,signup
893,2026-05-26 00:00:00,signup
894,2026-04-21 00:00:00,signup
894,2026-04-21 08:00:00,onboarding_started
894,2026-04-21 10:00:00,onboarding_completed
894,2026-04-22 10:00:00,project_created
894,2026-04-24 10:00:00,integration_connected
894,2026-04-28 10:00:00,report_created
895,2026-04-21 00:00:00,signup
895,2026-04-21 02:00:00,onboarding_started
895,2026-04-21 06:00:00,onboarding_completed
895,2026-04-22 06:00:00,project_created
895,2026-04-26 06:00:00,integration_connected
895,2026-04-26 06:00:00,report_created
896,2026-02-03 00:00:00,signup
896,2026-02-03 05:00:00,onboarding_started
897,2026-04-21 00:00:00,signup
897,2026-04-21 09:00:00,onboarding_started
898,2026-01-08 00:00:00,signup
898,2026-01-08 02:00:00,onboarding_started
898,2026-01-08 04:00:00,onboarding_completed
899,2026-06-17 00:00:00,signup
899,2026-06-17 23:00:00,onboarding_started
900,2026-04-23 00:00:00,signup
900,2026-04-23 21:00:00,onboarding_started
900,2026-04-23 22:00:00,onboarding_completed
901,2026-03-24 00:00:00,signup
901,2026-03-24 04:00:00,onboarding_started
901,2026-03-24 07:00:00,onboarding_completed
901,2026-03-24 07:00:00,project_created
901,2026-03-26 07:00:00,integration_connected
901,2026-03-30 07:00:00,report_created
902,2026-02-11 00:00:00,signup
902,2026-02-11 16:00:00,onboarding_started
902,2026-02-12 00:00:00,onboarding_completed
902,2026-02-15 00:00:00,project_created
902,2026-02-18 00:00:00,integration_connected
902,2026-02-20 00:00:00,report_created
902,2026-03-17 00:00:00,dashboard_viewed
903,2026-06-18 00:00:00,signup
903,2026-06-18 10:00:00,onboarding_started
903,2026-06-18 13:00:00,onboarding_completed
903,2026-06-18 13:00:00,project_created
903,2026-06-19 13:00:00,teammate_invited
903,2026-06-20 13:00:00,report_created
903,2026-07-20 00:00:00,dashboard_viewed
904,2026-04-11 00:00:00,signup
904,2026-04-11 06:00:00,onboarding_started
904,2026-04-11 17:00:00,onboarding_completed
904,2026-04-12 17:00:00,project_created
905,2026-01-06 00:00:00,signup
905,2026-01-06 20:00:00,onboarding_started
905,2026-01-07 07:00:00,onboarding_completed
905,2026-01-09 07:00:00,project_created
905,2026-01-09 07:00:00,integration_connected
905,2026-01-11 07:00:00,teammate_invited
905,2026-01-15 07:00:00,report_created
906,2026-06-29 00:00:00,signup
906,2026-06-29 11:00:00,onboarding_started
906,2026-06-29 19:00:00,onboarding_completed
906,2026-07-01 19:00:00,project_created
906,2026-07-05 19:00:00,integration_connected
906,2026-08-01 00:00:00,dashboard_viewed
907,2026-01-26 00:00:00,signup
907,2026-01-26 09:00:00,onboarding_started
907,2026-01-26 19:00:00,onboarding_completed
907,2026-01-26 19:00:00,project_created
907,2026-01-27 19:00:00,teammate_invited
907,2026-01-30 19:00:00,integration_connected
908,2026-03-05 00:00:00,signup
909,2026-02-28 00:00:00,signup
909,2026-02-28 01:00:00,onboarding_started
909,2026-02-28 07:00:00,onboarding_completed
910,2026-04-19 00:00:00,signup
910,2026-04-19 22:00:00,onboarding_started
910,2026-04-20 02:00:00,onboarding_completed
910,2026-04-20 02:00:00,project_created
911,2026-05-01 00:00:00,signup
911,2026-05-01 07:00:00,onboarding_started
911,2026-05-01 15:00:00,onboarding_completed
911,2026-05-04 15:00:00,project_created
912,2026-02-02 00:00:00,signup
912,2026-02-02 22:00:00,onboarding_started
912,2026-02-03 01:00:00,onboarding_completed
913,2026-06-30 00:00:00,signup
913,2026-06-30 20:00:00,onboarding_started
913,2026-07-01 05:00:00,onboarding_completed
913,2026-07-02 05:00:00,project_created
914,2026-05-30 00:00:00,signup
914,2026-05-30 11:00:00,onboarding_started
914,2026-05-30 22:00:00,onboarding_completed
914,2026-05-30 22:00:00,project_created
914,2026-05-30 22:00:00,teammate_invited
914,2026-06-01 22:00:00,report_created
914,2026-07-04 00:00:00,dashboard_viewed
915,2026-01-21 00:00:00,signup
915,2026-01-21 15:00:00,onboarding_started
915,2026-01-21 22:00:00,onboarding_completed
915,2026-01-22 22:00:00,project_created
915,2026-02-28 00:00:00,dashboard_viewed
916,2026-03-11 00:00:00,signup
917,2026-04-22 00:00:00,signup
917,2026-04-22 19:00:00,onboarding_started
917,2026-04-23 06:00:00,onboarding_completed
917,2026-04-23 06:00:00,project_created
917,2026-04-24 06:00:00,integration_connected
917,2026-04-25 06:00:00,teammate_invited
918,2026-01-04 00:00:00,signup
918,2026-01-04 21:00:00,onboarding_started
918,2026-01-05 05:00:00,onboarding_completed
918,2026-01-07 05:00:00,project_created
918,2026-01-08 05:00:00,report_created
918,2026-01-10 05:00:00,integration_connected
919,2026-04-04 00:00:00,signup
919,2026-04-04 14:00:00,onboarding_started
919,2026-04-05 01:00:00,onboarding_completed
919,2026-04-07 01:00:00,project_created
919,2026-04-09 01:00:00,teammate_invited
919,2026-05-12 00:00:00,dashboard_viewed
920,2026-03-16 00:00:00,signup
920,2026-03-16 14:00:00,onboarding_started
920,2026-03-17 01:00:00,onboarding_completed
920,2026-03-19 01:00:00,project_created
921,2026-03-03 00:00:00,signup
921,2026-03-03 23:00:00,onboarding_started
922,2026-04-04 00:00:00,signup
922,2026-04-04 17:00:00,onboarding_started
923,2026-04-05 00:00:00,signup
923,2026-04-05 05:00:00,onboarding_started
923,2026-04-05 06:00:00,onboarding_completed
923,2026-04-06 06:00:00,project_created
923,2026-04-08 06:00:00,teammate_invited
923,2026-04-09 06:00:00,report_created
924,2026-06-01 00:00:00,signup
924,2026-06-01 06:00:00,onboarding_started
924,2026-06-01 14:00:00,onboarding_completed
925,2026-02-24 00:00:00,signup
925,2026-02-24 18:00:00,onboarding_started
926,2026-05-17 00:00:00,signup
927,2026-05-11 00:00:00,signup
927,2026-05-11 16:00:00,onboarding_started
927,2026-05-11 19:00:00,onboarding_completed
927,2026-05-14 19:00:00,project_created
928,2026-01-31 00:00:00,signup
928,2026-01-31 07:00:00,onboarding_started
928,2026-01-31 17:00:00,onboarding_completed
928,2026-02-01 17:00:00,project_created
928,2026-02-01 17:00:00,teammate_invited
928,2026-02-03 17:00:00,integration_connected
928,2026-02-04 17:00:00,report_created
929,2026-02-09 00:00:00,signup
929,2026-02-09 22:00:00,onboarding_started
929,2026-02-10 08:00:00,onboarding_completed
929,2026-02-10 08:00:00,project_created
929,2026-02-11 08:00:00,teammate_invited
929,2026-02-12 08:00:00,report_created
929,2026-03-19 00:00:00,dashboard_viewed
930,2026-02-05 00:00:00,signup
930,2026-02-05 14:00:00,onboarding_started
930,2026-02-05 21:00:00,onboarding_completed
930,2026-02-08 21:00:00,project_created
930,2026-02-09 21:00:00,teammate_invited
930,2026-02-11 21:00:00,report_created
931,2026-06-01 00:00:00,signup
931,2026-06-01 20:00:00,onboarding_started
931,2026-06-02 07:00:00,onboarding_completed
931,2026-06-02 07:00:00,project_created
931,2026-06-03 07:00:00,integration_connected
931,2026-06-04 07:00:00,teammate_invited
931,2026-06-06 07:00:00,report_created
931,2026-07-01 00:00:00,dashboard_viewed
932,2026-01-06 00:00:00,signup
932,2026-01-06 13:00:00,onboarding_started
932,2026-01-06 23:00:00,onboarding_completed
932,2026-01-08 23:00:00,project_created
932,2026-01-09 23:00:00,report_created
932,2026-01-10 23:00:00,teammate_invited
932,2026-02-15 00:00:00,dashboard_viewed
933,2026-03-07 00:00:00,signup
934,2026-03-16 00:00:00,signup
934,2026-03-16 11:00:00,onboarding_started
934,2026-03-16 14:00:00,onboarding_completed
935,2026-01-04 00:00:00,signup
935,2026-01-04 08:00:00,onboarding_started
935,2026-01-04 18:00:00,onboarding_completed
935,2026-01-05 18:00:00,project_created
935,2026-01-05 18:00:00,teammate_invited
935,2026-01-11 18:00:00,report_created
936,2026-03-20 00:00:00,signup
936,2026-03-20 14:00:00,onboarding_started
936,2026-03-20 22:00:00,onboarding_completed
936,2026-03-20 22:00:00,project_created
937,2026-05-14 00:00:00,signup
938,2026-04-28 00:00:00,signup
938,2026-04-28 13:00:00,onboarding_started
938,2026-04-28 23:00:00,onboarding_completed
938,2026-04-28 23:00:00,project_created
938,2026-05-01 23:00:00,integration_connected
939,2026-04-23 00:00:00,signup
939,2026-04-23 20:00:00,onboarding_started
939,2026-04-23 22:00:00,onboarding_completed
939,2026-04-24 22:00:00,project_created
940,2026-04-04 00:00:00,signup
940,2026-04-04 04:00:00,onboarding_started
940,2026-04-04 06:00:00,onboarding_completed
940,2026-04-06 06:00:00,project_created
940,2026-04-09 06:00:00,integration_connected
940,2026-04-10 06:00:00,report_created
941,2026-06-28 00:00:00,signup
942,2026-03-03 00:00:00,signup
942,2026-03-03 03:00:00,onboarding_started
942,2026-03-03 11:00:00,onboarding_completed
942,2026-03-06 11:00:00,project_created
942,2026-03-06 11:00:00,teammate_invited
942,2026-04-09 00:00:00,dashboard_viewed
943,2026-03-20 00:00:00,signup
943,2026-03-20 04:00:00,onboarding_started
943,2026-03-20 10:00:00,onboarding_completed
944,2026-05-16 00:00:00,signup
944,2026-05-16 14:00:00,onboarding_started
944,2026-05-16 20:00:00,onboarding_completed
945,2026-01-26 00:00:00,signup
945,2026-01-26 19:00:00,onboarding_started
945,2026-01-27 05:00:00,onboarding_completed
946,2026-06-28 00:00:00,signup
946,2026-06-28 03:00:00,onboarding_started
947,2026-06-22 00:00:00,signup
947,2026-06-22 13:00:00,onboarding_started
947,2026-06-22 20:00:00,onboarding_completed
948,2026-02-13 00:00:00,signup
948,2026-02-13 12:00:00,onboarding_started
948,2026-02-13 18:00:00,onboarding_completed
949,2026-05-13 00:00:00,signup
949,2026-05-13 07:00:00,onboarding_started
950,2026-03-11 00:00:00,signup
950,2026-03-11 18:00:00,onboarding_started
950,2026-03-12 03:00:00,onboarding_completed
951,2026-06-03 00:00:00,signup
951,2026-06-03 20:00:00,onboarding_started
951,2026-06-04 00:00:00,onboarding_completed
951,2026-06-05 00:00:00,project_created
951,2026-06-05 00:00:00,teammate_invited
951,2026-06-11 00:00:00,report_created
952,2026-04-28 00:00:00,signup
952,2026-04-28 04:00:00,onboarding_started
953,2026-03-09 00:00:00,signup
954,2026-01-19 00:00:00,signup
955,2026-01-20 00:00:00,signup
955,2026-01-20 10:00:00,onboarding_started
956,2026-04-23 00:00:00,signup
956,2026-04-23 19:00:00,onboarding_started
956,2026-04-24 04:00:00,onboarding_completed
956,2026-04-25 04:00:00,project_created
956,2026-04-27 04:00:00,teammate_invited
956,2026-04-28 04:00:00,report_created
956,2026-05-30 00:00:00,dashboard_viewed
957,2026-05-20 00:00:00,signup
957,2026-05-20 07:00:00,onboarding_started
958,2026-02-16 00:00:00,signup
959,2026-01-01 00:00:00,signup
959,2026-01-01 01:00:00,onboarding_started
960,2026-03-31 00:00:00,signup
960,2026-03-31 03:00:00,onboarding_started
960,2026-03-31 10:00:00,onboarding_completed
960,2026-04-01 10:00:00,project_created
961,2026-05-22 00:00:00,signup
962,2026-03-05 00:00:00,signup
962,2026-03-05 04:00:00,onboarding_started
962,2026-03-05 06:00:00,onboarding_completed
962,2026-03-06 06:00:00,project_created
962,2026-03-07 06:00:00,integration_connected
962,2026-04-14 00:00:00,dashboard_viewed
963,2026-02-07 00:00:00,signup
963,2026-02-07 17:00:00,onboarding_started
963,2026-02-07 20:00:00,onboarding_completed
964,2026-02-06 00:00:00,signup
965,2026-05-06 00:00:00,signup
965,2026-05-06 23:00:00,onboarding_started
965,2026-05-07 03:00:00,onboarding_completed
966,2026-05-19 00:00:00,signup
966,2026-05-19 06:00:00,onboarding_started
966,2026-05-19 10:00:00,onboarding_completed
967,2026-04-10 00:00:00,signup
968,2026-03-18 00:00:00,signup
968,2026-03-18 02:00:00,onboarding_started
968,2026-03-18 11:00:00,onboarding_completed
969,2026-01-03 00:00:00,signup
969,2026-01-03 03:00:00,onboarding_started
970,2026-06-10 00:00:00,signup
970,2026-06-10 09:00:00,onboarding_started
970,2026-06-10 10:00:00,onboarding_completed
970,2026-06-13 10:00:00,project_created
970,2026-07-15 00:00:00,dashboard_viewed
971,2026-05-14 00:00:00,signup
971,2026-05-14 07:00:00,onboarding_started
972,2026-06-27 00:00:00,signup
972,2026-06-27 15:00:00,onboarding_started
972,2026-06-27 17:00:00,onboarding_completed
973,2026-01-10 00:00:00,signup
973,2026-01-10 21:00:00,onboarding_started
973,2026-01-11 02:00:00,onboarding_completed
973,2026-01-12 02:00:00,project_created
973,2026-01-16 02:00:00,integration_connected
973,2026-01-18 02:00:00,report_created
974,2026-01-05 00:00:00,signup
974,2026-01-05 11:00:00,onboarding_started
974,2026-01-05 13:00:00,onboarding_completed
975,2026-05-31 00:00:00,signup
975,2026-05-31 17:00:00,onboarding_started
975,2026-05-31 23:00:00,onboarding_completed
975,2026-06-02 23:00:00,project_created
975,2026-06-03 23:00:00,teammate_invited
976,2026-05-18 00:00:00,signup
977,2026-06-21 00:00:00,signup
977,2026-06-21 08:00:00,onboarding_started
977,2026-06-21 17:00:00,onboarding_completed
977,2026-06-22 17:00:00,project_created
977,2026-06-24 17:00:00,teammate_invited
977,2026-06-27 17:00:00,report_created
977,2026-07-27 00:00:00,dashboard_viewed
978,2026-05-10 00:00:00,signup
978,2026-05-10 18:00:00,onboarding_started
979,2026-01-13 00:00:00,signup
979,2026-01-13 18:00:00,onboarding_started
979,2026-01-14 04:00:00,onboarding_completed
980,2026-06-17 00:00:00,signup
980,2026-06-17 19:00:00,onboarding_started
980,2026-06-17 21:00:00,onboarding_completed
980,2026-06-20 21:00:00,project_created
980,2026-06-24 21:00:00,report_created
981,2026-05-10 00:00:00,signup
981,2026-05-10 21:00:00,onboarding_started
982,2026-03-25 00:00:00,signup
983,2026-03-06 00:00:00,signup
983,2026-03-06 17:00:00,onboarding_started
983,2026-03-06 23:00:00,onboarding_completed
983,2026-03-07 23:00:00,project_created
983,2026-03-09 23:00:00,report_created
984,2026-03-04 00:00:00,signup
984,2026-03-04 07:00:00,onboarding_started
985,2026-04-11 00:00:00,signup
985,2026-04-11 17:00:00,onboarding_started
985,2026-04-11 19:00:00,onboarding_completed
985,2026-04-14 19:00:00,project_created
985,2026-04-14 19:00:00,integration_connected
985,2026-04-16 19:00:00,report_created
986,2026-03-14 00:00:00,signup
987,2026-01-17 00:00:00,signup
988,2026-01-09 00:00:00,signup
988,2026-01-09 08:00:00,onboarding_started
988,2026-01-09 10:00:00,onboarding_completed
988,2026-01-11 10:00:00,project_created
988,2026-01-13 10:00:00,teammate_invited
989,2026-05-23 00:00:00,signup
989,2026-05-23 10:00:00,onboarding_started
990,2026-06-01 00:00:00,signup
990,2026-06-01 18:00:00,onboarding_started
991,2026-02-07 00:00:00,signup
991,2026-02-07 05:00:00,onboarding_started
992,2026-06-12 00:00:00,signup
993,2026-04-04 00:00:00,signup
993,2026-04-04 05:00:00,onboarding_started
993,2026-04-04 15:00:00,onboarding_completed
993,2026-04-07 15:00:00,project_created
994,2026-04-05 00:00:00,signup
994,2026-04-05 21:00:00,onboarding_started
994,2026-04-05 23:00:00,onboarding_completed
994,2026-04-07 23:00:00,project_created
994,2026-04-08 23:00:00,teammate_invited
994,2026-04-12 23:00:00,report_created
994,2026-05-09 00:00:00,dashboard_viewed
995,2026-02-18 00:00:00,signup
995,2026-02-18 10:00:00,onboarding_started
996,2026-03-10 00:00:00,signup
996,2026-03-10 08:00:00,onboarding_started
996,2026-03-10 15:00:00,onboarding_completed
996,2026-03-13 15:00:00,project_created
996,2026-03-18 15:00:00,report_created
996,2026-04-17 00:00:00,dashboard_viewed
997,2026-03-03 00:00:00,signup
997,2026-03-03 08:00:00,onboarding_started
998,2026-06-27 00:00:00,signup
999,2026-03-19 00:00:00,signup
999,2026-03-19 02:00:00,onboarding_started
999,2026-03-19 08:00:00,onboarding_completed
1000,2026-04-27 00:00:00,signup
1000,2026-04-27 03:00:00,onboarding_started
1000,2026-04-27 12:00:00,onboarding_completed
1000,2026-04-29 12:00:00,project_created
1000,2026-05-01 12:00:00,integration_connected
1001,2026-04-30 00:00:00,signup
1001,2026-04-30 18:00:00,onboarding_started
1002,2026-05-17 00:00:00,signup
1002,2026-05-17 06:00:00,onboarding_started
1002,2026-05-17 09:00:00,onboarding_completed
1002,2026-05-20 09:00:00,project_created
1002,2026-05-20 09:00:00,teammate_invited
1002,2026-06-20 00:00:00,dashboard_viewed
1003,2026-06-11 00:00:00,signup
1003,2026-06-11 19:00:00,onboarding_started
1003,2026-06-11 22:00:00,onboarding_completed
1003,2026-06-11 22:00:00,project_created
1003,2026-06-11 22:00:00,integration_connected
1003,2026-06-16 22:00:00,report_created
1003,2026-07-12 00:00:00,dashboard_viewed
1004,2026-03-17 00:00:00,signup
1005,2026-02-04 00:00:00,signup
1005,2026-02-04 01:00:00,onboarding_started
1005,2026-02-04 08:00:00,onboarding_completed
1005,2026-02-04 08:00:00,project_created
1005,2026-02-04 08:00:00,integration_connected
1005,2026-02-05 08:00:00,teammate_invited
1005,2026-02-09 08:00:00,report_created
1006,2026-01-01 00:00:00,signup
1006,2026-01-01 09:00:00,onboarding_started
1006,2026-01-01 20:00:00,onboarding_completed
1006,2026-01-02 20:00:00,project_created
1007,2026-02-09 00:00:00,signup
1007,2026-02-09 13:00:00,onboarding_started
1007,2026-02-09 19:00:00,onboarding_completed
1007,2026-02-10 19:00:00,project_created
1007,2026-02-10 19:00:00,integration_connected
1007,2026-02-12 19:00:00,report_created
1008,2026-03-05 00:00:00,signup
1008,2026-03-05 14:00:00,onboarding_started
1008,2026-03-05 21:00:00,onboarding_completed
1009,2026-05-30 00:00:00,signup
1009,2026-05-30 08:00:00,onboarding_started
1009,2026-05-30 17:00:00,onboarding_completed
1009,2026-05-30 17:00:00,project_created
1009,2026-06-01 17:00:00,teammate_invited
1010,2026-03-01 00:00:00,signup
1010,2026-03-01 01:00:00,onboarding_started
1010,2026-03-01 10:00:00,onboarding_completed
1010,2026-03-04 10:00:00,project_created
1010,2026-03-06 10:00:00,report_created
1011,2026-03-05 00:00:00,signup
1012,2026-04-03 00:00:00,signup
1013,2026-03-13 00:00:00,signup
1013,2026-03-13 01:00:00,onboarding_started
1013,2026-03-13 02:00:00,onboarding_completed
1014,2026-01-11 00:00:00,signup
1014,2026-01-11 06:00:00,onboarding_started
1015,2026-04-15 00:00:00,signup
1015,2026-04-15 22:00:00,onboarding_started
1015,2026-04-16 03:00:00,onboarding_completed
1015,2026-04-19 03:00:00,project_created
1015,2026-04-20 03:00:00,teammate_invited
1015,2026-04-20 03:00:00,integration_connected
1015,2026-05-18 00:00:00,dashboard_viewed
1016,2026-01-14 00:00:00,signup
1016,2026-01-14 21:00:00,onboarding_started
1016,2026-01-15 00:00:00,onboarding_completed
1016,2026-01-17 00:00:00,project_created
1016,2026-01-18 00:00:00,teammate_invited
1016,2026-01-18 00:00:00,report_created
1016,2026-02-14 00:00:00,dashboard_viewed
1017,2026-03-01 00:00:00,signup
1017,2026-03-01 18:00:00,onboarding_started
1018,2026-01-30 00:00:00,signup
1018,2026-01-30 06:00:00,onboarding_started
1018,2026-01-30 09:00:00,onboarding_completed
1019,2026-02-04 00:00:00,signup
1019,2026-02-04 17:00:00,onboarding_started
1019,2026-02-04 22:00:00,onboarding_completed
1020,2026-06-14 00:00:00,signup
1020,2026-06-14 02:00:00,onboarding_started
1020,2026-06-14 03:00:00,onboarding_completed
1020,2026-06-14 03:00:00,project_created
1021,2026-01-05 00:00:00,signup
1021,2026-01-05 02:00:00,onboarding_started
1022,2026-03-24 00:00:00,signup
1022,2026-03-24 05:00:00,onboarding_started
1022,2026-03-24 08:00:00,onboarding_completed
1023,2026-05-03 00:00:00,signup
1023,2026-05-03 01:00:00,onboarding_started
1023,2026-05-03 08:00:00,onboarding_completed
1024,2026-03-19 00:00:00,signup
1024,2026-03-19 22:00:00,onboarding_started
1025,2026-06-03 00:00:00,signup
1025,2026-06-03 21:00:00,onboarding_started
1025,2026-06-04 02:00:00,onboarding_completed
1026,2026-03-03 00:00:00,signup
1026,2026-03-03 08:00:00,onboarding_started
1026,2026-03-03 09:00:00,onboarding_completed
1026,2026-03-05 09:00:00,project_created
1026,2026-03-11 09:00:00,report_created
1027,2026-05-12 00:00:00,signup
1027,2026-05-12 05:00:00,onboarding_started
1028,2026-03-30 00:00:00,signup
1028,2026-03-30 01:00:00,onboarding_started
1028,2026-03-30 06:00:00,onboarding_completed
1028,2026-03-31 06:00:00,project_created
1028,2026-03-31 06:00:00,teammate_invited
1028,2026-04-03 06:00:00,report_created
1028,2026-05-03 00:00:00,dashboard_viewed
1029,2026-02-11 00:00:00,signup
1029,2026-02-11 12:00:00,onboarding_started
1029,2026-02-11 22:00:00,onboarding_completed
1029,2026-02-11 22:00:00,project_created
1030,2026-03-30 00:00:00,signup
1030,2026-03-30 11:00:00,onboarding_started
1030,2026-03-30 20:00:00,onboarding_completed
1031,2026-05-26 00:00:00,signup
1031,2026-05-26 11:00:00,onboarding_started
1031,2026-05-26 12:00:00,onboarding_completed
1031,2026-05-26 12:00:00,project_created
1031,2026-05-27 12:00:00,integration_connected
1031,2026-05-29 12:00:00,report_created
1032,2026-02-09 00:00:00,signup
1032,2026-02-09 19:00:00,onboarding_started
1032,2026-02-10 01:00:00,onboarding_completed
1032,2026-02-13 01:00:00,project_created
1032,2026-02-13 01:00:00,teammate_invited
1032,2026-03-11 00:00:00,dashboard_viewed
1033,2026-03-13 00:00:00,signup
1033,2026-03-13 14:00:00,onboarding_started
1033,2026-03-13 19:00:00,onboarding_completed
1033,2026-03-15 19:00:00,project_created
1033,2026-03-16 19:00:00,teammate_invited
1033,2026-03-19 19:00:00,report_created
1034,2026-02-08 00:00:00,signup
1034,2026-02-08 08:00:00,onboarding_started
1034,2026-02-08 16:00:00,onboarding_completed
1034,2026-02-11 16:00:00,project_created
1034,2026-02-11 16:00:00,teammate_invited
1034,2026-02-11 16:00:00,integration_connected
1034,2026-03-17 00:00:00,dashboard_viewed
1035,2026-04-14 00:00:00,signup
1035,2026-04-14 06:00:00,onboarding_started
1035,2026-04-14 16:00:00,onboarding_completed
1036,2026-01-14 00:00:00,signup
1037,2026-02-01 00:00:00,signup
1037,2026-02-01 14:00:00,onboarding_started
1037,2026-02-01 22:00:00,onboarding_completed
1037,2026-02-02 22:00:00,project_created
1037,2026-02-04 22:00:00,teammate_invited
1037,2026-03-04 00:00:00,dashboard_viewed
1038,2026-06-28 00:00:00,signup
1038,2026-06-28 19:00:00,onboarding_started
1038,2026-06-29 01:00:00,onboarding_completed
1038,2026-06-30 01:00:00,project_created
1038,2026-07-02 01:00:00,teammate_invited
1038,2026-08-07 00:00:00,dashboard_viewed
1039,2026-05-05 00:00:00,signup
1039,2026-05-05 12:00:00,onboarding_started
1039,2026-05-05 15:00:00,onboarding_completed
1040,2026-06-15 00:00:00,signup
1040,2026-06-15 15:00:00,onboarding_started
1040,2026-06-15 23:00:00,onboarding_completed
1041,2026-04-07 00:00:00,signup
1041,2026-04-07 23:00:00,onboarding_started
1041,2026-04-08 03:00:00,onboarding_completed
1042,2026-01-23 00:00:00,signup
1042,2026-01-23 17:00:00,onboarding_started
1042,2026-01-24 03:00:00,onboarding_completed
1042,2026-01-27 03:00:00,project_created
1042,2026-01-30 03:00:00,report_created
1042,2026-03-01 00:00:00,dashboard_viewed
1043,2026-03-04 00:00:00,signup
1043,2026-03-04 06:00:00,onboarding_started
1043,2026-03-04 16:00:00,onboarding_completed
1044,2026-05-23 00:00:00,signup
1044,2026-05-23 17:00:00,onboarding_started
1044,2026-05-23 19:00:00,onboarding_completed
1044,2026-05-24 19:00:00,project_created
1045,2026-06-02 00:00:00,signup
1046,2026-05-25 00:00:00,signup
1046,2026-05-25 18:00:00,onboarding_started
1047,2026-02-22 00:00:00,signup
1047,2026-02-22 19:00:00,onboarding_started
1047,2026-02-23 05:00:00,onboarding_completed
1047,2026-02-24 05:00:00,project_created
1048,2026-04-14 00:00:00,signup
1048,2026-04-14 15:00:00,onboarding_started
1048,2026-04-14 21:00:00,onboarding_completed
1048,2026-04-17 21:00:00,project_created
1048,2026-04-19 21:00:00,report_created
1048,2026-05-22 00:00:00,dashboard_viewed
1049,2026-04-14 00:00:00,signup
1049,2026-04-14 23:00:00,onboarding_started
1049,2026-04-15 09:00:00,onboarding_completed
1050,2026-06-28 00:00:00,signup
1051,2026-02-08 00:00:00,signup
1051,2026-02-08 07:00:00,onboarding_started
1052,2026-06-28 00:00:00,signup
1052,2026-06-28 10:00:00,onboarding_started
1052,2026-06-28 21:00:00,onboarding_completed
1053,2026-05-14 00:00:00,signup
1053,2026-05-14 05:00:00,onboarding_started
1053,2026-05-14 09:00:00,onboarding_completed
1053,2026-05-16 09:00:00,project_created
1053,2026-05-17 09:00:00,report_created
1053,2026-05-20 09:00:00,integration_connected
1054,2026-03-08 00:00:00,signup
1054,2026-03-08 21:00:00,onboarding_started
1055,2026-05-15 00:00:00,signup
1055,2026-05-15 16:00:00,onboarding_started
1056,2026-06-28 00:00:00,signup
1057,2026-02-11 00:00:00,signup
1057,2026-02-11 13:00:00,onboarding_started
1057,2026-02-12 00:00:00,onboarding_completed
1057,2026-02-15 00:00:00,project_created
1057,2026-02-15 00:00:00,teammate_invited
1057,2026-02-15 00:00:00,integration_connected
1058,2026-01-15 00:00:00,signup
1058,2026-01-15 14:00:00,onboarding_started
1058,2026-01-15 21:00:00,onboarding_completed
1058,2026-01-15 21:00:00,project_created
1059,2026-04-21 00:00:00,signup
1059,2026-04-21 14:00:00,onboarding_started
1059,2026-04-21 15:00:00,onboarding_completed
1060,2026-06-06 00:00:00,signup
1060,2026-06-06 21:00:00,onboarding_started
1061,2026-02-02 00:00:00,signup
1061,2026-02-02 13:00:00,onboarding_started
1061,2026-02-02 14:00:00,onboarding_completed
1062,2026-06-04 00:00:00,signup
1062,2026-06-04 16:00:00,onboarding_started
1062,2026-06-04 21:00:00,onboarding_completed
1062,2026-06-07 21:00:00,project_created
1062,2026-06-08 21:00:00,report_created
1063,2026-06-13 00:00:00,signup
1064,2026-06-06 00:00:00,signup
1064,2026-06-06 05:00:00,onboarding_started
1064,2026-06-06 06:00:00,onboarding_completed
1064,2026-06-07 06:00:00,project_created
1064,2026-06-08 06:00:00,teammate_invited
1064,2026-07-06 00:00:00,dashboard_viewed
1065,2026-02-07 00:00:00,signup
1065,2026-02-07 18:00:00,onboarding_started
1066,2026-04-07 00:00:00,signup
1066,2026-04-07 21:00:00,onboarding_started
1067,2026-06-04 00:00:00,signup
1067,2026-06-04 02:00:00,onboarding_started
1067,2026-06-04 07:00:00,onboarding_completed
1067,2026-06-04 07:00:00,project_created
1067,2026-06-05 07:00:00,teammate_invited
1067,2026-06-07 07:00:00,integration_connected
1067,2026-07-13 00:00:00,dashboard_viewed
1068,2026-02-02 00:00:00,signup
1068,2026-02-02 03:00:00,onboarding_started
1068,2026-02-02 06:00:00,onboarding_completed
1069,2026-03-27 00:00:00,signup
1069,2026-03-27 18:00:00,onboarding_started
1069,2026-03-28 01:00:00,onboarding_completed
1069,2026-03-30 01:00:00,project_created
1069,2026-05-03 00:00:00,dashboard_viewed
1070,2026-03-07 00:00:00,signup
1070,2026-03-07 04:00:00,onboarding_started
1070,2026-03-07 12:00:00,onboarding_completed
1070,2026-03-10 12:00:00,project_created
1070,2026-03-10 12:00:00,teammate_invited
1070,2026-03-14 12:00:00,report_created
1071,2026-01-10 00:00:00,signup
1071,2026-01-10 02:00:00,onboarding_started
1072,2026-01-05 00:00:00,signup
1072,2026-01-05 23:00:00,onboarding_started
1072,2026-01-06 00:00:00,onboarding_completed
1072,2026-01-09 00:00:00,project_created
1073,2026-05-03 00:00:00,signup
1073,2026-05-03 22:00:00,onboarding_started
1074,2026-03-15 00:00:00,signup
1074,2026-03-15 08:00:00,onboarding_started
1074,2026-03-15 14:00:00,onboarding_completed
1075,2026-04-07 00:00:00,signup
1075,2026-04-07 03:00:00,onboarding_started
1075,2026-04-07 10:00:00,onboarding_completed
1075,2026-04-10 10:00:00,project_created
1076,2026-04-28 00:00:00,signup
1076,2026-04-28 23:00:00,onboarding_started
1077,2026-02-07 00:00:00,signup
1078,2026-05-21 00:00:00,signup
1078,2026-05-21 21:00:00,onboarding_started
1078,2026-05-21 22:00:00,onboarding_completed
1079,2026-06-08 00:00:00,signup
1079,2026-06-08 10:00:00,onboarding_started
1079,2026-06-08 13:00:00,onboarding_completed
1079,2026-06-11 13:00:00,project_created
1079,2026-07-15 00:00:00,dashboard_viewed
1080,2026-02-16 00:00:00,signup
1080,2026-02-16 12:00:00,onboarding_started
1080,2026-02-16 13:00:00,onboarding_completed
1081,2026-04-19 00:00:00,signup
1082,2026-06-29 00:00:00,signup
1082,2026-06-29 19:00:00,onboarding_started
1082,2026-06-30 05:00:00,onboarding_completed
1082,2026-07-01 05:00:00,project_created
1082,2026-07-01 05:00:00,teammate_invited
1082,2026-07-07 05:00:00,report_created
1082,2026-07-31 00:00:00,dashboard_viewed
1083,2026-01-15 00:00:00,signup
1083,2026-01-15 15:00:00,onboarding_started
1083,2026-01-15 17:00:00,onboarding_completed
1083,2026-01-15 17:00:00,project_created
1084,2026-06-06 00:00:00,signup
1085,2026-05-16 00:00:00,signup
1085,2026-05-16 18:00:00,onboarding_started
1085,2026-05-16 22:00:00,onboarding_completed
1085,2026-05-17 22:00:00,project_created
1085,2026-05-23 22:00:00,report_created
1085,2026-06-23 00:00:00,dashboard_viewed
1086,2026-01-05 00:00:00,signup
1087,2026-06-06 00:00:00,signup
1087,2026-06-06 15:00:00,onboarding_started
1087,2026-06-06 19:00:00,onboarding_completed
1087,2026-06-07 19:00:00,project_created
1087,2026-06-07 19:00:00,integration_connected
1088,2026-02-16 00:00:00,signup
1088,2026-02-16 13:00:00,onboarding_started
1088,2026-02-16 18:00:00,onboarding_completed
1088,2026-02-17 18:00:00,project_created
1088,2026-02-18 18:00:00,teammate_invited
1088,2026-02-22 18:00:00,report_created
1088,2026-03-26 00:00:00,dashboard_viewed
1089,2026-03-09 00:00:00,signup
1089,2026-03-09 23:00:00,onboarding_started
1089,2026-03-10 08:00:00,onboarding_completed
1089,2026-03-10 08:00:00,project_created
1089,2026-04-09 00:00:00,dashboard_viewed
1090,2026-03-17 00:00:00,signup
1091,2026-06-22 00:00:00,signup
1091,2026-06-22 05:00:00,onboarding_started
1091,2026-06-22 16:00:00,onboarding_completed
1092,2026-05-10 00:00:00,signup
1092,2026-05-10 14:00:00,onboarding_started
1093,2026-06-04 00:00:00,signup
1094,2026-04-05 00:00:00,signup
1094,2026-04-05 04:00:00,onboarding_started
1094,2026-04-05 06:00:00,onboarding_completed
1094,2026-04-08 06:00:00,project_created
1094,2026-04-12 06:00:00,report_created
1095,2026-04-25 00:00:00,signup
1095,2026-04-25 09:00:00,onboarding_started
1095,2026-04-25 10:00:00,onboarding_completed
1095,2026-04-28 10:00:00,project_created
1095,2026-04-28 10:00:00,integration_connected
1095,2026-05-02 10:00:00,report_created
1095,2026-06-02 00:00:00,dashboard_viewed
1096,2026-06-13 00:00:00,signup
1096,2026-06-13 09:00:00,onboarding_started
1096,2026-06-13 14:00:00,onboarding_completed
1096,2026-06-13 14:00:00,project_created
1096,2026-06-13 14:00:00,integration_connected
1096,2026-07-17 00:00:00,dashboard_viewed
1097,2026-02-05 00:00:00,signup
1097,2026-02-05 10:00:00,onboarding_started
1097,2026-02-05 17:00:00,onboarding_completed
1097,2026-02-08 17:00:00,project_created
1097,2026-02-11 17:00:00,integration_connected
1098,2026-01-26 00:00:00,signup
1098,2026-01-26 13:00:00,onboarding_started
1099,2026-02-12 00:00:00,signup
1099,2026-02-12 20:00:00,onboarding_started
1099,2026-02-13 06:00:00,onboarding_completed
1100,2026-01-27 00:00:00,signup
1100,2026-01-27 06:00:00,onboarding_started
1100,2026-01-27 15:00:00,onboarding_completed
1100,2026-01-29 15:00:00,project_created
1100,2026-01-29 15:00:00,teammate_invited
1101,2026-03-10 00:00:00,signup
1101,2026-03-10 23:00:00,onboarding_started
1101,2026-03-11 07:00:00,onboarding_completed
1101,2026-03-12 07:00:00,project_created
1101,2026-03-17 07:00:00,report_created
1101,2026-04-09 00:00:00,dashboard_viewed
1102,2026-05-28 00:00:00,signup
1102,2026-05-28 04:00:00,onboarding_started
1102,2026-05-28 09:00:00,onboarding_completed
1103,2026-01-11 00:00:00,signup
1103,2026-01-11 07:00:00,onboarding_started
1103,2026-01-11 10:00:00,onboarding_completed
1103,2026-01-11 10:00:00,project_created
1103,2026-01-11 10:00:00,integration_connected
1103,2026-01-16 10:00:00,report_created
1104,2026-03-15 00:00:00,signup
1104,2026-03-15 22:00:00,onboarding_started
1105,2026-04-14 00:00:00,signup
1105,2026-04-14 15:00:00,onboarding_started
1105,2026-04-14 16:00:00,onboarding_completed
1106,2026-02-07 00:00:00,signup
1106,2026-02-07 04:00:00,onboarding_started
1106,2026-02-07 06:00:00,onboarding_completed
1106,2026-02-10 06:00:00,project_created
1106,2026-02-15 06:00:00,report_created
1107,2026-05-14 00:00:00,signup
1107,2026-05-14 06:00:00,onboarding_started
1107,2026-05-14 12:00:00,onboarding_completed
1107,2026-05-17 12:00:00,project_created
1107,2026-05-18 12:00:00,teammate_invited
1107,2026-05-21 12:00:00,report_created
1107,2026-06-22 00:00:00,dashboard_viewed
1108,2026-01-23 00:00:00,signup
1108,2026-01-23 01:00:00,onboarding_started
1109,2026-02-16 00:00:00,signup
1109,2026-02-16 09:00:00,onboarding_started
1109,2026-02-16 17:00:00,onboarding_completed
1109,2026-02-19 17:00:00,project_created
1109,2026-02-19 17:00:00,integration_connected
1109,2026-03-20 00:00:00,dashboard_viewed
1110,2026-03-31 00:00:00,signup
1110,2026-03-31 05:00:00,onboarding_started
1110,2026-03-31 10:00:00,onboarding_completed
1111,2026-02-15 00:00:00,signup
1111,2026-02-15 16:00:00,onboarding_started
1111,2026-02-15 19:00:00,onboarding_completed
1112,2026-04-17 00:00:00,signup
1112,2026-04-17 23:00:00,onboarding_started
1113,2026-05-20 00:00:00,signup
1113,2026-05-20 22:00:00,onboarding_started
1113,2026-05-21 09:00:00,onboarding_completed
1113,2026-05-23 09:00:00,project_created
1113,2026-05-25 09:00:00,teammate_invited
1113,2026-06-28 00:00:00,dashboard_viewed
1114,2026-05-21 00:00:00,signup
1114,2026-05-21 06:00:00,onboarding_started
1114,2026-05-21 09:00:00,onboarding_completed
1114,2026-05-24 09:00:00,project_created
1114,2026-05-25 09:00:00,report_created
1115,2026-04-14 00:00:00,signup
1115,2026-04-14 11:00:00,onboarding_started
1115,2026-04-14 14:00:00,onboarding_completed
1116,2026-04-21 00:00:00,signup
1116,2026-04-21 19:00:00,onboarding_started
1116,2026-04-22 00:00:00,onboarding_completed
1116,2026-04-23 00:00:00,project_created
1116,2026-04-27 00:00:00,integration_connected
1117,2026-04-14 00:00:00,signup
1117,2026-04-14 14:00:00,onboarding_started
1118,2026-03-01 00:00:00,signup
1118,2026-03-01 13:00:00,onboarding_started
1118,2026-03-02 00:00:00,onboarding_completed
1119,2026-06-20 00:00:00,signup
1119,2026-06-20 23:00:00,onboarding_started
1119,2026-06-21 07:00:00,onboarding_completed
1119,2026-06-23 07:00:00,project_created
1120,2026-04-10 00:00:00,signup
1120,2026-04-10 02:00:00,onboarding_started
1120,2026-04-10 05:00:00,onboarding_completed
1121,2026-03-09 00:00:00,signup
1121,2026-03-09 20:00:00,onboarding_started
1121,2026-03-09 21:00:00,onboarding_completed
1122,2026-05-13 00:00:00,signup
1122,2026-05-13 08:00:00,onboarding_started
1122,2026-05-13 13:00:00,onboarding_completed
1122,2026-05-14 13:00:00,project_created
1122,2026-05-15 13:00:00,teammate_invited
1122,2026-06-14 00:00:00,dashboard_viewed
1123,2026-04-30 00:00:00,signup
1124,2026-02-06 00:00:00,signup
1124,2026-02-06 18:00:00,onboarding_started
1125,2026-03-13 00:00:00,signup
1125,2026-03-13 21:00:00,onboarding_started
1125,2026-03-14 08:00:00,onboarding_completed
1125,2026-03-15 08:00:00,project_created
1126,2026-05-07 00:00:00,signup
1127,2026-04-16 00:00:00,signup
1127,2026-04-16 18:00:00,onboarding_started
1127,2026-04-17 04:00:00,onboarding_completed
1127,2026-04-19 04:00:00,project_created
1127,2026-05-17 00:00:00,dashboard_viewed
1128,2026-04-02 00:00:00,signup
1128,2026-04-02 11:00:00,onboarding_started
1128,2026-04-02 15:00:00,onboarding_completed
1129,2026-01-31 00:00:00,signup
1129,2026-01-31 18:00:00,onboarding_started
1129,2026-01-31 22:00:00,onboarding_completed
1130,2026-05-02 00:00:00,signup
1131,2026-05-17 00:00:00,signup
1132,2026-02-20 00:00:00,signup
1132,2026-02-20 06:00:00,onboarding_started
1132,2026-02-20 15:00:00,onboarding_completed
1132,2026-02-23 15:00:00,project_created
1132,2026-02-25 15:00:00,teammate_invited
1132,2026-02-25 15:00:00,report_created
1132,2026-03-30 00:00:00,dashboard_viewed
1133,2026-01-29 00:00:00,signup
1133,2026-01-29 17:00:00,onboarding_started
1134,2026-02-09 00:00:00,signup
1135,2026-02-10 00:00:00,signup
1136,2026-01-11 00:00:00,signup
1136,2026-01-11 04:00:00,onboarding_started
1136,2026-01-11 12:00:00,onboarding_completed
1136,2026-01-12 12:00:00,project_created
1136,2026-01-13 12:00:00,teammate_invited
1136,2026-01-13 12:00:00,integration_connected
1137,2026-05-31 00:00:00,signup
1137,2026-05-31 04:00:00,onboarding_started
1138,2026-01-01 00:00:00,signup
1138,2026-01-01 12:00:00,onboarding_started
1138,2026-01-01 18:00:00,onboarding_completed
1138,2026-01-03 18:00:00,project_created
1138,2026-01-06 18:00:00,report_created
1139,2026-02-15 00:00:00,signup
1140,2026-04-11 00:00:00,signup
1140,2026-04-11 18:00:00,onboarding_started
1140,2026-04-12 03:00:00,onboarding_completed
1140,2026-04-13 03:00:00,project_created
1140,2026-04-15 03:00:00,teammate_invited
1140,2026-05-12 00:00:00,dashboard_viewed
1141,2026-05-29 00:00:00,signup
1141,2026-05-29 02:00:00,onboarding_started
1141,2026-05-29 05:00:00,onboarding_completed
1141,2026-06-01 05:00:00,project_created
1141,2026-06-03 05:00:00,teammate_invited
1141,2026-07-01 00:00:00,dashboard_viewed
1142,2026-03-31 00:00:00,signup
1142,2026-03-31 20:00:00,onboarding_started
1142,2026-04-01 07:00:00,onboarding_completed
1142,2026-04-01 07:00:00,project_created
1143,2026-04-20 00:00:00,signup
1143,2026-04-20 12:00:00,onboarding_started
1143,2026-04-20 21:00:00,onboarding_completed
1143,2026-04-20 21:00:00,project_created
1143,2026-04-21 21:00:00,integration_connected
1143,2026-04-22 21:00:00,teammate_invited
1143,2026-05-23 00:00:00,dashboard_viewed
1144,2026-06-13 00:00:00,signup
1144,2026-06-13 05:00:00,onboarding_started
1144,2026-06-13 13:00:00,onboarding_completed
1144,2026-06-16 13:00:00,project_created
1144,2026-06-17 13:00:00,integration_connected
1144,2026-07-20 00:00:00,dashboard_viewed
1145,2026-02-26 00:00:00,signup
1146,2026-01-01 00:00:00,signup
1146,2026-01-01 22:00:00,onboarding_started
1146,2026-01-02 04:00:00,onboarding_completed
1146,2026-01-04 04:00:00,project_created
1146,2026-01-05 04:00:00,teammate_invited
1146,2026-02-08 00:00:00,dashboard_viewed
1147,2026-03-04 00:00:00,signup
1148,2026-02-24 00:00:00,signup
1148,2026-02-24 03:00:00,onboarding_started
1148,2026-02-24 14:00:00,onboarding_completed
1149,2026-04-25 00:00:00,signup
1149,2026-04-25 08:00:00,onboarding_started
1149,2026-04-25 11:00:00,onboarding_completed
1149,2026-04-25 11:00:00,project_created
1150,2026-06-17 00:00:00,signup
1150,2026-06-17 11:00:00,onboarding_started
1150,2026-06-17 21:00:00,onboarding_completed
1150,2026-06-17 21:00:00,project_created
1151,2026-05-23 00:00:00,signup
1151,2026-05-23 13:00:00,onboarding_started
1152,2026-05-29 00:00:00,signup
1152,2026-05-29 15:00:00,onboarding_started
1152,2026-05-29 22:00:00,onboarding_completed
1152,2026-05-31 22:00:00,project_created
1152,2026-06-03 22:00:00,report_created
1153,2026-06-24 00:00:00,signup
1153,2026-06-24 15:00:00,onboarding_started
1153,2026-06-24 16:00:00,onboarding_completed
1153,2026-06-24 16:00:00,project_created
1153,2026-06-25 16:00:00,teammate_invited
1153,2026-07-31 00:00:00,dashboard_viewed
1154,2026-02-22 00:00:00,signup
1154,2026-02-22 23:00:00,onboarding_started
1154,2026-02-23 03:00:00,onboarding_completed
1155,2026-05-17 00:00:00,signup
1156,2026-06-29 00:00:00,signup
1156,2026-06-29 14:00:00,onboarding_started
1156,2026-06-29 16:00:00,onboarding_completed
1156,2026-06-30 16:00:00,project_created
1156,2026-06-30 16:00:00,integration_connected
1156,2026-07-03 16:00:00,report_created
1156,2026-08-04 00:00:00,dashboard_viewed
1157,2026-02-26 00:00:00,signup
1157,2026-02-26 14:00:00,onboarding_started
1158,2026-04-27 00:00:00,signup
1158,2026-04-27 19:00:00,onboarding_started
1158,2026-04-28 02:00:00,onboarding_completed
1158,2026-04-28 02:00:00,project_created
1158,2026-04-28 02:00:00,teammate_invited
1158,2026-05-01 02:00:00,integration_connected
1159,2026-06-03 00:00:00,signup
1159,2026-06-03 16:00:00,onboarding_started
1159,2026-06-03 19:00:00,onboarding_completed
1160,2026-06-18 00:00:00,signup
1160,2026-06-18 01:00:00,onboarding_started
1160,2026-06-18 08:00:00,onboarding_completed
1160,2026-06-20 08:00:00,project_created
1160,2026-06-21 08:00:00,teammate_invited
1160,2026-06-24 08:00:00,integration_connected
1160,2026-07-27 00:00:00,dashboard_viewed
1161,2026-02-04 00:00:00,signup
1161,2026-02-04 15:00:00,onboarding_started
1161,2026-02-04 21:00:00,onboarding_completed
1161,2026-02-05 21:00:00,project_created
1161,2026-02-06 21:00:00,report_created
1162,2026-03-04 00:00:00,signup
1162,2026-03-04 11:00:00,onboarding_started
1162,2026-03-04 16:00:00,onboarding_completed
1162,2026-03-05 16:00:00,project_created
1163,2026-01-25 00:00:00,signup
1163,2026-01-25 08:00:00,onboarding_started
1163,2026-01-25 16:00:00,onboarding_completed
1163,2026-01-25 16:00:00,project_created
1163,2026-01-25 16:00:00,teammate_invited
1164,2026-03-31 00:00:00,signup
1164,2026-03-31 06:00:00,onboarding_started
1164,2026-03-31 08:00:00,onboarding_completed
1164,2026-04-02 08:00:00,project_created
1164,2026-04-04 08:00:00,teammate_invited
1164,2026-04-04 08:00:00,report_created
1165,2026-03-16 00:00:00,signup
1165,2026-03-16 15:00:00,onboarding_started
1165,2026-03-16 21:00:00,onboarding_completed
1165,2026-03-18 21:00:00,project_created
1165,2026-03-19 21:00:00,integration_connected
1166,2026-02-07 00:00:00,signup
1166,2026-02-07 09:00:00,onboarding_started
1166,2026-02-07 13:00:00,onboarding_completed
1167,2026-05-10 00:00:00,signup
1167,2026-05-10 05:00:00,onboarding_started
1167,2026-05-10 08:00:00,onboarding_completed
1167,2026-05-12 08:00:00,project_created
1167,2026-05-16 08:00:00,integration_connected
1168,2026-05-15 00:00:00,signup
1169,2026-06-11 00:00:00,signup
1169,2026-06-11 14:00:00,onboarding_started
1169,2026-06-12 00:00:00,onboarding_completed
1169,2026-06-14 00:00:00,project_created
1169,2026-06-16 00:00:00,report_created
1170,2026-04-01 00:00:00,signup
1170,2026-04-01 15:00:00,onboarding_started
1171,2026-01-17 00:00:00,signup
1171,2026-01-17 11:00:00,onboarding_started
1171,2026-01-17 14:00:00,onboarding_completed
1172,2026-05-08 00:00:00,signup
1172,2026-05-08 03:00:00,onboarding_started
1172,2026-05-08 09:00:00,onboarding_completed
1172,2026-05-10 09:00:00,project_created
1172,2026-05-12 09:00:00,report_created
1173,2026-06-20 00:00:00,signup
1173,2026-06-20 11:00:00,onboarding_started
1174,2026-04-18 00:00:00,signup
1174,2026-04-18 10:00:00,onboarding_started
1174,2026-04-18 21:00:00,onboarding_completed
1175,2026-06-28 00:00:00,signup
1175,2026-06-28 14:00:00,onboarding_started
1175,2026-06-28 21:00:00,onboarding_completed
1175,2026-06-30 21:00:00,project_created
1175,2026-07-02 21:00:00,teammate_invited
1175,2026-07-04 21:00:00,integration_connected
1175,2026-07-30 00:00:00,dashboard_viewed
1176,2026-06-01 00:00:00,signup
1176,2026-06-01 05:00:00,onboarding_started
1177,2026-01-25 00:00:00,signup
1177,2026-01-25 11:00:00,onboarding_started
1177,2026-01-25 16:00:00,onboarding_completed
1177,2026-01-27 16:00:00,project_created
1177,2026-01-28 16:00:00,integration_connected
1177,2026-01-29 16:00:00,teammate_invited
1178,2026-06-29 00:00:00,signup
1178,2026-06-29 19:00:00,onboarding_started
1178,2026-06-30 06:00:00,onboarding_completed
1178,2026-06-30 06:00:00,project_created
1178,2026-06-30 06:00:00,integration_connected
1178,2026-07-06 06:00:00,report_created
1178,2026-08-03 00:00:00,dashboard_viewed
1179,2026-03-29 00:00:00,signup
1179,2026-03-29 14:00:00,onboarding_started
1180,2026-06-10 00:00:00,signup
1180,2026-06-10 08:00:00,onboarding_started
1180,2026-06-10 11:00:00,onboarding_completed
1180,2026-06-11 11:00:00,project_created
1180,2026-06-16 11:00:00,report_created
1181,2026-06-26 00:00:00,signup
1181,2026-06-26 03:00:00,onboarding_started
1182,2026-01-29 00:00:00,signup
1182,2026-01-29 18:00:00,onboarding_started
1182,2026-01-29 23:00:00,onboarding_completed
1182,2026-02-01 23:00:00,project_created
1182,2026-02-04 23:00:00,report_created
1183,2026-03-04 00:00:00,signup
1183,2026-03-04 04:00:00,onboarding_started
1183,2026-03-04 13:00:00,onboarding_completed
1183,2026-03-05 13:00:00,project_created
1183,2026-03-07 13:00:00,report_created
1183,2026-03-09 13:00:00,integration_connected
1184,2026-05-30 00:00:00,signup
1184,2026-05-30 07:00:00,onboarding_started
1185,2026-06-03 00:00:00,signup
1185,2026-06-03 03:00:00,onboarding_started
1186,2026-06-05 00:00:00,signup
1186,2026-06-05 07:00:00,onboarding_started
1186,2026-06-05 14:00:00,onboarding_completed
1186,2026-06-07 14:00:00,project_created
1186,2026-06-08 14:00:00,teammate_invited
1186,2026-06-13 14:00:00,report_created
1186,2026-07-10 00:00:00,dashboard_viewed
1187,2026-04-24 00:00:00,signup
1187,2026-04-24 12:00:00,onboarding_started
1188,2026-02-18 00:00:00,signup
1188,2026-02-18 07:00:00,onboarding_started
1188,2026-02-18 14:00:00,onboarding_completed
1188,2026-02-20 14:00:00,project_created
1188,2026-02-22 14:00:00,teammate_invited
1188,2026-02-23 14:00:00,report_created
1188,2026-03-29 00:00:00,dashboard_viewed
1189,2026-03-22 00:00:00,signup
1189,2026-03-22 20:00:00,onboarding_started
1189,2026-03-23 05:00:00,onboarding_completed
1189,2026-03-24 05:00:00,project_created
1189,2026-03-25 05:00:00,teammate_invited
1189,2026-03-25 05:00:00,integration_connected
1189,2026-03-25 05:00:00,report_created
1189,2026-05-01 00:00:00,dashboard_viewed
1190,2026-03-25 00:00:00,signup
1190,2026-03-25 17:00:00,onboarding_started
1190,2026-03-25 23:00:00,onboarding_completed
1190,2026-03-26 23:00:00,project_created
1190,2026-03-29 23:00:00,report_created
1191,2026-04-15 00:00:00,signup
1191,2026-04-15 21:00:00,onboarding_started
1192,2026-06-26 00:00:00,signup
1192,2026-06-26 07:00:00,onboarding_started
1193,2026-05-28 00:00:00,signup
1193,2026-05-28 13:00:00,onboarding_started
1194,2026-04-28 00:00:00,signup
1194,2026-04-28 07:00:00,onboarding_started
1194,2026-04-28 16:00:00,onboarding_completed
1194,2026-05-01 16:00:00,project_created
1194,2026-05-05 16:00:00,report_created
1195,2026-03-27 00:00:00,signup
1196,2026-03-04 00:00:00,signup
1197,2026-04-14 00:00:00,signup
1197,2026-04-14 13:00:00,onboarding_started
1198,2026-02-18 00:00:00,signup
1198,2026-02-18 03:00:00,onboarding_started
1199,2026-03-12 00:00:00,signup
1199,2026-03-12 21:00:00,onboarding_started
1200,2026-01-01 00:00:00,signup
1200,2026-01-01 22:00:00,onboarding_started
1200,2026-01-02 02:00:00,onboarding_completed
1200,2026-01-03 02:00:00,project_created
1200,2026-01-05 02:00:00,report_created
1201,2026-05-21 00:00:00,signup
1201,2026-05-21 02:00:00,onboarding_started
1202,2026-06-28 00:00:00,signup
1203,2026-05-03 00:00:00,signup
1204,2026-03-03 00:00:00,signup
1204,2026-03-03 08:00:00,onboarding_started
1204,2026-03-03 12:00:00,onboarding_completed
1205,2026-02-01 00:00:00,signup
1205,2026-02-01 22:00:00,onboarding_started
1205,2026-02-02 02:00:00,onboarding_completed
1205,2026-02-02 02:00:00,project_created
1205,2026-02-03 02:00:00,integration_connected
1205,2026-02-06 02:00:00,report_created
1205,2026-03-11 00:00:00,dashboard_viewed
1206,2026-06-07 00:00:00,signup
1206,2026-06-07 01:00:00,onboarding_started
1206,2026-06-07 06:00:00,onboarding_completed
1206,2026-06-08 06:00:00,project_created
1206,2026-06-10 06:00:00,teammate_invited
1206,2026-06-12 06:00:00,integration_connected
1206,2026-06-13 06:00:00,report_created
1207,2026-01-29 00:00:00,signup
1207,2026-01-29 14:00:00,onboarding_started
1207,2026-01-29 17:00:00,onboarding_completed
1208,2026-02-18 00:00:00,signup
1208,2026-02-18 05:00:00,onboarding_started
1209,2026-06-22 00:00:00,signup
1210,2026-01-30 00:00:00,signup
1210,2026-01-30 22:00:00,onboarding_started
1210,2026-01-31 02:00:00,onboarding_completed
1210,2026-02-01 02:00:00,project_created
1210,2026-02-01 02:00:00,teammate_invited
1210,2026-02-02 02:00:00,integration_connected
1210,2026-02-03 02:00:00,report_created
1210,2026-03-05 00:00:00,dashboard_viewed
1211,2026-05-24 00:00:00,signup
1211,2026-05-24 20:00:00,onboarding_started
1211,2026-05-25 02:00:00,onboarding_completed
1211,2026-05-25 02:00:00,project_created
1211,2026-05-27 02:00:00,report_created
1212,2026-06-17 00:00:00,signup
1212,2026-06-17 16:00:00,onboarding_started
1212,2026-06-17 23:00:00,onboarding_completed
1213,2026-01-19 00:00:00,signup
1213,2026-01-19 22:00:00,onboarding_started
1213,2026-01-20 01:00:00,onboarding_completed
1213,2026-01-22 01:00:00,project_created
1213,2026-02-18 00:00:00,dashboard_viewed
1214,2026-01-18 00:00:00,signup
1214,2026-01-18 04:00:00,onboarding_started
1214,2026-01-18 15:00:00,onboarding_completed
1215,2026-01-01 00:00:00,signup
1215,2026-01-01 20:00:00,onboarding_started
1215,2026-01-02 06:00:00,onboarding_completed
1215,2026-01-03 06:00:00,project_created
1215,2026-01-07 06:00:00,report_created
1216,2026-03-19 00:00:00,signup
1216,2026-03-19 19:00:00,onboarding_started
1217,2026-04-25 00:00:00,signup
1218,2026-06-24 00:00:00,signup
1218,2026-06-24 21:00:00,onboarding_started
1218,2026-06-24 22:00:00,onboarding_completed
1218,2026-06-26 22:00:00,project_created
1219,2026-04-23 00:00:00,signup
1219,2026-04-23 23:00:00,onboarding_started
1219,2026-04-24 00:00:00,onboarding_completed
1220,2026-04-24 00:00:00,signup
1220,2026-04-24 22:00:00,onboarding_started
1220,2026-04-24 23:00:00,onboarding_completed
1220,2026-04-25 23:00:00,project_created
1220,2026-04-29 23:00:00,report_created
1221,2026-06-15 00:00:00,signup
1222,2026-06-28 00:00:00,signup
1222,2026-06-28 10:00:00,onboarding_started
1223,2026-03-04 00:00:00,signup
1223,2026-03-04 15:00:00,onboarding_started
1224,2026-05-12 00:00:00,signup
1224,2026-05-12 20:00:00,onboarding_started
1224,2026-05-13 05:00:00,onboarding_completed
1225,2026-05-09 00:00:00,signup
1225,2026-05-09 06:00:00,onboarding_started
1225,2026-05-09 08:00:00,onboarding_completed
1225,2026-05-10 08:00:00,project_created
1225,2026-05-11 08:00:00,report_created
1225,2026-05-13 08:00:00,integration_connected
1225,2026-06-09 00:00:00,dashboard_viewed
1226,2026-01-08 00:00:00,signup
1226,2026-01-08 21:00:00,onboarding_started
1226,2026-01-09 04:00:00,onboarding_completed
1226,2026-01-11 04:00:00,project_created
1226,2026-01-12 04:00:00,teammate_invited
1226,2026-01-17 04:00:00,report_created
1226,2026-02-13 00:00:00,dashboard_viewed
1227,2026-06-06 00:00:00,signup
1227,2026-06-06 10:00:00,onboarding_started
1228,2026-02-24 00:00:00,signup
1228,2026-02-24 03:00:00,onboarding_started
1228,2026-02-24 06:00:00,onboarding_completed
1228,2026-02-25 06:00:00,project_created
1228,2026-03-03 06:00:00,report_created
1229,2026-04-13 00:00:00,signup
1229,2026-04-13 18:00:00,onboarding_started
1229,2026-04-13 22:00:00,onboarding_completed
1229,2026-04-15 22:00:00,project_created
1229,2026-05-21 00:00:00,dashboard_viewed
1230,2026-05-11 00:00:00,signup
1231,2026-02-01 00:00:00,signup
1232,2026-01-10 00:00:00,signup
1232,2026-01-10 21:00:00,onboarding_started
1232,2026-01-11 02:00:00,onboarding_completed
1233,2026-04-20 00:00:00,signup
1233,2026-04-20 01:00:00,onboarding_started
1233,2026-04-20 08:00:00,onboarding_completed
1233,2026-04-22 08:00:00,project_created
1234,2026-06-11 00:00:00,signup
1234,2026-06-11 03:00:00,onboarding_started
1234,2026-06-11 07:00:00,onboarding_completed
1235,2026-05-04 00:00:00,signup
1235,2026-05-04 09:00:00,onboarding_started
1235,2026-05-04 10:00:00,onboarding_completed
1236,2026-03-28 00:00:00,signup
1237,2026-02-24 00:00:00,signup
1237,2026-02-24 01:00:00,onboarding_started
1237,2026-02-24 04:00:00,onboarding_completed
1238,2026-02-01 00:00:00,signup
1238,2026-02-01 11:00:00,onboarding_started
1238,2026-02-01 16:00:00,onboarding_completed
1238,2026-02-04 16:00:00,project_created
1238,2026-02-04 16:00:00,integration_connected
1238,2026-02-07 16:00:00,report_created
1239,2026-06-27 00:00:00,signup
1239,2026-06-27 18:00:00,onboarding_started
1240,2026-05-15 00:00:00,signup
1240,2026-05-15 16:00:00,onboarding_started
1240,2026-05-16 01:00:00,onboarding_completed
1240,2026-05-19 01:00:00,project_created
1240,2026-05-20 01:00:00,teammate_invited
1240,2026-05-22 01:00:00,report_created
1240,2026-06-23 00:00:00,dashboard_viewed
1241,2026-04-03 00:00:00,signup
1241,2026-04-03 20:00:00,onboarding_started
1241,2026-04-04 05:00:00,onboarding_completed
1242,2026-01-08 00:00:00,signup
1242,2026-01-08 16:00:00,onboarding_started
1242,2026-01-08 21:00:00,onboarding_completed
1243,2026-03-06 00:00:00,signup
1243,2026-03-06 07:00:00,onboarding_started
1243,2026-03-06 10:00:00,onboarding_completed
1243,2026-03-06 10:00:00,project_created
1244,2026-02-26 00:00:00,signup
1244,2026-02-26 21:00:00,onboarding_started
1245,2026-03-08 00:00:00,signup
1245,2026-03-08 05:00:00,onboarding_started
1245,2026-03-08 09:00:00,onboarding_completed
1245,2026-03-11 09:00:00,project_created
1245,2026-03-11 09:00:00,teammate_invited
1245,2026-03-11 09:00:00,integration_connected
1245,2026-03-14 09:00:00,report_created
1246,2026-03-13 00:00:00,signup
1246,2026-03-13 14:00:00,onboarding_started
1246,2026-03-14 01:00:00,onboarding_completed
1247,2026-02-23 00:00:00,signup
1248,2026-03-08 00:00:00,signup
1248,2026-03-08 15:00:00,onboarding_started
1248,2026-03-08 20:00:00,onboarding_completed
1248,2026-03-09 20:00:00,project_created
1248,2026-03-10 20:00:00,report_created
1248,2026-04-10 00:00:00,dashboard_viewed
1249,2026-02-20 00:00:00,signup
1249,2026-02-20 06:00:00,onboarding_started
1249,2026-02-20 13:00:00,onboarding_completed
1249,2026-02-22 13:00:00,project_created
1249,2026-02-24 13:00:00,teammate_invited
1249,2026-02-24 13:00:00,report_created
1249,2026-03-26 00:00:00,dashboard_viewed
1250,2026-04-07 00:00:00,signup
1250,2026-04-07 19:00:00,onboarding_started
1250,2026-04-07 22:00:00,onboarding_completed
1250,2026-04-08 22:00:00,project_created
1250,2026-04-09 22:00:00,teammate_invited
1251,2026-04-02 00:00:00,signup
1251,2026-04-02 11:00:00,onboarding_started
1251,2026-04-02 18:00:00,onboarding_completed
1251,2026-04-03 18:00:00,project_created
1252,2026-01-08 00:00:00,signup
1253,2026-06-11 00:00:00,signup
1253,2026-06-11 12:00:00,onboarding_started
1254,2026-02-04 00:00:00,signup
1254,2026-02-04 11:00:00,onboarding_started
1255,2026-04-06 00:00:00,signup
1256,2026-03-29 00:00:00,signup
1256,2026-03-29 02:00:00,onboarding_started
1256,2026-03-29 06:00:00,onboarding_completed
1256,2026-03-29 06:00:00,project_created
1256,2026-04-01 06:00:00,report_created
1257,2026-03-19 00:00:00,signup
1257,2026-03-19 12:00:00,onboarding_started
1257,2026-03-19 19:00:00,onboarding_completed
1257,2026-03-20 19:00:00,project_created
1257,2026-03-22 19:00:00,teammate_invited
1257,2026-04-18 00:00:00,dashboard_viewed
1258,2026-02-01 00:00:00,signup
1258,2026-02-01 22:00:00,onboarding_started
1258,2026-02-02 01:00:00,onboarding_completed
1258,2026-02-03 01:00:00,project_created
1259,2026-04-30 00:00:00,signup
1259,2026-04-30 23:00:00,onboarding_started
1259,2026-05-01 00:00:00,onboarding_completed
1259,2026-05-04 00:00:00,project_created
1259,2026-05-06 00:00:00,teammate_invited
1259,2026-05-10 00:00:00,report_created
1260,2026-02-15 00:00:00,signup
1260,2026-02-15 18:00:00,onboarding_started
1261,2026-05-24 00:00:00,signup
1261,2026-05-24 15:00:00,onboarding_started
1261,2026-05-24 18:00:00,onboarding_completed
1261,2026-05-24 18:00:00,project_created
1261,2026-05-26 18:00:00,integration_connected
1261,2026-05-27 18:00:00,report_created
1261,2026-06-29 00:00:00,dashboard_viewed
1262,2026-06-14 00:00:00,signup
1262,2026-06-14 03:00:00,onboarding_started
1262,2026-06-14 06:00:00,onboarding_completed
1262,2026-06-15 06:00:00,project_created
1262,2026-06-17 06:00:00,teammate_invited
1262,2026-07-20 00:00:00,dashboard_viewed
1263,2026-05-22 00:00:00,signup
1263,2026-05-22 08:00:00,onboarding_started
1263,2026-05-22 15:00:00,onboarding_completed
1263,2026-05-22 15:00:00,project_created
1264,2026-02-24 00:00:00,signup
1264,2026-02-24 15:00:00,onboarding_started
1264,2026-02-24 21:00:00,onboarding_completed
1265,2026-06-25 00:00:00,signup
1265,2026-06-25 23:00:00,onboarding_started
1265,2026-06-26 00:00:00,onboarding_completed
1265,2026-06-26 00:00:00,project_created
1265,2026-06-28 00:00:00,teammate_invited
1266,2026-01-07 00:00:00,signup
1266,2026-01-07 04:00:00,onboarding_started
1266,2026-01-07 13:00:00,onboarding_completed
1266,2026-01-08 13:00:00,project_created
1266,2026-01-09 13:00:00,teammate_invited
1266,2026-02-14 00:00:00,dashboard_viewed
1267,2026-03-15 00:00:00,signup
1267,2026-03-15 17:00:00,onboarding_started
1267,2026-03-16 02:00:00,onboarding_completed
1267,2026-03-16 02:00:00,project_created
1267,2026-04-24 00:00:00,dashboard_viewed
1268,2026-01-07 00:00:00,signup
1268,2026-01-07 05:00:00,onboarding_started
1268,2026-01-07 12:00:00,onboarding_completed
1268,2026-01-10 12:00:00,project_created
1268,2026-01-11 12:00:00,integration_connected
1268,2026-01-12 12:00:00,teammate_invited
1268,2026-01-14 12:00:00,report_created
1268,2026-02-06 00:00:00,dashboard_viewed
1269,2026-06-10 00:00:00,signup
1269,2026-06-10 12:00:00,onboarding_started
1269,2026-06-10 21:00:00,onboarding_completed
1269,2026-06-13 21:00:00,project_created
1269,2026-06-14 21:00:00,teammate_invited
1269,2026-06-19 21:00:00,report_created
1270,2026-05-31 00:00:00,signup
1270,2026-05-31 09:00:00,onboarding_started
1270,2026-05-31 20:00:00,onboarding_completed
1270,2026-06-02 20:00:00,project_created
1270,2026-06-04 20:00:00,report_created
1270,2026-07-08 00:00:00,dashboard_viewed
1271,2026-03-26 00:00:00,signup
1271,2026-03-26 05:00:00,onboarding_started
1271,2026-03-26 14:00:00,onboarding_completed
1271,2026-03-27 14:00:00,project_created
1271,2026-03-30 14:00:00,integration_connected
1272,2026-05-27 00:00:00,signup
1273,2026-04-22 00:00:00,signup
1274,2026-05-05 00:00:00,signup
1274,2026-05-05 21:00:00,onboarding_started
1274,2026-05-06 06:00:00,onboarding_completed
1274,2026-05-07 06:00:00,project_created
1275,2026-05-27 00:00:00,signup
1275,2026-05-27 22:00:00,onboarding_started
1275,2026-05-28 01:00:00,onboarding_completed
1275,2026-05-28 01:00:00,project_created
1275,2026-05-28 01:00:00,teammate_invited
1275,2026-07-03 00:00:00,dashboard_viewed
1276,2026-02-05 00:00:00,signup
1276,2026-02-05 05:00:00,onboarding_started
1276,2026-02-05 13:00:00,onboarding_completed
1276,2026-02-08 13:00:00,project_created
1276,2026-03-17 00:00:00,dashboard_viewed
1277,2026-01-29 00:00:00,signup
1277,2026-01-29 12:00:00,onboarding_started
1277,2026-01-29 23:00:00,onboarding_completed
1277,2026-01-30 23:00:00,project_created
1277,2026-02-01 23:00:00,teammate_invited
1277,2026-03-04 00:00:00,dashboard_viewed
1278,2026-03-23 00:00:00,signup
1278,2026-03-23 03:00:00,onboarding_started
1278,2026-03-23 06:00:00,onboarding_completed
1279,2026-01-02 00:00:00,signup
1279,2026-01-02 19:00:00,onboarding_started
1279,2026-01-02 21:00:00,onboarding_completed
1279,2026-01-02 21:00:00,project_created
1279,2026-01-03 21:00:00,teammate_invited
1279,2026-01-05 21:00:00,integration_connected
1279,2026-02-02 00:00:00,dashboard_viewed
1280,2026-05-09 00:00:00,signup
1280,2026-05-09 11:00:00,onboarding_started
1280,2026-05-09 22:00:00,onboarding_completed
1280,2026-05-11 22:00:00,project_created
1280,2026-05-11 22:00:00,teammate_invited
1281,2026-02-16 00:00:00,signup
1281,2026-02-16 07:00:00,onboarding_started
1281,2026-02-16 10:00:00,onboarding_completed
1282,2026-05-28 00:00:00,signup
1282,2026-05-28 12:00:00,onboarding_started
1282,2026-05-28 14:00:00,onboarding_completed
1282,2026-05-30 14:00:00,project_created
1282,2026-05-31 14:00:00,teammate_invited
1282,2026-06-02 14:00:00,integration_connected
1282,2026-06-05 14:00:00,report_created
1283,2026-01-11 00:00:00,signup
1283,2026-01-11 11:00:00,onboarding_started
1283,2026-01-11 19:00:00,onboarding_completed
1284,2026-05-10 00:00:00,signup
1284,2026-05-10 14:00:00,onboarding_started
1284,2026-05-10 22:00:00,onboarding_completed
1285,2026-04-29 00:00:00,signup
1285,2026-04-29 13:00:00,onboarding_started
1286,2026-05-20 00:00:00,signup
1286,2026-05-20 01:00:00,onboarding_started
1286,2026-05-20 06:00:00,onboarding_completed
1286,2026-05-23 06:00:00,project_created
1287,2026-01-20 00:00:00,signup
1287,2026-01-20 21:00:00,onboarding_started
1288,2026-01-05 00:00:00,signup
1288,2026-01-05 06:00:00,onboarding_started
1289,2026-02-06 00:00:00,signup
1289,2026-02-06 09:00:00,onboarding_started
1289,2026-02-06 16:00:00,onboarding_completed
1290,2026-06-15 00:00:00,signup
1290,2026-06-15 23:00:00,onboarding_started
1290,2026-06-16 04:00:00,onboarding_completed
1290,2026-06-16 04:00:00,project_created
1290,2026-07-19 00:00:00,dashboard_viewed
1291,2026-05-17 00:00:00,signup
1292,2026-02-22 00:00:00,signup
1292,2026-02-22 04:00:00,onboarding_started
1293,2026-06-21 00:00:00,signup
1293,2026-06-21 04:00:00,onboarding_started
1294,2026-04-09 00:00:00,signup
1294,2026-04-09 18:00:00,onboarding_started
1294,2026-04-09 22:00:00,onboarding_completed
1295,2026-03-27 00:00:00,signup
1295,2026-03-27 01:00:00,onboarding_started
1295,2026-03-27 09:00:00,onboarding_completed
1295,2026-03-30 09:00:00,project_created
1295,2026-03-31 09:00:00,report_created
1295,2026-04-03 09:00:00,integration_connected
1296,2026-04-18 00:00:00,signup
1296,2026-04-18 14:00:00,onboarding_started
1296,2026-04-18 22:00:00,onboarding_completed
1296,2026-04-18 22:00:00,project_created
1296,2026-04-20 22:00:00,report_created
1297,2026-01-24 00:00:00,signup
1298,2026-03-22 00:00:00,signup
1298,2026-03-22 23:00:00,onboarding_started
1298,2026-03-23 05:00:00,onboarding_completed
1299,2026-06-07 00:00:00,signup
1299,2026-06-07 13:00:00,onboarding_started
1299,2026-06-07 14:00:00,onboarding_completed
1299,2026-06-07 14:00:00,project_created
1299,2026-06-08 14:00:00,teammate_invited
1299,2026-06-11 14:00:00,report_created
1300,2026-04-30 00:00:00,signup
1300,2026-04-30 02:00:00,onboarding_started
1300,2026-04-30 06:00:00,onboarding_completed
1300,2026-05-03 06:00:00,project_created
1300,2026-05-04 06:00:00,teammate_invited
1301,2026-02-28 00:00:00,signup
1301,2026-02-28 17:00:00,onboarding_started
1301,2026-02-28 23:00:00,onboarding_completed
1301,2026-03-03 23:00:00,project_created
1301,2026-03-03 23:00:00,teammate_invited
1302,2026-05-08 00:00:00,signup
1302,2026-05-08 03:00:00,onboarding_started
1302,2026-05-08 10:00:00,onboarding_completed
1302,2026-05-09 10:00:00,project_created
1303,2026-04-24 00:00:00,signup
1303,2026-04-24 01:00:00,onboarding_started
1303,2026-04-24 03:00:00,onboarding_completed
1304,2026-04-25 00:00:00,signup
1305,2026-01-14 00:00:00,signup
1305,2026-01-14 20:00:00,onboarding_started
1305,2026-01-15 01:00:00,onboarding_completed
1305,2026-01-15 01:00:00,project_created
1305,2026-01-16 01:00:00,integration_connected
1305,2026-01-19 01:00:00,report_created
1306,2026-01-09 00:00:00,signup
1306,2026-01-09 16:00:00,onboarding_started
1306,2026-01-10 01:00:00,onboarding_completed
1307,2026-02-09 00:00:00,signup
1307,2026-02-09 05:00:00,onboarding_started
1307,2026-02-09 14:00:00,onboarding_completed
1307,2026-02-09 14:00:00,project_created
1307,2026-02-10 14:00:00,teammate_invited
1308,2026-01-25 00:00:00,signup
1308,2026-01-25 18:00:00,onboarding_started
1308,2026-01-26 01:00:00,onboarding_completed
1309,2026-04-13 00:00:00,signup
1309,2026-04-13 22:00:00,onboarding_started
1310,2026-01-22 00:00:00,signup
1310,2026-01-22 20:00:00,onboarding_started
1311,2026-01-04 00:00:00,signup
1311,2026-01-04 10:00:00,onboarding_started
1311,2026-01-04 12:00:00,onboarding_completed
1312,2026-06-03 00:00:00,signup
1312,2026-06-03 03:00:00,onboarding_started
1312,2026-06-03 05:00:00,onboarding_completed
1312,2026-06-06 05:00:00,project_created
1313,2026-01-29 00:00:00,signup
1313,2026-01-29 23:00:00,onboarding_started
1313,2026-01-30 06:00:00,onboarding_completed
1313,2026-01-31 06:00:00,project_created
1313,2026-02-01 06:00:00,teammate_invited
1313,2026-03-05 00:00:00,dashboard_viewed
1314,2026-04-19 00:00:00,signup
1314,2026-04-19 01:00:00,onboarding_started
1315,2026-04-08 00:00:00,signup
1315,2026-04-08 21:00:00,onboarding_started
1315,2026-04-09 03:00:00,onboarding_completed
1315,2026-04-12 03:00:00,project_created
1315,2026-04-13 03:00:00,teammate_invited
1315,2026-04-17 03:00:00,report_created
1315,2026-05-18 00:00:00,dashboard_viewed
1316,2026-02-06 00:00:00,signup
1316,2026-02-06 10:00:00,onboarding_started
1317,2026-03-16 00:00:00,signup
1317,2026-03-16 10:00:00,onboarding_started
1317,2026-03-16 14:00:00,onboarding_completed
1318,2026-03-11 00:00:00,signup
1318,2026-03-11 23:00:00,onboarding_started
1318,2026-03-12 05:00:00,onboarding_completed
1318,2026-03-14 05:00:00,project_created
1318,2026-03-16 05:00:00,report_created
1318,2026-03-18 05:00:00,integration_connected
1318,2026-04-12 00:00:00,dashboard_viewed
1319,2026-05-26 00:00:00,signup
1319,2026-05-26 07:00:00,onboarding_started
1319,2026-05-26 18:00:00,onboarding_completed
1319,2026-05-29 18:00:00,project_created
1319,2026-06-04 18:00:00,report_created
1320,2026-05-08 00:00:00,signup
1320,2026-05-08 08:00:00,onboarding_started
1320,2026-05-08 19:00:00,onboarding_completed
1321,2026-03-26 00:00:00,signup
1321,2026-03-26 18:00:00,onboarding_started
1321,2026-03-27 04:00:00,onboarding_completed
1321,2026-03-29 04:00:00,project_created
1321,2026-04-01 04:00:00,integration_connected
1322,2026-02-11 00:00:00,signup
1322,2026-02-11 07:00:00,onboarding_started
1322,2026-02-11 15:00:00,onboarding_completed
1322,2026-02-11 15:00:00,project_created
1322,2026-02-12 15:00:00,report_created
1322,2026-02-13 15:00:00,teammate_invited
1322,2026-03-14 00:00:00,dashboard_viewed
1323,2026-04-10 00:00:00,signup
1323,2026-04-10 06:00:00,onboarding_started
1324,2026-02-10 00:00:00,signup
1324,2026-02-10 07:00:00,onboarding_started
1325,2026-06-15 00:00:00,signup
1325,2026-06-15 09:00:00,onboarding_started
1325,2026-06-15 19:00:00,onboarding_completed
1326,2026-02-03 00:00:00,signup
1326,2026-02-03 04:00:00,onboarding_started
1326,2026-02-03 14:00:00,onboarding_completed
1326,2026-02-06 14:00:00,project_created
1326,2026-02-07 14:00:00,report_created
1327,2026-01-17 00:00:00,signup
1327,2026-01-17 11:00:00,onboarding_started
1327,2026-01-17 18:00:00,onboarding_completed
1327,2026-01-17 18:00:00,project_created
1327,2026-01-20 18:00:00,integration_connected
1327,2026-01-23 18:00:00,report_created
1328,2026-06-14 00:00:00,signup
1328,2026-06-14 23:00:00,onboarding_started
1328,2026-06-15 08:00:00,onboarding_completed
1328,2026-06-16 08:00:00,project_created
1329,2026-06-02 00:00:00,signup
1329,2026-06-02 15:00:00,onboarding_started
1329,2026-06-02 19:00:00,onboarding_completed
1330,2026-05-02 00:00:00,signup
1330,2026-05-02 08:00:00,onboarding_started
1330,2026-05-02 15:00:00,onboarding_completed
1330,2026-05-03 15:00:00,project_created
1331,2026-03-17 00:00:00,signup
1332,2026-03-28 00:00:00,signup
1332,2026-03-28 22:00:00,onboarding_started
1332,2026-03-29 04:00:00,onboarding_completed
1332,2026-03-29 04:00:00,project_created
1333,2026-04-27 00:00:00,signup
1333,2026-04-27 17:00:00,onboarding_started
1334,2026-04-16 00:00:00,signup
1334,2026-04-16 10:00:00,onboarding_started
1334,2026-04-16 14:00:00,onboarding_completed
1335,2026-03-27 00:00:00,signup
1335,2026-03-27 18:00:00,onboarding_started
1335,2026-03-27 22:00:00,onboarding_completed
1335,2026-03-28 22:00:00,project_created
1336,2026-01-27 00:00:00,signup
1337,2026-02-26 00:00:00,signup
1337,2026-02-26 10:00:00,onboarding_started
1337,2026-02-26 18:00:00,onboarding_completed
1337,2026-02-27 18:00:00,project_created
1337,2026-04-01 00:00:00,dashboard_viewed
1338,2026-01-31 00:00:00,signup
1338,2026-01-31 19:00:00,onboarding_started
1338,2026-02-01 04:00:00,onboarding_completed
1338,2026-02-01 04:00:00,project_created
1338,2026-02-03 04:00:00,teammate_invited
1338,2026-02-04 04:00:00,report_created
1339,2026-05-14 00:00:00,signup
1339,2026-05-14 03:00:00,onboarding_started
1339,2026-05-14 10:00:00,onboarding_completed
1339,2026-05-17 10:00:00,project_created
1339,2026-05-18 10:00:00,teammate_invited
1339,2026-05-20 10:00:00,report_created
1339,2026-06-13 00:00:00,dashboard_viewed
1340,2026-06-17 00:00:00,signup
1340,2026-06-17 03:00:00,onboarding_started
1340,2026-06-17 05:00:00,onboarding_completed
1340,2026-06-20 05:00:00,project_created
1340,2026-06-23 05:00:00,integration_connected
1340,2026-06-24 05:00:00,report_created
1341,2026-04-08 00:00:00,signup
1341,2026-04-08 20:00:00,onboarding_started
1341,2026-04-09 04:00:00,onboarding_completed
1341,2026-04-10 04:00:00,project_created
1341,2026-04-10 04:00:00,teammate_invited
1341,2026-04-12 04:00:00,report_created
1341,2026-05-14 00:00:00,dashboard_viewed
1342,2026-01-12 00:00:00,signup
1342,2026-01-12 22:00:00,onboarding_started
1343,2026-02-22 00:00:00,signup
1343,2026-02-22 10:00:00,onboarding_started
1343,2026-02-22 15:00:00,onboarding_completed
1343,2026-02-25 15:00:00,project_created
1343,2026-03-03 15:00:00,report_created
1344,2026-05-18 00:00:00,signup
1344,2026-05-18 20:00:00,onboarding_started
1344,2026-05-19 06:00:00,onboarding_completed
1344,2026-05-21 06:00:00,project_created
1344,2026-05-21 06:00:00,integration_connected
1344,2026-05-22 06:00:00,teammate_invited
1344,2026-06-21 00:00:00,dashboard_viewed
1345,2026-06-22 00:00:00,signup
1345,2026-06-22 04:00:00,onboarding_started
1345,2026-06-22 12:00:00,onboarding_completed
1345,2026-06-22 12:00:00,project_created
1346,2026-05-25 00:00:00,signup
1347,2026-06-03 00:00:00,signup
1347,2026-06-03 11:00:00,onboarding_started
1347,2026-06-03 14:00:00,onboarding_completed
1347,2026-06-04 14:00:00,project_created
1347,2026-06-07 14:00:00,report_created
1347,2026-07-13 00:00:00,dashboard_viewed
1348,2026-05-02 00:00:00,signup
1348,2026-05-02 13:00:00,onboarding_started
1348,2026-05-02 17:00:00,onboarding_completed
1348,2026-05-02 17:00:00,project_created
1348,2026-05-03 17:00:00,teammate_invited
1348,2026-05-03 17:00:00,integration_connected
1348,2026-06-10 00:00:00,dashboard_viewed
1349,2026-02-15 00:00:00,signup
1349,2026-02-15 19:00:00,onboarding_started
1349,2026-02-16 00:00:00,onboarding_completed
1349,2026-02-18 00:00:00,project_created
1350,2026-03-05 00:00:00,signup
1350,2026-03-05 05:00:00,onboarding_started
1350,2026-03-05 12:00:00,onboarding_completed
1350,2026-03-08 12:00:00,project_created
1350,2026-03-13 12:00:00,report_created
1351,2026-05-10 00:00:00,signup
1351,2026-05-10 17:00:00,onboarding_started
1351,2026-05-10 22:00:00,onboarding_completed
1351,2026-05-10 22:00:00,project_created
1351,2026-05-14 22:00:00,integration_connected
1351,2026-05-14 22:00:00,report_created
1351,2026-06-10 00:00:00,dashboard_viewed
1352,2026-02-23 00:00:00,signup
1352,2026-02-23 04:00:00,onboarding_started
1352,2026-02-23 08:00:00,onboarding_completed
1352,2026-02-26 08:00:00,project_created
1352,2026-02-26 08:00:00,teammate_invited
1353,2026-04-17 00:00:00,signup
1353,2026-04-17 01:00:00,onboarding_started
1353,2026-04-17 10:00:00,onboarding_completed
1354,2026-02-20 00:00:00,signup
1354,2026-02-20 16:00:00,onboarding_started
1354,2026-02-20 17:00:00,onboarding_completed
1354,2026-02-21 17:00:00,project_created
1354,2026-02-22 17:00:00,integration_connected
1354,2026-02-25 17:00:00,report_created
1355,2026-06-30 00:00:00,signup
1356,2026-02-05 00:00:00,signup
1356,2026-02-05 04:00:00,onboarding_started
1357,2026-04-25 00:00:00,signup
1357,2026-04-25 19:00:00,onboarding_started
1357,2026-04-26 05:00:00,onboarding_completed
1358,2026-01-26 00:00:00,signup
1358,2026-01-26 09:00:00,onboarding_started
1359,2026-01-29 00:00:00,signup
1359,2026-01-29 15:00:00,onboarding_started
1359,2026-01-29 16:00:00,onboarding_completed
1360,2026-05-29 00:00:00,signup
1361,2026-01-11 00:00:00,signup
1361,2026-01-11 01:00:00,onboarding_started
1361,2026-01-11 10:00:00,onboarding_completed
1361,2026-01-11 10:00:00,project_created
1361,2026-01-14 10:00:00,report_created
1362,2026-02-09 00:00:00,signup
1362,2026-02-09 19:00:00,onboarding_started
1362,2026-02-09 23:00:00,onboarding_completed
1363,2026-01-11 00:00:00,signup
1363,2026-01-11 07:00:00,onboarding_started
1364,2026-06-13 00:00:00,signup
1364,2026-06-13 18:00:00,onboarding_started
1364,2026-06-14 02:00:00,onboarding_completed
1364,2026-06-16 02:00:00,project_created
1364,2026-06-21 02:00:00,report_created
1364,2026-07-22 00:00:00,dashboard_viewed
1365,2026-04-23 00:00:00,signup
1366,2026-02-08 00:00:00,signup
1366,2026-02-08 16:00:00,onboarding_started
1366,2026-02-08 21:00:00,onboarding_completed
1367,2026-02-23 00:00:00,signup
1367,2026-02-23 20:00:00,onboarding_started
1367,2026-02-24 01:00:00,onboarding_completed
1367,2026-02-24 01:00:00,project_created
1367,2026-02-25 01:00:00,integration_connected
1367,2026-03-28 00:00:00,dashboard_viewed
1368,2026-04-08 00:00:00,signup
1369,2026-02-24 00:00:00,signup
1370,2026-04-21 00:00:00,signup
1370,2026-04-21 21:00:00,onboarding_started
1370,2026-04-22 01:00:00,onboarding_completed
1370,2026-04-22 01:00:00,project_created
1371,2026-06-01 00:00:00,signup
1371,2026-06-01 09:00:00,onboarding_started
1371,2026-06-01 20:00:00,onboarding_completed
1371,2026-06-01 20:00:00,project_created
1371,2026-06-02 20:00:00,teammate_invited
1371,2026-06-02 20:00:00,integration_connected
1372,2026-05-30 00:00:00,signup
1372,2026-05-30 16:00:00,onboarding_started
1373,2026-03-10 00:00:00,signup
1373,2026-03-10 19:00:00,onboarding_started
1374,2026-02-25 00:00:00,signup
1374,2026-02-25 03:00:00,onboarding_started
1374,2026-02-25 08:00:00,onboarding_completed
1374,2026-02-25 08:00:00,project_created
1374,2026-02-26 08:00:00,integration_connected
1374,2026-03-29 00:00:00,dashboard_viewed
1375,2026-02-02 00:00:00,signup
1375,2026-02-02 12:00:00,onboarding_started
1375,2026-02-02 14:00:00,onboarding_completed
1376,2026-02-05 00:00:00,signup
1376,2026-02-05 14:00:00,onboarding_started
1376,2026-02-05 19:00:00,onboarding_completed
1376,2026-02-08 19:00:00,project_created
1377,2026-05-28 00:00:00,signup
1377,2026-05-28 02:00:00,onboarding_started
1377,2026-05-28 05:00:00,onboarding_completed
1378,2026-03-22 00:00:00,signup
1379,2026-04-19 00:00:00,signup
1379,2026-04-19 20:00:00,onboarding_started
1380,2026-06-03 00:00:00,signup
1380,2026-06-03 22:00:00,onboarding_started
1380,2026-06-04 08:00:00,onboarding_completed
1380,2026-06-06 08:00:00,project_created
1380,2026-06-08 08:00:00,integration_connected
1380,2026-06-12 08:00:00,report_created
1380,2026-07-10 00:00:00,dashboard_viewed
1381,2026-03-14 00:00:00,signup
1381,2026-03-14 17:00:00,onboarding_started
1381,2026-03-15 04:00:00,onboarding_completed
1381,2026-03-15 04:00:00,project_created
1382,2026-02-09 00:00:00,signup
1382,2026-02-09 05:00:00,onboarding_started
1382,2026-02-09 11:00:00,onboarding_completed
1382,2026-02-09 11:00:00,project_created
1382,2026-02-10 11:00:00,report_created
1382,2026-02-13 11:00:00,integration_connected
1383,2026-01-17 00:00:00,signup
1383,2026-01-17 19:00:00,onboarding_started
1383,2026-01-17 20:00:00,onboarding_completed
1383,2026-01-20 20:00:00,project_created
1384,2026-05-09 00:00:00,signup
1384,2026-05-09 03:00:00,onboarding_started
1384,2026-05-09 13:00:00,onboarding_completed
1385,2026-03-02 00:00:00,signup
1385,2026-03-02 17:00:00,onboarding_started
1385,2026-03-02 18:00:00,onboarding_completed
1385,2026-03-04 18:00:00,project_created
1385,2026-03-05 18:00:00,teammate_invited
1385,2026-03-07 18:00:00,report_created
1385,2026-04-03 00:00:00,dashboard_viewed
1386,2026-06-20 00:00:00,signup
1386,2026-06-20 07:00:00,onboarding_started
1386,2026-06-20 14:00:00,onboarding_completed
1386,2026-06-21 14:00:00,project_created
1386,2026-06-22 14:00:00,teammate_invited
1386,2026-07-26 00:00:00,dashboard_viewed
1387,2026-04-14 00:00:00,signup
1387,2026-04-14 13:00:00,onboarding_started
1388,2026-02-11 00:00:00,signup
1388,2026-02-11 14:00:00,onboarding_started
1389,2026-01-25 00:00:00,signup
1390,2026-02-08 00:00:00,signup
1390,2026-02-08 02:00:00,onboarding_started
1390,2026-02-08 09:00:00,onboarding_completed
1391,2026-02-04 00:00:00,signup
1391,2026-02-04 18:00:00,onboarding_started
1391,2026-02-04 23:00:00,onboarding_completed
1391,2026-02-05 23:00:00,project_created
1392,2026-05-11 00:00:00,signup
1393,2026-04-18 00:00:00,signup
1393,2026-04-18 03:00:00,onboarding_started
1393,2026-04-18 09:00:00,onboarding_completed
1394,2026-06-21 00:00:00,signup
1395,2026-06-28 00:00:00,signup
1395,2026-06-28 09:00:00,onboarding_started
1395,2026-06-28 10:00:00,onboarding_completed
1395,2026-06-29 10:00:00,project_created
1395,2026-07-02 10:00:00,integration_connected
1396,2026-04-12 00:00:00,signup
1397,2026-04-08 00:00:00,signup
1397,2026-04-08 13:00:00,onboarding_started
1397,2026-04-08 14:00:00,onboarding_completed
1397,2026-04-08 14:00:00,project_created
1397,2026-04-09 14:00:00,teammate_invited
1397,2026-05-11 00:00:00,dashboard_viewed
1398,2026-01-12 00:00:00,signup
1398,2026-01-12 17:00:00,onboarding_started
1399,2026-01-19 00:00:00,signup
1399,2026-01-19 17:00:00,onboarding_started
1399,2026-01-20 04:00:00,onboarding_completed
1399,2026-01-20 04:00:00,project_created
1399,2026-01-21 04:00:00,teammate_invited
1399,2026-01-21 04:00:00,report_created
1399,2026-01-23 04:00:00,integration_connected
1400,2026-04-11 00:00:00,signup
1400,2026-04-11 14:00:00,onboarding_started
1401,2026-02-13 00:00:00,signup
1402,2026-02-18 00:00:00,signup
1402,2026-02-18 21:00:00,onboarding_started
1402,2026-02-19 06:00:00,onboarding_completed
1402,2026-02-21 06:00:00,project_created
1402,2026-02-23 06:00:00,report_created
1402,2026-03-25 00:00:00,dashboard_viewed
1403,2026-01-17 00:00:00,signup
1403,2026-01-17 08:00:00,onboarding_started
1403,2026-01-17 10:00:00,onboarding_completed
1403,2026-01-17 10:00:00,project_created
1403,2026-01-19 10:00:00,teammate_invited
1403,2026-01-23 10:00:00,report_created
1404,2026-03-15 00:00:00,signup
1404,2026-03-15 15:00:00,onboarding_started
1404,2026-03-15 17:00:00,onboarding_completed
1404,2026-03-15 17:00:00,project_created
1404,2026-03-17 17:00:00,teammate_invited
1404,2026-04-23 00:00:00,dashboard_viewed
1405,2026-02-26 00:00:00,signup
1406,2026-02-24 00:00:00,signup
1406,2026-02-24 03:00:00,onboarding_started
1406,2026-02-24 09:00:00,onboarding_completed
1406,2026-02-25 09:00:00,project_created
1406,2026-02-26 09:00:00,teammate_invited
1406,2026-02-27 09:00:00,report_created
1406,2026-04-01 00:00:00,dashboard_viewed
1407,2026-02-16 00:00:00,signup
1407,2026-02-16 14:00:00,onboarding_started
1407,2026-02-16 19:00:00,onboarding_completed
1408,2026-01-12 00:00:00,signup
1408,2026-01-12 21:00:00,onboarding_started
1408,2026-01-13 02:00:00,onboarding_completed
1408,2026-01-13 02:00:00,project_created
1408,2026-01-17 02:00:00,report_created
1409,2026-03-03 00:00:00,signup
1409,2026-03-03 17:00:00,onboarding_started
1409,2026-03-04 03:00:00,onboarding_completed
1409,2026-03-07 03:00:00,project_created
1409,2026-03-09 03:00:00,integration_connected
1410,2026-03-21 00:00:00,signup
1410,2026-03-21 07:00:00,onboarding_started
1411,2026-03-24 00:00:00,signup
1412,2026-01-08 00:00:00,signup
1412,2026-01-08 12:00:00,onboarding_started
1412,2026-01-08 15:00:00,onboarding_completed
1412,2026-01-11 15:00:00,project_created
1412,2026-01-13 15:00:00,teammate_invited
1412,2026-01-16 15:00:00,report_created
1413,2026-05-29 00:00:00,signup
1413,2026-05-29 07:00:00,onboarding_started
1413,2026-05-29 14:00:00,onboarding_completed
1413,2026-05-30 14:00:00,project_created
1413,2026-05-30 14:00:00,teammate_invited
1413,2026-07-01 00:00:00,dashboard_viewed
1414,2026-03-22 00:00:00,signup
1414,2026-03-22 06:00:00,onboarding_started
1414,2026-03-22 17:00:00,onboarding_completed
1414,2026-03-23 17:00:00,project_created
1414,2026-03-25 17:00:00,teammate_invited
1414,2026-03-29 17:00:00,report_created
1414,2026-04-29 00:00:00,dashboard_viewed
1415,2026-04-28 00:00:00,signup
1415,2026-04-28 19:00:00,onboarding_started
1415,2026-04-29 04:00:00,onboarding_completed
1415,2026-04-29 04:00:00,project_created
1415,2026-04-30 04:00:00,teammate_invited
1416,2026-01-25 00:00:00,signup
1416,2026-01-25 02:00:00,onboarding_started
1416,2026-01-25 06:00:00,onboarding_completed
1416,2026-01-26 06:00:00,project_created
1416,2026-01-27 06:00:00,report_created
1416,2026-01-28 06:00:00,teammate_invited
1416,2026-01-28 06:00:00,integration_connected
1416,2026-02-24 00:00:00,dashboard_viewed
1417,2026-03-30 00:00:00,signup
1418,2026-01-12 00:00:00,signup
1418,2026-01-12 14:00:00,onboarding_started
1419,2026-05-23 00:00:00,signup
1419,2026-05-23 19:00:00,onboarding_started
1419,2026-05-23 22:00:00,onboarding_completed
1419,2026-05-23 22:00:00,project_created
1419,2026-05-24 22:00:00,integration_connected
1419,2026-05-27 22:00:00,report_created
1420,2026-02-28 00:00:00,signup
1421,2026-06-03 00:00:00,signup
1421,2026-06-03 15:00:00,onboarding_started
1421,2026-06-03 17:00:00,onboarding_completed
1421,2026-06-06 17:00:00,project_created
1421,2026-06-08 17:00:00,teammate_invited
1421,2026-07-07 00:00:00,dashboard_viewed
1422,2026-04-19 00:00:00,signup
1422,2026-04-19 16:00:00,onboarding_started
1422,2026-04-19 22:00:00,onboarding_completed
1422,2026-04-19 22:00:00,project_created
1422,2026-04-23 22:00:00,report_created
1423,2026-01-26 00:00:00,signup
1424,2026-02-16 00:00:00,signup
1425,2026-02-01 00:00:00,signup
1425,2026-02-01 22:00:00,onboarding_started
1425,2026-02-02 01:00:00,onboarding_completed
1426,2026-01-10 00:00:00,signup
1426,2026-01-10 03:00:00,onboarding_started
1426,2026-01-10 14:00:00,onboarding_completed
1427,2026-01-16 00:00:00,signup
1427,2026-01-16 22:00:00,onboarding_started
1428,2026-05-25 00:00:00,signup
1429,2026-05-31 00:00:00,signup
1429,2026-05-31 10:00:00,onboarding_started
1429,2026-05-31 19:00:00,onboarding_completed
1429,2026-06-01 19:00:00,project_created
1429,2026-06-01 19:00:00,teammate_invited
1429,2026-06-07 19:00:00,report_created
1430,2026-01-26 00:00:00,signup
1430,2026-01-26 11:00:00,onboarding_started
1431,2026-03-27 00:00:00,signup
1431,2026-03-27 03:00:00,onboarding_started
1431,2026-03-27 14:00:00,onboarding_completed
1432,2026-05-15 00:00:00,signup
1432,2026-05-15 16:00:00,onboarding_started
1433,2026-01-14 00:00:00,signup
1433,2026-01-14 16:00:00,onboarding_started
1433,2026-01-15 01:00:00,onboarding_completed
1433,2026-01-15 01:00:00,project_created
1433,2026-01-16 01:00:00,report_created
1434,2026-03-20 00:00:00,signup
1434,2026-03-20 06:00:00,onboarding_started
1434,2026-03-20 11:00:00,onboarding_completed
1434,2026-03-21 11:00:00,project_created
1434,2026-03-22 11:00:00,report_created
1434,2026-03-24 11:00:00,integration_connected
1435,2026-04-27 00:00:00,signup
1435,2026-04-27 21:00:00,onboarding_started
1435,2026-04-28 06:00:00,onboarding_completed
1435,2026-04-30 06:00:00,project_created
1435,2026-05-02 06:00:00,report_created
1435,2026-05-03 06:00:00,integration_connected
1435,2026-05-30 00:00:00,dashboard_viewed
1436,2026-01-07 00:00:00,signup
1436,2026-01-07 17:00:00,onboarding_started
1436,2026-01-07 20:00:00,onboarding_completed
1437,2026-05-17 00:00:00,signup
1437,2026-05-17 22:00:00,onboarding_started
1437,2026-05-18 09:00:00,onboarding_completed
1437,2026-05-21 09:00:00,project_created
1438,2026-04-25 00:00:00,signup
1438,2026-04-25 19:00:00,onboarding_started
1439,2026-06-25 00:00:00,signup
1439,2026-06-25 12:00:00,onboarding_started
1440,2026-03-13 00:00:00,signup
1440,2026-03-13 04:00:00,onboarding_started
1440,2026-03-13 14:00:00,onboarding_completed
1441,2026-02-28 00:00:00,signup
1441,2026-02-28 01:00:00,onboarding_started
1442,2026-03-23 00:00:00,signup
1442,2026-03-23 20:00:00,onboarding_started
1442,2026-03-24 07:00:00,onboarding_completed
1442,2026-03-27 07:00:00,project_created
1442,2026-03-28 07:00:00,teammate_invited
1442,2026-03-30 07:00:00,report_created
1443,2026-04-26 00:00:00,signup
1443,2026-04-26 16:00:00,onboarding_started
1443,2026-04-26 20:00:00,onboarding_completed
1443,2026-04-28 20:00:00,project_created
1444,2026-06-16 00:00:00,signup
1444,2026-06-16 18:00:00,onboarding_started
1445,2026-05-26 00:00:00,signup
1445,2026-05-26 16:00:00,onboarding_started
1446,2026-04-13 00:00:00,signup
1446,2026-04-13 14:00:00,onboarding_started
1447,2026-01-17 00:00:00,signup
1447,2026-01-17 17:00:00,onboarding_started
1447,2026-01-18 00:00:00,onboarding_completed
1447,2026-01-18 00:00:00,project_created
1447,2026-01-18 00:00:00,teammate_invited
1448,2026-01-14 00:00:00,signup
1448,2026-01-14 09:00:00,onboarding_started
1449,2026-06-08 00:00:00,signup
1449,2026-06-08 11:00:00,onboarding_started
1450,2026-06-01 00:00:00,signup
1450,2026-06-01 19:00:00,onboarding_started
1450,2026-06-02 01:00:00,onboarding_completed
1451,2026-04-18 00:00:00,signup
1451,2026-04-18 12:00:00,onboarding_started
1451,2026-04-18 15:00:00,onboarding_completed
1451,2026-04-19 15:00:00,project_created
1451,2026-04-23 15:00:00,report_created
1452,2026-02-14 00:00:00,signup
1453,2026-04-08 00:00:00,signup
1453,2026-04-08 08:00:00,onboarding_started
1453,2026-04-08 13:00:00,onboarding_completed
1453,2026-04-08 13:00:00,project_created
1453,2026-04-11 13:00:00,report_created
1453,2026-04-12 13:00:00,integration_connected
1454,2026-05-11 00:00:00,signup
1454,2026-05-11 22:00:00,onboarding_started
1454,2026-05-12 01:00:00,onboarding_completed
1455,2026-02-06 00:00:00,signup
1455,2026-02-06 23:00:00,onboarding_started
1455,2026-02-07 09:00:00,onboarding_completed
1456,2026-06-20 00:00:00,signup
1456,2026-06-20 03:00:00,onboarding_started
1456,2026-06-20 07:00:00,onboarding_completed
1456,2026-06-21 07:00:00,project_created
1456,2026-06-22 07:00:00,teammate_invited
1456,2026-06-26 07:00:00,report_created
1457,2026-06-17 00:00:00,signup
1457,2026-06-17 18:00:00,onboarding_started
1457,2026-06-17 19:00:00,onboarding_completed
1457,2026-06-19 19:00:00,project_created
1457,2026-06-21 19:00:00,teammate_invited
1457,2026-07-17 00:00:00,dashboard_viewed
1458,2026-04-18 00:00:00,signup
1458,2026-04-18 16:00:00,onboarding_started
1459,2026-02-08 00:00:00,signup
1459,2026-02-08 21:00:00,onboarding_started
1459,2026-02-09 04:00:00,onboarding_completed
1460,2026-01-15 00:00:00,signup
1460,2026-01-15 08:00:00,onboarding_started
1461,2026-04-30 00:00:00,signup
1462,2026-01-04 00:00:00,signup
1463,2026-04-03 00:00:00,signup
1463,2026-04-03 22:00:00,onboarding_started
1463,2026-04-04 05:00:00,onboarding_completed
1463,2026-04-04 05:00:00,project_created
1463,2026-04-07 05:00:00,report_created
1463,2026-05-08 00:00:00,dashboard_viewed
1464,2026-06-02 00:00:00,signup
1464,2026-06-02 13:00:00,onboarding_started
1464,2026-06-03 00:00:00,onboarding_completed
1464,2026-06-03 00:00:00,project_created
1464,2026-06-04 00:00:00,report_created
1465,2026-05-21 00:00:00,signup
1465,2026-05-21 06:00:00,onboarding_started
1465,2026-05-21 12:00:00,onboarding_completed
1466,2026-06-10 00:00:00,signup
1466,2026-06-10 01:00:00,onboarding_started
1466,2026-06-10 09:00:00,onboarding_completed
1467,2026-01-16 00:00:00,signup
1467,2026-01-16 09:00:00,onboarding_started
1468,2026-06-19 00:00:00,signup
1468,2026-06-19 06:00:00,onboarding_started
1468,2026-06-19 13:00:00,onboarding_completed
1468,2026-06-22 13:00:00,project_created
1468,2026-06-24 13:00:00,report_created
1469,2026-04-18 00:00:00,signup
1469,2026-04-18 18:00:00,onboarding_started
1470,2026-05-06 00:00:00,signup
1470,2026-05-06 21:00:00,onboarding_started
1470,2026-05-07 03:00:00,onboarding_completed
1470,2026-05-10 03:00:00,project_created
1471,2026-02-24 00:00:00,signup
1471,2026-02-24 12:00:00,onboarding_started
1472,2026-06-19 00:00:00,signup
1472,2026-06-19 10:00:00,onboarding_started
1472,2026-06-19 14:00:00,onboarding_completed
1473,2026-02-03 00:00:00,signup
1473,2026-02-03 18:00:00,onboarding_started
1474,2026-06-07 00:00:00,signup
1475,2026-01-13 00:00:00,signup
1475,2026-01-13 06:00:00,onboarding_started
1475,2026-01-13 15:00:00,onboarding_completed
1476,2026-05-21 00:00:00,signup
1476,2026-05-21 20:00:00,onboarding_started
1476,2026-05-21 23:00:00,onboarding_completed
1477,2026-01-18 00:00:00,signup
1477,2026-01-18 08:00:00,onboarding_started
1477,2026-01-18 11:00:00,onboarding_completed
1477,2026-01-19 11:00:00,project_created
1477,2026-01-21 11:00:00,report_created
1478,2026-06-09 00:00:00,signup
1478,2026-06-09 21:00:00,onboarding_started
1479,2026-04-06 00:00:00,signup
1479,2026-04-06 05:00:00,onboarding_started
1480,2026-05-03 00:00:00,signup
1480,2026-05-03 20:00:00,onboarding_started
1480,2026-05-03 23:00:00,onboarding_completed
1481,2026-02-08 00:00:00,signup
1481,2026-02-08 16:00:00,onboarding_started
1481,2026-02-09 01:00:00,onboarding_completed
1481,2026-02-12 01:00:00,project_created
1481,2026-02-12 01:00:00,teammate_invited
1481,2026-02-17 01:00:00,report_created
1481,2026-03-10 00:00:00,dashboard_viewed
1482,2026-02-15 00:00:00,signup
1482,2026-02-15 15:00:00,onboarding_started
1482,2026-02-15 19:00:00,onboarding_completed
1482,2026-02-16 19:00:00,project_created
1482,2026-02-17 19:00:00,teammate_invited
1482,2026-02-18 19:00:00,integration_connected
1482,2026-03-20 00:00:00,dashboard_viewed
1483,2026-01-29 00:00:00,signup
1483,2026-01-29 04:00:00,onboarding_started
1483,2026-01-29 05:00:00,onboarding_completed
1483,2026-01-30 05:00:00,project_created
1483,2026-02-01 05:00:00,teammate_invited
1483,2026-02-02 05:00:00,integration_connected
1483,2026-03-05 00:00:00,dashboard_viewed
1484,2026-03-03 00:00:00,signup
1484,2026-03-03 18:00:00,onboarding_started
1484,2026-03-04 04:00:00,onboarding_completed
1485,2026-01-16 00:00:00,signup
1485,2026-01-16 18:00:00,onboarding_started
1486,2026-05-01 00:00:00,signup
1486,2026-05-01 07:00:00,onboarding_started
1486,2026-05-01 10:00:00,onboarding_completed
1486,2026-05-01 10:00:00,project_created
1486,2026-05-02 10:00:00,report_created
1486,2026-05-05 10:00:00,integration_connected
1486,2026-06-10 00:00:00,dashboard_viewed
1487,2026-01-10 00:00:00,signup
1487,2026-01-10 08:00:00,onboarding_started
1487,2026-01-10 16:00:00,onboarding_completed
1487,2026-01-13 16:00:00,project_created
1487,2026-01-14 16:00:00,integration_connected
1487,2026-01-15 16:00:00,teammate_invited
1487,2026-01-16 16:00:00,report_created
1487,2026-02-13 00:00:00,dashboard_viewed
1488,2026-06-07 00:00:00,signup
1488,2026-06-07 18:00:00,onboarding_started
1488,2026-06-08 03:00:00,onboarding_completed
1488,2026-06-11 03:00:00,project_created
1488,2026-06-12 03:00:00,teammate_invited
1488,2026-06-12 03:00:00,report_created
1488,2026-06-13 03:00:00,integration_connected
1489,2026-06-02 00:00:00,signup
1489,2026-06-02 12:00:00,onboarding_started
1489,2026-06-02 19:00:00,onboarding_completed
1489,2026-06-03 19:00:00,project_created
1489,2026-06-03 19:00:00,integration_connected
1490,2026-04-13 00:00:00,signup
1490,2026-04-13 18:00:00,onboarding_started
1490,2026-04-14 02:00:00,onboarding_completed
1490,2026-04-16 02:00:00,project_created
1490,2026-04-16 02:00:00,integration_connected
1490,2026-04-19 02:00:00,report_created
1491,2026-03-25 00:00:00,signup
1491,2026-03-25 20:00:00,onboarding_started
1492,2026-05-13 00:00:00,signup
1492,2026-05-13 19:00:00,onboarding_started
1492,2026-05-14 06:00:00,onboarding_completed
1492,2026-05-17 06:00:00,project_created
1493,2026-03-06 00:00:00,signup
1493,2026-03-06 23:00:00,onboarding_started
1493,2026-03-07 02:00:00,onboarding_completed
1493,2026-03-08 02:00:00,project_created
1493,2026-03-10 02:00:00,teammate_invited
1493,2026-03-11 02:00:00,report_created
1494,2026-06-26 00:00:00,signup
1494,2026-06-26 09:00:00,onboarding_started
1494,2026-06-26 15:00:00,onboarding_completed
1494,2026-06-27 15:00:00,project_created
1494,2026-06-30 15:00:00,report_created
1495,2026-01-03 00:00:00,signup
1495,2026-01-03 23:00:00,onboarding_started
1496,2026-06-22 00:00:00,signup
1496,2026-06-22 22:00:00,onboarding_started
1497,2026-05-22 00:00:00,signup
1497,2026-05-22 14:00:00,onboarding_started
1497,2026-05-22 18:00:00,onboarding_completed
1497,2026-05-22 18:00:00,project_created
1497,2026-05-24 18:00:00,teammate_invited
1497,2026-05-26 18:00:00,integration_connected
1497,2026-05-28 18:00:00,report_created
1497,2026-06-25 00:00:00,dashboard_viewed
1498,2026-04-30 00:00:00,signup
1498,2026-04-30 11:00:00,onboarding_started
1498,2026-04-30 17:00:00,onboarding_completed
1499,2026-06-07 00:00:00,signup
1499,2026-06-07 12:00:00,onboarding_started
1499,2026-06-07 19:00:00,onboarding_completed
1499,2026-06-10 19:00:00,project_created
1499,2026-06-11 19:00:00,report_created
1500,2026-03-09 00:00:00,signup
1500,2026-03-09 13:00:00,onboarding_started
1500,2026-03-09 15:00:00,onboarding_completed
1501,2026-05-26 00:00:00,signup
1501,2026-05-26 12:00:00,onboarding_started
1501,2026-05-26 15:00:00,onboarding_completed
1502,2026-02-06 00:00:00,signup
1502,2026-02-06 03:00:00,onboarding_started
1502,2026-02-06 07:00:00,onboarding_completed
1503,2026-06-02 00:00:00,signup
1503,2026-06-02 18:00:00,onboarding_started
1503,2026-06-02 20:00:00,onboarding_completed
1503,2026-06-05 20:00:00,project_created
1504,2026-06-25 00:00:00,signup
1505,2026-06-30 00:00:00,signup
1505,2026-06-30 23:00:00,onboarding_started
1505,2026-07-01 09:00:00,onboarding_completed
1505,2026-07-04 09:00:00,project_created
1506,2026-03-14 00:00:00,signup
1506,2026-03-14 14:00:00,onboarding_started
1506,2026-03-14 19:00:00,onboarding_completed
1506,2026-03-16 19:00:00,project_created
1507,2026-05-23 00:00:00,signup
1507,2026-05-23 05:00:00,onboarding_started
1507,2026-05-23 07:00:00,onboarding_completed
1507,2026-05-23 07:00:00,project_created
1507,2026-05-24 07:00:00,report_created
1507,2026-05-25 07:00:00,teammate_invited
1508,2026-02-18 00:00:00,signup
1508,2026-02-18 13:00:00,onboarding_started
1508,2026-02-18 21:00:00,onboarding_completed
1508,2026-02-18 21:00:00,project_created
1508,2026-03-25 00:00:00,dashboard_viewed
1509,2026-05-01 00:00:00,signup
1510,2026-03-29 00:00:00,signup
1510,2026-03-29 11:00:00,onboarding_started
1510,2026-03-29 13:00:00,onboarding_completed
1511,2026-05-20 00:00:00,signup
1511,2026-05-20 11:00:00,onboarding_started
1511,2026-05-20 17:00:00,onboarding_completed
1511,2026-05-22 17:00:00,project_created
1512,2026-02-06 00:00:00,signup
1512,2026-02-06 09:00:00,onboarding_started
1513,2026-03-02 00:00:00,signup
1514,2026-06-20 00:00:00,signup
1514,2026-06-20 12:00:00,onboarding_started
1514,2026-06-20 23:00:00,onboarding_completed
1514,2026-06-21 23:00:00,project_created
1515,2026-05-04 00:00:00,signup
1515,2026-05-04 01:00:00,onboarding_started
1516,2026-02-08 00:00:00,signup
1516,2026-02-08 13:00:00,onboarding_started
1517,2026-03-04 00:00:00,signup
1517,2026-03-04 22:00:00,onboarding_started
1517,2026-03-05 02:00:00,onboarding_completed
1518,2026-02-15 00:00:00,signup
1519,2026-03-29 00:00:00,signup
1519,2026-03-29 14:00:00,onboarding_started
1519,2026-03-29 22:00:00,onboarding_completed
1519,2026-03-30 22:00:00,project_created
1519,2026-04-01 22:00:00,teammate_invited
1520,2026-01-11 00:00:00,signup
1520,2026-01-11 11:00:00,onboarding_started
1520,2026-01-11 18:00:00,onboarding_completed
1520,2026-01-14 18:00:00,project_created
1520,2026-01-18 18:00:00,report_created
1521,2026-03-03 00:00:00,signup
1521,2026-03-03 06:00:00,onboarding_started
1522,2026-03-18 00:00:00,signup
1523,2026-06-02 00:00:00,signup
1524,2026-02-21 00:00:00,signup
1524,2026-02-21 22:00:00,onboarding_started
1524,2026-02-22 08:00:00,onboarding_completed
1525,2026-01-04 00:00:00,signup
1526,2026-02-28 00:00:00,signup
1526,2026-02-28 15:00:00,onboarding_started
1526,2026-02-28 19:00:00,onboarding_completed
1526,2026-03-03 19:00:00,project_created
1526,2026-03-05 19:00:00,report_created
1527,2026-03-13 00:00:00,signup
1527,2026-03-13 18:00:00,onboarding_started
1527,2026-03-14 00:00:00,onboarding_completed
1527,2026-03-14 00:00:00,project_created
1527,2026-03-18 00:00:00,integration_connected
1528,2026-05-28 00:00:00,signup
1528,2026-05-28 07:00:00,onboarding_started
1529,2026-04-03 00:00:00,signup
1529,2026-04-03 08:00:00,onboarding_started
1530,2026-03-04 00:00:00,signup
1531,2026-02-23 00:00:00,signup
1531,2026-02-23 08:00:00,onboarding_started
1531,2026-02-23 15:00:00,onboarding_completed
1531,2026-02-23 15:00:00,project_created
1531,2026-03-30 00:00:00,dashboard_viewed
1532,2026-04-27 00:00:00,signup
1532,2026-04-27 09:00:00,onboarding_started
1533,2026-04-20 00:00:00,signup
1533,2026-04-20 12:00:00,onboarding_started
1533,2026-04-20 17:00:00,onboarding_completed
1533,2026-04-22 17:00:00,project_created
1534,2026-03-15 00:00:00,signup
1534,2026-03-15 08:00:00,onboarding_started
1534,2026-03-15 10:00:00,onboarding_completed
1534,2026-03-18 10:00:00,project_created
1534,2026-03-18 10:00:00,integration_connected
1534,2026-04-21 00:00:00,dashboard_viewed
1535,2026-04-17 00:00:00,signup
1535,2026-04-17 03:00:00,onboarding_started
1536,2026-02-26 00:00:00,signup
1537,2026-06-18 00:00:00,signup
1537,2026-06-18 01:00:00,onboarding_started
1537,2026-06-18 05:00:00,onboarding_completed
1537,2026-06-20 05:00:00,project_created
1537,2026-06-22 05:00:00,integration_connected
1537,2026-06-22 05:00:00,report_created
1538,2026-01-03 00:00:00,signup
1538,2026-01-03 16:00:00,onboarding_started
1539,2026-04-30 00:00:00,signup
1539,2026-04-30 06:00:00,onboarding_started
1540,2026-01-06 00:00:00,signup
1540,2026-01-06 10:00:00,onboarding_started
1540,2026-01-06 14:00:00,onboarding_completed
1540,2026-01-08 14:00:00,project_created
1540,2026-01-11 14:00:00,report_created
1541,2026-01-05 00:00:00,signup
1541,2026-01-05 22:00:00,onboarding_started
1542,2026-01-05 00:00:00,signup
1542,2026-01-05 03:00:00,onboarding_started
1543,2026-02-23 00:00:00,signup
1543,2026-02-23 19:00:00,onboarding_started
1543,2026-02-23 22:00:00,onboarding_completed
1543,2026-02-23 22:00:00,project_created
1543,2026-02-25 22:00:00,teammate_invited
1543,2026-02-27 22:00:00,report_created
1543,2026-04-01 00:00:00,dashboard_viewed
1544,2026-02-16 00:00:00,signup
1544,2026-02-16 23:00:00,onboarding_started
1544,2026-02-17 05:00:00,onboarding_completed
1545,2026-06-26 00:00:00,signup
1546,2026-01-09 00:00:00,signup
1546,2026-01-09 13:00:00,onboarding_started
1546,2026-01-09 17:00:00,onboarding_completed
1546,2026-01-11 17:00:00,project_created
1547,2026-04-09 00:00:00,signup
1547,2026-04-09 12:00:00,onboarding_started
1547,2026-04-09 19:00:00,onboarding_completed
1548,2026-01-20 00:00:00,signup
1548,2026-01-20 07:00:00,onboarding_started
1549,2026-05-02 00:00:00,signup
1549,2026-05-02 16:00:00,onboarding_started
1550,2026-03-02 00:00:00,signup
1550,2026-03-02 09:00:00,onboarding_started
1550,2026-03-02 19:00:00,onboarding_completed
1550,2026-03-02 19:00:00,project_created
1550,2026-03-03 19:00:00,integration_connected
1550,2026-03-04 19:00:00,report_created
1551,2026-05-03 00:00:00,signup
1552,2026-06-12 00:00:00,signup
1552,2026-06-12 14:00:00,onboarding_started
1552,2026-06-12 21:00:00,onboarding_completed
1553,2026-06-27 00:00:00,signup
1553,2026-06-27 02:00:00,onboarding_started
1553,2026-06-27 04:00:00,onboarding_completed
1553,2026-06-29 04:00:00,project_created
1553,2026-06-30 04:00:00,teammate_invited
1553,2026-08-01 00:00:00,dashboard_viewed
1554,2026-03-23 00:00:00,signup
1554,2026-03-23 19:00:00,onboarding_started
1554,2026-03-24 00:00:00,onboarding_completed
1554,2026-03-26 00:00:00,project_created
1555,2026-03-03 00:00:00,signup
1555,2026-03-03 23:00:00,onboarding_started
1555,2026-03-04 05:00:00,onboarding_completed
1555,2026-03-07 05:00:00,project_created
1555,2026-04-11 00:00:00,dashboard_viewed
1556,2026-05-25 00:00:00,signup
1556,2026-05-25 10:00:00,onboarding_started
1556,2026-05-25 12:00:00,onboarding_completed
1556,2026-05-27 12:00:00,project_created
1556,2026-07-01 00:00:00,dashboard_viewed
1557,2026-01-03 00:00:00,signup
1558,2026-06-09 00:00:00,signup
1558,2026-06-09 06:00:00,onboarding_started
1558,2026-06-09 16:00:00,onboarding_completed
1558,2026-06-10 16:00:00,project_created
1558,2026-07-19 00:00:00,dashboard_viewed
1559,2026-01-13 00:00:00,signup
1559,2026-01-13 07:00:00,onboarding_started
1559,2026-01-13 10:00:00,onboarding_completed
1559,2026-01-14 10:00:00,project_created
1559,2026-01-17 10:00:00,report_created
1560,2026-04-30 00:00:00,signup
1560,2026-04-30 22:00:00,onboarding_started
1560,2026-05-01 00:00:00,onboarding_completed
1561,2026-05-05 00:00:00,signup
1561,2026-05-05 12:00:00,onboarding_started
1561,2026-05-05 19:00:00,onboarding_completed
1562,2026-03-30 00:00:00,signup
1562,2026-03-30 18:00:00,onboarding_started
1562,2026-03-31 04:00:00,onboarding_completed
1562,2026-04-03 04:00:00,project_created
1562,2026-04-04 04:00:00,report_created
1563,2026-03-14 00:00:00,signup
1563,2026-03-14 23:00:00,onboarding_started
1564,2026-03-09 00:00:00,signup
1564,2026-03-09 15:00:00,onboarding_started
1564,2026-03-09 20:00:00,onboarding_completed
1564,2026-03-10 20:00:00,project_created
1565,2026-05-22 00:00:00,signup
1565,2026-05-22 20:00:00,onboarding_started
1565,2026-05-23 00:00:00,onboarding_completed
1565,2026-05-24 00:00:00,project_created
1565,2026-05-25 00:00:00,teammate_invited
1565,2026-05-26 00:00:00,integration_connected
1565,2026-05-26 00:00:00,report_created
1566,2026-04-11 00:00:00,signup
1566,2026-04-11 11:00:00,onboarding_started
1567,2026-04-08 00:00:00,signup
1567,2026-04-08 21:00:00,onboarding_started
1567,2026-04-09 02:00:00,onboarding_completed
1567,2026-04-10 02:00:00,project_created
1567,2026-04-12 02:00:00,teammate_invited
1567,2026-05-08 00:00:00,dashboard_viewed
1568,2026-01-11 00:00:00,signup
1568,2026-01-11 07:00:00,onboarding_started
1568,2026-01-11 17:00:00,onboarding_completed
1569,2026-04-15 00:00:00,signup
1569,2026-04-15 14:00:00,onboarding_started
1569,2026-04-15 23:00:00,onboarding_completed
1570,2026-03-08 00:00:00,signup
1570,2026-03-08 17:00:00,onboarding_started
1570,2026-03-08 21:00:00,onboarding_completed
1571,2026-05-03 00:00:00,signup
1572,2026-01-29 00:00:00,signup
1572,2026-01-29 10:00:00,onboarding_started
1572,2026-01-29 12:00:00,onboarding_completed
1572,2026-01-31 12:00:00,project_created
1572,2026-02-02 12:00:00,teammate_invited
1572,2026-03-05 00:00:00,dashboard_viewed
1573,2026-05-17 00:00:00,signup
1573,2026-05-17 01:00:00,onboarding_started
1574,2026-06-02 00:00:00,signup
1574,2026-06-02 02:00:00,onboarding_started
1574,2026-06-02 11:00:00,onboarding_completed
1574,2026-06-02 11:00:00,project_created
1574,2026-06-03 11:00:00,report_created
1575,2026-03-17 00:00:00,signup
1575,2026-03-17 01:00:00,onboarding_started
1575,2026-03-17 05:00:00,onboarding_completed
1575,2026-03-17 05:00:00,project_created
1576,2026-06-19 00:00:00,signup
1576,2026-06-19 06:00:00,onboarding_started
1576,2026-06-19 07:00:00,onboarding_completed
1577,2026-01-09 00:00:00,signup
1577,2026-01-09 10:00:00,onboarding_started
1578,2026-02-09 00:00:00,signup
1579,2026-01-25 00:00:00,signup
1580,2026-01-05 00:00:00,signup
1580,2026-01-05 15:00:00,onboarding_started
1580,2026-01-05 21:00:00,onboarding_completed
1580,2026-01-08 21:00:00,project_created
1580,2026-01-09 21:00:00,report_created
1580,2026-01-11 21:00:00,integration_connected
1581,2026-05-19 00:00:00,signup
1581,2026-05-19 04:00:00,onboarding_started
1581,2026-05-19 10:00:00,onboarding_completed
1581,2026-05-20 10:00:00,project_created
1581,2026-05-20 10:00:00,teammate_invited
1581,2026-05-24 10:00:00,report_created
1582,2026-05-04 00:00:00,signup
1582,2026-05-04 10:00:00,onboarding_started
1582,2026-05-04 20:00:00,onboarding_completed
1582,2026-05-06 20:00:00,project_created
1582,2026-05-06 20:00:00,integration_connected
1582,2026-05-12 20:00:00,report_created
1582,2026-06-08 00:00:00,dashboard_viewed
1583,2026-02-07 00:00:00,signup
1583,2026-02-07 17:00:00,onboarding_started
1584,2026-03-13 00:00:00,signup
1584,2026-03-13 08:00:00,onboarding_started
1585,2026-05-13 00:00:00,signup
1585,2026-05-13 04:00:00,onboarding_started
1585,2026-05-13 09:00:00,onboarding_completed
1586,2026-06-25 00:00:00,signup
1586,2026-06-25 10:00:00,onboarding_started
1586,2026-06-25 17:00:00,onboarding_completed
1586,2026-06-25 17:00:00,project_created
1586,2026-06-27 17:00:00,teammate_invited
1586,2026-06-28 17:00:00,integration_connected
1587,2026-03-31 00:00:00,signup
1587,2026-03-31 15:00:00,onboarding_started
1588,2026-05-26 00:00:00,signup
1588,2026-05-26 04:00:00,onboarding_started
1589,2026-02-06 00:00:00,signup
1589,2026-02-06 02:00:00,onboarding_started
1589,2026-02-06 09:00:00,onboarding_completed
1589,2026-02-07 09:00:00,project_created
1589,2026-02-07 09:00:00,teammate_invited
1589,2026-02-07 09:00:00,integration_connected
1589,2026-02-09 09:00:00,report_created
1589,2026-03-09 00:00:00,dashboard_viewed
1590,2026-03-01 00:00:00,signup
1590,2026-03-01 10:00:00,onboarding_started
1590,2026-03-01 15:00:00,onboarding_completed
1591,2026-06-25 00:00:00,signup
1591,2026-06-25 08:00:00,onboarding_started
1591,2026-06-25 12:00:00,onboarding_completed
1592,2026-01-28 00:00:00,signup
1592,2026-01-28 20:00:00,onboarding_started
1592,2026-01-29 03:00:00,onboarding_completed
1593,2026-03-22 00:00:00,signup
1593,2026-03-22 09:00:00,onboarding_started
1593,2026-03-22 10:00:00,onboarding_completed
1594,2026-04-24 00:00:00,signup
1594,2026-04-24 13:00:00,onboarding_started
1595,2026-02-09 00:00:00,signup
1596,2026-02-14 00:00:00,signup
1596,2026-02-14 15:00:00,onboarding_started
1596,2026-02-15 01:00:00,onboarding_completed
1596,2026-02-15 01:00:00,project_created
1596,2026-02-17 01:00:00,report_created
1596,2026-03-21 00:00:00,dashboard_viewed
1597,2026-03-03 00:00:00,signup
1597,2026-03-03 07:00:00,onboarding_started
1597,2026-03-03 09:00:00,onboarding_completed
1597,2026-03-06 09:00:00,project_created
1597,2026-03-09 09:00:00,report_created
1598,2026-04-03 00:00:00,signup
1598,2026-04-03 11:00:00,onboarding_started
1598,2026-04-03 18:00:00,onboarding_completed
1598,2026-04-03 18:00:00,project_created
1598,2026-04-03 18:00:00,teammate_invited
1598,2026-04-05 18:00:00,report_created
1598,2026-05-12 00:00:00,dashboard_viewed
1599,2026-04-25 00:00:00,signup
1599,2026-04-25 04:00:00,onboarding_started
1600,2026-03-08 00:00:00,signup
1600,2026-03-08 09:00:00,onboarding_started
1600,2026-03-08 18:00:00,onboarding_completed
1600,2026-03-11 18:00:00,project_created
1600,2026-03-12 18:00:00,teammate_invited
1600,2026-03-16 18:00:00,report_created
1600,2026-04-15 00:00:00,dashboard_viewed
1601,2026-02-25 00:00:00,signup
1602,2026-02-09 00:00:00,signup
1602,2026-02-09 20:00:00,onboarding_started
1602,2026-02-10 07:00:00,onboarding_completed
1603,2026-04-08 00:00:00,signup
1603,2026-04-08 03:00:00,onboarding_started
1603,2026-04-08 11:00:00,onboarding_completed
1603,2026-04-10 11:00:00,project_created
1603,2026-05-11 00:00:00,dashboard_viewed
1604,2026-02-09 00:00:00,signup
1604,2026-02-09 15:00:00,onboarding_started
1604,2026-02-09 21:00:00,onboarding_completed
1604,2026-02-10 21:00:00,project_created
1604,2026-02-10 21:00:00,integration_connected
1604,2026-02-12 21:00:00,report_created
1605,2026-04-01 00:00:00,signup
1605,2026-04-01 10:00:00,onboarding_started
1605,2026-04-01 13:00:00,onboarding_completed
1606,2026-02-02 00:00:00,signup
1606,2026-02-02 04:00:00,onboarding_started
1606,2026-02-02 07:00:00,onboarding_completed
1607,2026-01-06 00:00:00,signup
1607,2026-01-06 13:00:00,onboarding_started
1607,2026-01-06 15:00:00,onboarding_completed
1607,2026-01-06 15:00:00,project_created
1607,2026-01-08 15:00:00,teammate_invited
1607,2026-02-10 00:00:00,dashboard_viewed
1608,2026-05-27 00:00:00,signup
1608,2026-05-27 01:00:00,onboarding_started
1609,2026-03-21 00:00:00,signup
1609,2026-03-21 14:00:00,onboarding_started
1609,2026-03-21 22:00:00,onboarding_completed
1609,2026-03-22 22:00:00,project_created
1609,2026-03-25 22:00:00,integration_connected
1610,2026-06-17 00:00:00,signup
1610,2026-06-17 09:00:00,onboarding_started
1610,2026-06-17 16:00:00,onboarding_completed
1610,2026-06-19 16:00:00,project_created
1610,2026-06-20 16:00:00,teammate_invited
1611,2026-04-02 00:00:00,signup
1611,2026-04-02 09:00:00,onboarding_started
1611,2026-04-02 11:00:00,onboarding_completed
1611,2026-04-05 11:00:00,project_created
1611,2026-04-10 11:00:00,report_created
1611,2026-05-08 00:00:00,dashboard_viewed
1612,2026-04-07 00:00:00,signup
1612,2026-04-07 13:00:00,onboarding_started
1612,2026-04-07 19:00:00,onboarding_completed
1613,2026-02-28 00:00:00,signup
1613,2026-02-28 18:00:00,onboarding_started
1613,2026-03-01 04:00:00,onboarding_completed
1613,2026-03-03 04:00:00,project_created
1613,2026-03-04 04:00:00,report_created
1613,2026-03-06 04:00:00,integration_connected
1614,2026-02-28 00:00:00,signup
1614,2026-02-28 10:00:00,onboarding_started
1614,2026-02-28 13:00:00,onboarding_completed
1614,2026-03-03 13:00:00,project_created
1614,2026-03-03 13:00:00,teammate_invited
1614,2026-04-05 00:00:00,dashboard_viewed
1615,2026-02-17 00:00:00,signup
1615,2026-02-17 10:00:00,onboarding_started
1615,2026-02-17 19:00:00,onboarding_completed
1615,2026-02-19 19:00:00,project_created
1615,2026-02-20 19:00:00,teammate_invited
1615,2026-02-25 19:00:00,report_created
1615,2026-03-20 00:00:00,dashboard_viewed
1616,2026-06-18 00:00:00,signup
1616,2026-06-18 01:00:00,onboarding_started
1616,2026-06-18 08:00:00,onboarding_completed
1616,2026-06-19 08:00:00,project_created
1616,2026-06-19 08:00:00,integration_connected
1617,2026-01-13 00:00:00,signup
1617,2026-01-13 15:00:00,onboarding_started
1617,2026-01-13 21:00:00,onboarding_completed
1617,2026-01-14 21:00:00,project_created
1617,2026-01-15 21:00:00,report_created
1617,2026-01-16 21:00:00,teammate_invited
1617,2026-01-17 21:00:00,integration_connected
1618,2026-04-17 00:00:00,signup
1618,2026-04-17 08:00:00,onboarding_started
1618,2026-04-17 17:00:00,onboarding_completed
1619,2026-02-14 00:00:00,signup
1619,2026-02-14 08:00:00,onboarding_started
1620,2026-03-30 00:00:00,signup
1620,2026-03-30 01:00:00,onboarding_started
1620,2026-03-30 09:00:00,onboarding_completed
1621,2026-06-30 00:00:00,signup
1621,2026-06-30 22:00:00,onboarding_started
1621,2026-07-01 03:00:00,onboarding_completed
1621,2026-07-04 03:00:00,project_created
1621,2026-07-05 03:00:00,integration_connected
1621,2026-08-02 00:00:00,dashboard_viewed
1622,2026-06-19 00:00:00,signup
1622,2026-06-19 22:00:00,onboarding_started
1622,2026-06-20 04:00:00,onboarding_completed
1622,2026-06-22 04:00:00,project_created
1623,2026-04-10 00:00:00,signup
1623,2026-04-10 15:00:00,onboarding_started
1623,2026-04-10 23:00:00,onboarding_completed
1623,2026-04-10 23:00:00,project_created
1623,2026-04-12 23:00:00,teammate_invited
1624,2026-06-04 00:00:00,signup
1624,2026-06-04 07:00:00,onboarding_started
1625,2026-06-15 00:00:00,signup
1626,2026-01-07 00:00:00,signup
1626,2026-01-07 01:00:00,onboarding_started
1626,2026-01-07 08:00:00,onboarding_completed
1626,2026-01-10 08:00:00,project_created
1626,2026-01-10 08:00:00,teammate_invited
1626,2026-01-16 08:00:00,report_created
1626,2026-02-09 00:00:00,dashboard_viewed
1627,2026-05-13 00:00:00,signup
1627,2026-05-13 05:00:00,onboarding_started
1627,2026-05-13 16:00:00,onboarding_completed
1627,2026-05-15 16:00:00,project_created
1627,2026-05-17 16:00:00,teammate_invited
1627,2026-05-21 16:00:00,report_created
1627,2026-06-19 00:00:00,dashboard_viewed
1628,2026-02-14 00:00:00,signup
1628,2026-02-14 20:00:00,onboarding_started
1629,2026-02-27 00:00:00,signup
1629,2026-02-27 05:00:00,onboarding_started
1629,2026-02-27 08:00:00,onboarding_completed
1629,2026-02-28 08:00:00,project_created
1629,2026-03-05 08:00:00,report_created
1630,2026-01-31 00:00:00,signup
1630,2026-01-31 14:00:00,onboarding_started
1630,2026-02-01 00:00:00,onboarding_completed
1630,2026-02-01 00:00:00,project_created
1630,2026-02-02 00:00:00,report_created
1631,2026-01-23 00:00:00,signup
1631,2026-01-23 06:00:00,onboarding_started
1632,2026-06-19 00:00:00,signup
1632,2026-06-19 21:00:00,onboarding_started
1632,2026-06-20 05:00:00,onboarding_completed
1633,2026-05-18 00:00:00,signup
1633,2026-05-18 04:00:00,onboarding_started
1634,2026-06-09 00:00:00,signup
1634,2026-06-09 22:00:00,onboarding_started
1634,2026-06-10 05:00:00,onboarding_completed
1634,2026-06-10 05:00:00,project_created
1635,2026-04-17 00:00:00,signup
1635,2026-04-17 22:00:00,onboarding_started
1636,2026-06-30 00:00:00,signup
1636,2026-06-30 20:00:00,onboarding_started
1636,2026-07-01 00:00:00,onboarding_completed
1636,2026-07-01 00:00:00,project_created
1637,2026-06-07 00:00:00,signup
1637,2026-06-07 20:00:00,onboarding_started
1637,2026-06-08 06:00:00,onboarding_completed
1638,2026-02-08 00:00:00,signup
1639,2026-06-08 00:00:00,signup
1639,2026-06-08 03:00:00,onboarding_started
1639,2026-06-08 13:00:00,onboarding_completed
1639,2026-06-11 13:00:00,project_created
1639,2026-06-14 13:00:00,integration_connected
1639,2026-06-14 13:00:00,report_created
1640,2026-03-23 00:00:00,signup
1640,2026-03-23 12:00:00,onboarding_started
1641,2026-04-10 00:00:00,signup
1641,2026-04-10 18:00:00,onboarding_started
1642,2026-01-02 00:00:00,signup
1643,2026-03-18 00:00:00,signup
1643,2026-03-18 20:00:00,onboarding_started
1643,2026-03-19 00:00:00,onboarding_completed
1644,2026-01-12 00:00:00,signup
1644,2026-01-12 01:00:00,onboarding_started
1644,2026-01-12 09:00:00,onboarding_completed
1644,2026-01-13 09:00:00,project_created
1644,2026-01-13 09:00:00,teammate_invited
1645,2026-02-08 00:00:00,signup
1645,2026-02-08 09:00:00,onboarding_started
1646,2026-01-13 00:00:00,signup
1646,2026-01-13 17:00:00,onboarding_started
1647,2026-02-15 00:00:00,signup
1647,2026-02-15 16:00:00,onboarding_started
1647,2026-02-16 03:00:00,onboarding_completed
1648,2026-06-04 00:00:00,signup
1648,2026-06-04 13:00:00,onboarding_started
1648,2026-06-04 14:00:00,onboarding_completed
1648,2026-06-04 14:00:00,project_created
1648,2026-06-06 14:00:00,teammate_invited
1649,2026-04-23 00:00:00,signup
1649,2026-04-23 20:00:00,onboarding_started
1650,2026-01-17 00:00:00,signup
1651,2026-04-14 00:00:00,signup
1651,2026-04-14 19:00:00,onboarding_started
1651,2026-04-14 20:00:00,onboarding_completed
1652,2026-04-08 00:00:00,signup
1652,2026-04-08 16:00:00,onboarding_started
1652,2026-04-08 20:00:00,onboarding_completed
1653,2026-03-29 00:00:00,signup
1653,2026-03-29 02:00:00,onboarding_started
1653,2026-03-29 13:00:00,onboarding_completed
1654,2026-04-19 00:00:00,signup
1654,2026-04-19 21:00:00,onboarding_started
1654,2026-04-20 05:00:00,onboarding_completed
1655,2026-06-12 00:00:00,signup
1655,2026-06-12 14:00:00,onboarding_started
1655,2026-06-12 16:00:00,onboarding_completed
1655,2026-06-12 16:00:00,project_created
1655,2026-06-16 16:00:00,report_created
1656,2026-03-11 00:00:00,signup
1656,2026-03-11 09:00:00,onboarding_started
1656,2026-03-11 16:00:00,onboarding_completed
1656,2026-03-14 16:00:00,project_created
1656,2026-03-15 16:00:00,teammate_invited
1656,2026-03-18 16:00:00,report_created
1657,2026-06-07 00:00:00,signup
1658,2026-03-15 00:00:00,signup
1658,2026-03-15 02:00:00,onboarding_started
1658,2026-03-15 12:00:00,onboarding_completed
1659,2026-03-04 00:00:00,signup
1659,2026-03-04 14:00:00,onboarding_started
1660,2026-06-05 00:00:00,signup
1660,2026-06-05 07:00:00,onboarding_started
1661,2026-03-01 00:00:00,signup
1661,2026-03-01 11:00:00,onboarding_started
1662,2026-03-20 00:00:00,signup
1662,2026-03-20 21:00:00,onboarding_started
1662,2026-03-21 08:00:00,onboarding_completed
1662,2026-03-24 08:00:00,project_created
1662,2026-03-24 08:00:00,teammate_invited
1663,2026-02-06 00:00:00,signup
1664,2026-01-22 00:00:00,signup
1664,2026-01-22 01:00:00,onboarding_started
1665,2026-05-28 00:00:00,signup
1665,2026-05-28 07:00:00,onboarding_started
1665,2026-05-28 08:00:00,onboarding_completed
1666,2026-04-06 00:00:00,signup
1666,2026-04-06 15:00:00,onboarding_started
1667,2026-03-09 00:00:00,signup
1667,2026-03-09 04:00:00,onboarding_started
1667,2026-03-09 15:00:00,onboarding_completed
1667,2026-03-10 15:00:00,project_created
1667,2026-03-15 15:00:00,report_created
1668,2026-01-17 00:00:00,signup
1668,2026-01-17 08:00:00,onboarding_started
1668,2026-01-17 10:00:00,onboarding_completed
1668,2026-01-18 10:00:00,project_created
1668,2026-01-19 10:00:00,integration_connected
1668,2026-01-23 10:00:00,report_created
1669,2026-01-12 00:00:00,signup
1669,2026-01-12 19:00:00,onboarding_started
1669,2026-01-13 04:00:00,onboarding_completed
1669,2026-01-16 04:00:00,project_created
1669,2026-01-21 04:00:00,report_created
1670,2026-05-30 00:00:00,signup
1670,2026-05-30 15:00:00,onboarding_started
1670,2026-05-30 23:00:00,onboarding_completed
1670,2026-06-01 23:00:00,project_created
1670,2026-06-02 23:00:00,report_created
1670,2026-06-04 23:00:00,integration_connected
1671,2026-05-25 00:00:00,signup
1671,2026-05-25 17:00:00,onboarding_started
1671,2026-05-26 04:00:00,onboarding_completed
1672,2026-05-18 00:00:00,signup
1672,2026-05-18 18:00:00,onboarding_started
1673,2026-04-28 00:00:00,signup
1673,2026-04-28 21:00:00,onboarding_started
1673,2026-04-29 07:00:00,onboarding_completed
1673,2026-04-29 07:00:00,project_created
1673,2026-04-30 07:00:00,teammate_invited
1674,2026-01-22 00:00:00,signup
1674,2026-01-22 05:00:00,onboarding_started
1674,2026-01-22 16:00:00,onboarding_completed
1674,2026-01-24 16:00:00,project_created
1674,2026-01-24 16:00:00,teammate_invited
1674,2026-01-24 16:00:00,integration_connected
1674,2026-01-28 16:00:00,report_created
1675,2026-04-30 00:00:00,signup
1675,2026-04-30 13:00:00,onboarding_started
1676,2026-02-19 00:00:00,signup
1676,2026-02-19 22:00:00,onboarding_started
1676,2026-02-20 01:00:00,onboarding_completed
1676,2026-02-23 01:00:00,project_created
1676,2026-03-26 00:00:00,dashboard_viewed
1677,2026-01-14 00:00:00,signup
1677,2026-01-14 23:00:00,onboarding_started
1677,2026-01-15 03:00:00,onboarding_completed
1677,2026-01-16 03:00:00,project_created
1677,2026-01-17 03:00:00,teammate_invited
1677,2026-01-21 03:00:00,report_created
1677,2026-02-16 00:00:00,dashboard_viewed
1678,2026-06-24 00:00:00,signup
1678,2026-06-24 07:00:00,onboarding_started
1678,2026-06-24 14:00:00,onboarding_completed
1678,2026-06-24 14:00:00,project_created
1678,2026-06-24 14:00:00,teammate_invited
1678,2026-06-25 14:00:00,report_created
1678,2026-07-26 00:00:00,dashboard_viewed
1679,2026-01-29 00:00:00,signup
1679,2026-01-29 20:00:00,onboarding_started
1679,2026-01-29 22:00:00,onboarding_completed
1679,2026-01-30 22:00:00,project_created
1679,2026-01-30 22:00:00,teammate_invited
1679,2026-03-08 00:00:00,dashboard_viewed
1680,2026-06-13 00:00:00,signup
1680,2026-06-13 06:00:00,onboarding_started
1680,2026-06-13 17:00:00,onboarding_completed
1680,2026-06-13 17:00:00,project_created
1680,2026-06-14 17:00:00,teammate_invited
1680,2026-06-14 17:00:00,report_created
1681,2026-06-29 00:00:00,signup
1682,2026-05-05 00:00:00,signup
1682,2026-05-05 09:00:00,onboarding_started
1682,2026-05-05 19:00:00,onboarding_completed
1682,2026-05-08 19:00:00,project_created
1682,2026-05-09 19:00:00,teammate_invited
1682,2026-05-11 19:00:00,integration_connected
1682,2026-05-13 19:00:00,report_created
1682,2026-06-04 00:00:00,dashboard_viewed
1683,2026-01-07 00:00:00,signup
1683,2026-01-07 15:00:00,onboarding_started
1684,2026-01-29 00:00:00,signup
1684,2026-01-29 05:00:00,onboarding_started
1684,2026-01-29 14:00:00,onboarding_completed
1684,2026-02-01 14:00:00,project_created
1684,2026-02-02 14:00:00,teammate_invited
1684,2026-03-03 00:00:00,dashboard_viewed
1685,2026-05-19 00:00:00,signup
1685,2026-05-19 13:00:00,onboarding_started
1685,2026-05-19 23:00:00,onboarding_completed
1686,2026-02-02 00:00:00,signup
1686,2026-02-02 12:00:00,onboarding_started
1686,2026-02-02 19:00:00,onboarding_completed
1686,2026-02-04 19:00:00,project_created
1686,2026-02-05 19:00:00,teammate_invited
1687,2026-05-14 00:00:00,signup
1687,2026-05-14 18:00:00,onboarding_started
1687,2026-05-14 22:00:00,onboarding_completed
1687,2026-05-17 22:00:00,project_created
1688,2026-04-21 00:00:00,signup
1688,2026-04-21 13:00:00,onboarding_started
1688,2026-04-21 14:00:00,onboarding_completed
1688,2026-04-22 14:00:00,project_created
1688,2026-04-26 14:00:00,report_created
1689,2026-03-20 00:00:00,signup
1689,2026-03-20 07:00:00,onboarding_started
1689,2026-03-20 12:00:00,onboarding_completed
1690,2026-06-09 00:00:00,signup
1690,2026-06-09 11:00:00,onboarding_started
1690,2026-06-09 20:00:00,onboarding_completed
1690,2026-06-09 20:00:00,project_created
1691,2026-06-28 00:00:00,signup
1691,2026-06-28 08:00:00,onboarding_started
1691,2026-06-28 10:00:00,onboarding_completed
1691,2026-06-29 10:00:00,project_created
1691,2026-06-29 10:00:00,teammate_invited
1691,2026-07-01 10:00:00,report_created
1692,2026-02-27 00:00:00,signup
1692,2026-02-27 14:00:00,onboarding_started
1692,2026-02-27 20:00:00,onboarding_completed
1692,2026-02-28 20:00:00,project_created
1692,2026-03-02 20:00:00,report_created
1693,2026-01-26 00:00:00,signup
1693,2026-01-26 01:00:00,onboarding_started
1693,2026-01-26 06:00:00,onboarding_completed
1693,2026-01-28 06:00:00,project_created
1693,2026-01-30 06:00:00,integration_connected
1694,2026-06-23 00:00:00,signup
1694,2026-06-23 02:00:00,onboarding_started
1695,2026-01-29 00:00:00,signup
1695,2026-01-29 07:00:00,onboarding_started
1695,2026-01-29 08:00:00,onboarding_completed
1695,2026-01-31 08:00:00,project_created
1696,2026-01-04 00:00:00,signup
1696,2026-01-04 06:00:00,onboarding_started
1697,2026-04-09 00:00:00,signup
1697,2026-04-09 02:00:00,onboarding_started
1698,2026-05-21 00:00:00,signup
1698,2026-05-21 16:00:00,onboarding_started
1698,2026-05-21 23:00:00,onboarding_completed
1698,2026-05-22 23:00:00,project_created
1698,2026-05-23 23:00:00,teammate_invited
1699,2026-02-08 00:00:00,signup
1699,2026-02-08 22:00:00,onboarding_started
1699,2026-02-09 03:00:00,onboarding_completed
1699,2026-02-09 03:00:00,project_created
1699,2026-02-11 03:00:00,report_created
1699,2026-03-19 00:00:00,dashboard_viewed
1700,2026-01-15 00:00:00,signup
1700,2026-01-15 04:00:00,onboarding_started
1700,2026-01-15 12:00:00,onboarding_completed
1700,2026-01-16 12:00:00,project_created
1700,2026-01-17 12:00:00,report_created
1700,2026-01-20 12:00:00,integration_connected
1700,2026-02-21 00:00:00,dashboard_viewed
1701,2026-04-29 00:00:00,signup
1701,2026-04-29 03:00:00,onboarding_started
1701,2026-04-29 14:00:00,onboarding_completed
1701,2026-05-02 14:00:00,project_created
1701,2026-05-05 14:00:00,report_created
1702,2026-01-29 00:00:00,signup
1702,2026-01-29 11:00:00,onboarding_started
1702,2026-01-29 19:00:00,onboarding_completed
1703,2026-06-06 00:00:00,signup
1704,2026-03-16 00:00:00,signup
1704,2026-03-16 10:00:00,onboarding_started
1704,2026-03-16 11:00:00,onboarding_completed
1705,2026-04-26 00:00:00,signup
1705,2026-04-26 12:00:00,onboarding_started
1705,2026-04-26 15:00:00,onboarding_completed
1705,2026-04-27 15:00:00,project_created
1705,2026-04-27 15:00:00,teammate_invited
1705,2026-05-01 15:00:00,report_created
1705,2026-06-03 00:00:00,dashboard_viewed
1706,2026-02-01 00:00:00,signup
1707,2026-05-10 00:00:00,signup
1707,2026-05-10 04:00:00,onboarding_started
1707,2026-05-10 14:00:00,onboarding_completed
1707,2026-05-10 14:00:00,project_created
1707,2026-05-13 14:00:00,report_created
1707,2026-05-14 14:00:00,integration_connected
1708,2026-06-24 00:00:00,signup
1708,2026-06-24 01:00:00,onboarding_started
1709,2026-03-25 00:00:00,signup
1709,2026-03-25 02:00:00,onboarding_started
1709,2026-03-25 07:00:00,onboarding_completed
1709,2026-03-28 07:00:00,project_created
1709,2026-03-29 07:00:00,teammate_invited
1709,2026-04-01 07:00:00,report_created
1710,2026-01-22 00:00:00,signup
1710,2026-01-22 19:00:00,onboarding_started
1710,2026-01-23 04:00:00,onboarding_completed
1710,2026-01-26 04:00:00,project_created
1710,2026-01-28 04:00:00,report_created
1710,2026-01-29 04:00:00,integration_connected
1711,2026-01-27 00:00:00,signup
1711,2026-01-27 17:00:00,onboarding_started
1711,2026-01-28 00:00:00,onboarding_completed
1711,2026-01-30 00:00:00,project_created
1711,2026-02-02 00:00:00,report_created
1712,2026-03-22 00:00:00,signup
1712,2026-03-22 06:00:00,onboarding_started
1712,2026-03-22 16:00:00,onboarding_completed
1713,2026-05-06 00:00:00,signup
1713,2026-05-06 11:00:00,onboarding_started
1713,2026-05-06 17:00:00,onboarding_completed
1713,2026-05-06 17:00:00,project_created
1713,2026-05-08 17:00:00,teammate_invited
1713,2026-05-09 17:00:00,integration_connected
1713,2026-05-12 17:00:00,report_created
1714,2026-04-02 00:00:00,signup
1714,2026-04-02 11:00:00,onboarding_started
1715,2026-01-21 00:00:00,signup
1715,2026-01-21 06:00:00,onboarding_started
1716,2026-02-16 00:00:00,signup
1717,2026-04-11 00:00:00,signup
1717,2026-04-11 06:00:00,onboarding_started
1717,2026-04-11 10:00:00,onboarding_completed
1717,2026-04-14 10:00:00,project_created
1718,2026-03-25 00:00:00,signup
1719,2026-01-06 00:00:00,signup
1719,2026-01-06 09:00:00,onboarding_started
1720,2026-05-27 00:00:00,signup
1720,2026-05-27 10:00:00,onboarding_started
1720,2026-05-27 13:00:00,onboarding_completed
1721,2026-05-11 00:00:00,signup
1721,2026-05-11 06:00:00,onboarding_started
1721,2026-05-11 13:00:00,onboarding_completed
1722,2026-01-01 00:00:00,signup
1722,2026-01-01 02:00:00,onboarding_started
1722,2026-01-01 11:00:00,onboarding_completed
1723,2026-02-27 00:00:00,signup
1723,2026-02-27 21:00:00,onboarding_started
1723,2026-02-28 05:00:00,onboarding_completed
1723,2026-03-01 05:00:00,project_created
1723,2026-03-05 05:00:00,integration_connected
1724,2026-05-04 00:00:00,signup
1724,2026-05-04 23:00:00,onboarding_started
1724,2026-05-05 06:00:00,onboarding_completed
1724,2026-05-06 06:00:00,project_created
1724,2026-05-11 06:00:00,report_created
1725,2026-06-15 00:00:00,signup
1726,2026-01-15 00:00:00,signup
1726,2026-01-15 20:00:00,onboarding_started
1727,2026-06-11 00:00:00,signup
1727,2026-06-11 03:00:00,onboarding_started
1728,2026-06-12 00:00:00,signup
1728,2026-06-12 22:00:00,onboarding_started
1728,2026-06-12 23:00:00,onboarding_completed
1728,2026-06-15 23:00:00,project_created
1728,2026-06-17 23:00:00,report_created
1728,2026-07-15 00:00:00,dashboard_viewed
1729,2026-03-05 00:00:00,signup
1729,2026-03-05 14:00:00,onboarding_started
1729,2026-03-05 23:00:00,onboarding_completed
1730,2026-01-25 00:00:00,signup
1730,2026-01-25 11:00:00,onboarding_started
1730,2026-01-25 20:00:00,onboarding_completed
1730,2026-01-26 20:00:00,project_created
1730,2026-01-27 20:00:00,teammate_invited
1730,2026-01-30 20:00:00,report_created
1730,2026-03-05 00:00:00,dashboard_viewed
1731,2026-01-24 00:00:00,signup
1731,2026-01-24 08:00:00,onboarding_started
1731,2026-01-24 16:00:00,onboarding_completed
1731,2026-01-26 16:00:00,project_created
1731,2026-01-27 16:00:00,teammate_invited
1731,2026-01-28 16:00:00,integration_connected
1731,2026-01-29 16:00:00,report_created
1731,2026-03-02 00:00:00,dashboard_viewed
1732,2026-01-12 00:00:00,signup
1732,2026-01-12 06:00:00,onboarding_started
1733,2026-01-18 00:00:00,signup
1733,2026-01-18 01:00:00,onboarding_started
1733,2026-01-18 08:00:00,onboarding_completed
1734,2026-01-15 00:00:00,signup
1734,2026-01-15 19:00:00,onboarding_started
1734,2026-01-16 03:00:00,onboarding_completed
1734,2026-01-19 03:00:00,project_created
1734,2026-01-23 03:00:00,report_created
1735,2026-01-27 00:00:00,signup
1735,2026-01-27 11:00:00,onboarding_started
1735,2026-01-27 14:00:00,onboarding_completed
1735,2026-01-27 14:00:00,project_created
1735,2026-01-27 14:00:00,teammate_invited
1736,2026-03-13 00:00:00,signup
1736,2026-03-13 12:00:00,onboarding_started
1736,2026-03-13 16:00:00,onboarding_completed
1736,2026-03-14 16:00:00,project_created
1736,2026-03-15 16:00:00,teammate_invited
1736,2026-03-15 16:00:00,report_created
1737,2026-03-01 00:00:00,signup
1737,2026-03-01 03:00:00,onboarding_started
1737,2026-03-01 13:00:00,onboarding_completed
1737,2026-03-02 13:00:00,project_created
1737,2026-03-05 13:00:00,integration_connected
1738,2026-06-23 00:00:00,signup
1738,2026-06-23 14:00:00,onboarding_started
1738,2026-06-23 18:00:00,onboarding_completed
1738,2026-06-24 18:00:00,project_created
1738,2026-06-28 18:00:00,report_created
1738,2026-07-27 00:00:00,dashboard_viewed
1739,2026-05-25 00:00:00,signup
1739,2026-05-25 22:00:00,onboarding_started
1739,2026-05-26 07:00:00,onboarding_completed
1739,2026-05-29 07:00:00,project_created
1739,2026-05-30 07:00:00,teammate_invited
1739,2026-06-01 07:00:00,report_created
1740,2026-04-03 00:00:00,signup
1741,2026-02-22 00:00:00,signup
1741,2026-02-22 06:00:00,onboarding_started
1742,2026-01-08 00:00:00,signup
1742,2026-01-08 07:00:00,onboarding_started
1742,2026-01-08 16:00:00,onboarding_completed
1742,2026-01-09 16:00:00,project_created
1742,2026-01-13 16:00:00,integration_connected
1743,2026-03-20 00:00:00,signup
1743,2026-03-20 20:00:00,onboarding_started
1743,2026-03-21 07:00:00,onboarding_completed
1743,2026-03-21 07:00:00,project_created
1743,2026-03-24 07:00:00,integration_connected
1744,2026-01-27 00:00:00,signup
1744,2026-01-27 22:00:00,onboarding_started
1744,2026-01-28 05:00:00,onboarding_completed
1744,2026-01-28 05:00:00,project_created
1744,2026-02-01 05:00:00,integration_connected
1744,2026-03-04 00:00:00,dashboard_viewed
1745,2026-06-23 00:00:00,signup
1745,2026-06-23 23:00:00,onboarding_started
1745,2026-06-24 03:00:00,onboarding_completed
1746,2026-02-19 00:00:00,signup
1746,2026-02-19 01:00:00,onboarding_started
1746,2026-02-19 12:00:00,onboarding_completed
1746,2026-02-22 12:00:00,project_created
1746,2026-02-23 12:00:00,teammate_invited
1746,2026-02-25 12:00:00,report_created
1746,2026-03-28 00:00:00,dashboard_viewed
1747,2026-05-11 00:00:00,signup
1747,2026-05-11 17:00:00,onboarding_started
1747,2026-05-11 20:00:00,onboarding_completed
1748,2026-04-03 00:00:00,signup
1748,2026-04-03 01:00:00,onboarding_started
1748,2026-04-03 09:00:00,onboarding_completed
1748,2026-04-03 09:00:00,project_created
1748,2026-04-03 09:00:00,teammate_invited
1748,2026-05-09 00:00:00,dashboard_viewed
1749,2026-06-21 00:00:00,signup
1749,2026-06-21 07:00:00,onboarding_started
1749,2026-06-21 17:00:00,onboarding_completed
1750,2026-06-30 00:00:00,signup
1750,2026-06-30 20:00:00,onboarding_started
1750,2026-07-01 05:00:00,onboarding_completed
1751,2026-01-24 00:00:00,signup
1751,2026-01-24 16:00:00,onboarding_started
1751,2026-01-24 18:00:00,onboarding_completed
1751,2026-01-26 18:00:00,project_created
1751,2026-01-27 18:00:00,teammate_invited
1751,2026-01-30 18:00:00,report_created
1751,2026-02-27 00:00:00,dashboard_viewed
1752,2026-03-01 00:00:00,signup
1753,2026-05-02 00:00:00,signup
1754,2026-05-11 00:00:00,signup
1754,2026-05-11 12:00:00,onboarding_started
1754,2026-05-11 16:00:00,onboarding_completed
1754,2026-05-11 16:00:00,project_created
1754,2026-05-12 16:00:00,teammate_invited
1754,2026-05-13 16:00:00,report_created
1755,2026-05-28 00:00:00,signup
1755,2026-05-28 21:00:00,onboarding_started
1755,2026-05-29 06:00:00,onboarding_completed
1755,2026-05-29 06:00:00,project_created
1755,2026-05-31 06:00:00,teammate_invited
1756,2026-02-15 00:00:00,signup
1756,2026-02-15 13:00:00,onboarding_started
1756,2026-02-15 21:00:00,onboarding_completed
1756,2026-02-17 21:00:00,project_created
1756,2026-03-23 00:00:00,dashboard_viewed
1757,2026-01-15 00:00:00,signup
1758,2026-06-02 00:00:00,signup
1758,2026-06-02 14:00:00,onboarding_started
1758,2026-06-02 16:00:00,onboarding_completed
1758,2026-06-04 16:00:00,project_created
1758,2026-06-04 16:00:00,teammate_invited
1758,2026-06-07 16:00:00,report_created
1759,2026-01-17 00:00:00,signup
1760,2026-05-06 00:00:00,signup
1760,2026-05-06 05:00:00,onboarding_started
1760,2026-05-06 12:00:00,onboarding_completed
1760,2026-05-06 12:00:00,project_created
1760,2026-06-14 00:00:00,dashboard_viewed
1761,2026-03-25 00:00:00,signup
1761,2026-03-25 11:00:00,onboarding_started
1762,2026-01-09 00:00:00,signup
1762,2026-01-09 08:00:00,onboarding_started
1763,2026-06-15 00:00:00,signup
1763,2026-06-15 21:00:00,onboarding_started
1763,2026-06-16 03:00:00,onboarding_completed
1763,2026-06-17 03:00:00,project_created
1764,2026-06-25 00:00:00,signup
1764,2026-06-25 14:00:00,onboarding_started
1764,2026-06-25 23:00:00,onboarding_completed
1764,2026-06-26 23:00:00,project_created
1764,2026-06-26 23:00:00,teammate_invited
1764,2026-06-26 23:00:00,integration_connected
1765,2026-03-04 00:00:00,signup
1765,2026-03-04 11:00:00,onboarding_started
1765,2026-03-04 14:00:00,onboarding_completed
1765,2026-03-04 14:00:00,project_created
1765,2026-03-08 14:00:00,integration_connected
1766,2026-04-27 00:00:00,signup
1766,2026-04-27 12:00:00,onboarding_started
1766,2026-04-27 16:00:00,onboarding_completed
1767,2026-05-10 00:00:00,signup
1767,2026-05-10 23:00:00,onboarding_started
1767,2026-05-11 06:00:00,onboarding_completed
1768,2026-03-29 00:00:00,signup
1768,2026-03-29 23:00:00,onboarding_started
1768,2026-03-30 01:00:00,onboarding_completed
1768,2026-04-01 01:00:00,project_created
1768,2026-04-02 01:00:00,teammate_invited
1768,2026-04-04 01:00:00,report_created
1769,2026-03-13 00:00:00,signup
1770,2026-05-19 00:00:00,signup
1770,2026-05-19 12:00:00,onboarding_started
1771,2026-03-05 00:00:00,signup
1771,2026-03-05 12:00:00,onboarding_started
1771,2026-03-05 13:00:00,onboarding_completed
1771,2026-03-08 13:00:00,project_created
1771,2026-03-10 13:00:00,integration_connected
1771,2026-04-10 00:00:00,dashboard_viewed
1772,2026-03-13 00:00:00,signup
1772,2026-03-13 14:00:00,onboarding_started
1772,2026-03-13 22:00:00,onboarding_completed
1772,2026-03-16 22:00:00,project_created
1772,2026-03-17 22:00:00,teammate_invited
1772,2026-03-17 22:00:00,integration_connected
1772,2026-04-22 00:00:00,dashboard_viewed
1773,2026-01-21 00:00:00,signup
1773,2026-01-21 19:00:00,onboarding_started
1773,2026-01-22 06:00:00,onboarding_completed
1774,2026-01-18 00:00:00,signup
1774,2026-01-18 15:00:00,onboarding_started
1774,2026-01-18 17:00:00,onboarding_completed
1774,2026-01-21 17:00:00,project_created
1774,2026-01-22 17:00:00,report_created
1774,2026-02-17 00:00:00,dashboard_viewed
1775,2026-03-05 00:00:00,signup
1775,2026-03-05 01:00:00,onboarding_started
1775,2026-03-05 09:00:00,onboarding_completed
1775,2026-03-05 09:00:00,project_created
1775,2026-03-08 09:00:00,report_created
1776,2026-03-23 00:00:00,signup
1777,2026-04-20 00:00:00,signup
1777,2026-04-20 14:00:00,onboarding_started
1778,2026-04-05 00:00:00,signup
1778,2026-04-05 19:00:00,onboarding_started
1778,2026-04-05 22:00:00,onboarding_completed
1778,2026-04-07 22:00:00,project_created
1779,2026-06-15 00:00:00,signup
1779,2026-06-15 09:00:00,onboarding_started
1779,2026-06-15 13:00:00,onboarding_completed
1780,2026-02-01 00:00:00,signup
1780,2026-02-01 03:00:00,onboarding_started
1781,2026-01-11 00:00:00,signup
1781,2026-01-11 05:00:00,onboarding_started
1782,2026-02-14 00:00:00,signup
1782,2026-02-14 22:00:00,onboarding_started
1782,2026-02-14 23:00:00,onboarding_completed
1782,2026-02-14 23:00:00,project_created
1782,2026-02-14 23:00:00,teammate_invited
1783,2026-02-02 00:00:00,signup
1783,2026-02-02 21:00:00,onboarding_started
1783,2026-02-03 05:00:00,onboarding_completed
1783,2026-02-03 05:00:00,project_created
1783,2026-02-04 05:00:00,report_created
1784,2026-04-12 00:00:00,signup
1784,2026-04-12 19:00:00,onboarding_started
1784,2026-04-12 20:00:00,onboarding_completed
1784,2026-04-13 20:00:00,project_created
1784,2026-04-13 20:00:00,teammate_invited
1785,2026-06-18 00:00:00,signup
1785,2026-06-18 07:00:00,onboarding_started
1785,2026-06-18 09:00:00,onboarding_completed
1785,2026-06-21 09:00:00,project_created
1786,2026-05-16 00:00:00,signup
1786,2026-05-16 20:00:00,onboarding_started
1786,2026-05-17 03:00:00,onboarding_completed
1786,2026-05-20 03:00:00,project_created
1786,2026-05-21 03:00:00,report_created
1786,2026-05-22 03:00:00,teammate_invited
1786,2026-06-20 00:00:00,dashboard_viewed
1787,2026-01-11 00:00:00,signup
1787,2026-01-11 13:00:00,onboarding_started
1788,2026-06-28 00:00:00,signup
1788,2026-06-28 09:00:00,onboarding_started
1789,2026-03-29 00:00:00,signup
1789,2026-03-29 20:00:00,onboarding_started
1789,2026-03-29 21:00:00,onboarding_completed
1789,2026-03-31 21:00:00,project_created
1789,2026-03-31 21:00:00,teammate_invited
1789,2026-04-04 21:00:00,report_created
1789,2026-04-29 00:00:00,dashboard_viewed
1790,2026-02-10 00:00:00,signup
1790,2026-02-10 20:00:00,onboarding_started
1790,2026-02-11 05:00:00,onboarding_completed
1790,2026-02-14 05:00:00,project_created
1790,2026-03-14 00:00:00,dashboard_viewed
1791,2026-05-25 00:00:00,signup
1792,2026-03-17 00:00:00,signup
1792,2026-03-17 15:00:00,onboarding_started
1792,2026-03-17 17:00:00,onboarding_completed
1792,2026-03-18 17:00:00,project_created
1792,2026-03-19 17:00:00,teammate_invited
1792,2026-03-20 17:00:00,integration_connected
1792,2026-03-24 17:00:00,report_created
1792,2026-04-25 00:00:00,dashboard_viewed
1793,2026-05-01 00:00:00,signup
1793,2026-05-01 21:00:00,onboarding_started
1794,2026-02-15 00:00:00,signup
1794,2026-02-15 08:00:00,onboarding_started
1794,2026-02-15 10:00:00,onboarding_completed
1794,2026-02-15 10:00:00,project_created
1794,2026-02-19 10:00:00,report_created
1795,2026-06-09 00:00:00,signup
1795,2026-06-09 08:00:00,onboarding_started
1795,2026-06-09 13:00:00,onboarding_completed
1796,2026-03-21 00:00:00,signup
1797,2026-02-23 00:00:00,signup
1797,2026-02-23 20:00:00,onboarding_started
1797,2026-02-24 01:00:00,onboarding_completed
1798,2026-03-27 00:00:00,signup
1798,2026-03-27 22:00:00,onboarding_started
1799,2026-04-02 00:00:00,signup
1800,2026-05-28 00:00:00,signup
1800,2026-05-28 16:00:00,onboarding_started
1800,2026-05-28 21:00:00,onboarding_completed
1800,2026-05-30 21:00:00,project_created
1800,2026-05-31 21:00:00,integration_connected
1800,2026-06-01 21:00:00,report_created
1801,2026-06-10 00:00:00,signup
1801,2026-06-10 21:00:00,onboarding_started
1801,2026-06-10 22:00:00,onboarding_completed
1802,2026-06-17 00:00:00,signup
1802,2026-06-17 15:00:00,onboarding_started
1802,2026-06-17 22:00:00,onboarding_completed
1802,2026-06-18 22:00:00,project_created
1802,2026-06-20 22:00:00,integration_connected
1802,2026-06-20 22:00:00,report_created
1803,2026-06-09 00:00:00,signup
1803,2026-06-09 06:00:00,onboarding_started
1803,2026-06-09 09:00:00,onboarding_completed
1804,2026-04-07 00:00:00,signup
1804,2026-04-07 09:00:00,onboarding_started
1804,2026-04-07 19:00:00,onboarding_completed
1804,2026-04-09 19:00:00,project_created
1805,2026-01-02 00:00:00,signup
1805,2026-01-02 06:00:00,onboarding_started
1806,2026-02-02 00:00:00,signup
1806,2026-02-02 05:00:00,onboarding_started
1807,2026-06-07 00:00:00,signup
1807,2026-06-07 09:00:00,onboarding_started
1807,2026-06-07 17:00:00,onboarding_completed
1807,2026-06-08 17:00:00,project_created
1807,2026-06-10 17:00:00,teammate_invited
1807,2026-06-14 17:00:00,report_created
1807,2026-07-15 00:00:00,dashboard_viewed
1808,2026-06-10 00:00:00,signup
1808,2026-06-10 15:00:00,onboarding_started
1808,2026-06-11 01:00:00,onboarding_completed
1808,2026-06-13 01:00:00,project_created
1808,2026-06-15 01:00:00,teammate_invited
1808,2026-07-10 00:00:00,dashboard_viewed
1809,2026-03-18 00:00:00,signup
1809,2026-03-18 05:00:00,onboarding_started
1809,2026-03-18 11:00:00,onboarding_completed
1810,2026-04-26 00:00:00,signup
1810,2026-04-26 19:00:00,onboarding_started
1810,2026-04-27 04:00:00,onboarding_completed
1810,2026-04-28 04:00:00,project_created
1811,2026-06-03 00:00:00,signup
1811,2026-06-03 22:00:00,onboarding_started
1811,2026-06-04 05:00:00,onboarding_completed
1811,2026-06-07 05:00:00,project_created
1811,2026-06-08 05:00:00,report_created
1811,2026-06-09 05:00:00,teammate_invited
1812,2026-05-30 00:00:00,signup
1812,2026-05-30 20:00:00,onboarding_started
1812,2026-05-30 22:00:00,onboarding_completed
1812,2026-06-02 22:00:00,project_created
1812,2026-06-04 22:00:00,report_created
1813,2026-04-13 00:00:00,signup
1814,2026-06-15 00:00:00,signup
1814,2026-06-15 20:00:00,onboarding_started
1814,2026-06-16 00:00:00,onboarding_completed
1814,2026-06-17 00:00:00,project_created
1815,2026-04-13 00:00:00,signup
1816,2026-03-31 00:00:00,signup
1816,2026-03-31 07:00:00,onboarding_started
1816,2026-03-31 15:00:00,onboarding_completed
1816,2026-03-31 15:00:00,project_created
1816,2026-04-02 15:00:00,teammate_invited
1816,2026-04-02 15:00:00,integration_connected
1816,2026-05-06 00:00:00,dashboard_viewed
1817,2026-06-23 00:00:00,signup
1817,2026-06-23 13:00:00,onboarding_started
1817,2026-06-23 18:00:00,onboarding_completed
1818,2026-05-02 00:00:00,signup
1818,2026-05-02 14:00:00,onboarding_started
1818,2026-05-02 20:00:00,onboarding_completed
1818,2026-05-03 20:00:00,project_created
1819,2026-05-23 00:00:00,signup
1819,2026-05-23 07:00:00,onboarding_started
1820,2026-04-16 00:00:00,signup
1820,2026-04-16 10:00:00,onboarding_started
1820,2026-04-16 16:00:00,onboarding_completed
1820,2026-04-16 16:00:00,project_created
1820,2026-04-17 16:00:00,report_created
1820,2026-04-18 16:00:00,teammate_invited
1821,2026-04-29 00:00:00,signup
1821,2026-04-29 21:00:00,onboarding_started
1821,2026-04-30 02:00:00,onboarding_completed
1821,2026-05-01 02:00:00,project_created
1821,2026-05-02 02:00:00,teammate_invited
1821,2026-05-05 02:00:00,report_created
1821,2026-06-08 00:00:00,dashboard_viewed
1822,2026-06-21 00:00:00,signup
1822,2026-06-21 16:00:00,onboarding_started
1823,2026-02-18 00:00:00,signup
1823,2026-02-18 10:00:00,onboarding_started
1824,2026-04-14 00:00:00,signup
1824,2026-04-14 08:00:00,onboarding_started
1824,2026-04-14 18:00:00,onboarding_completed
1825,2026-03-02 00:00:00,signup
1825,2026-03-02 10:00:00,onboarding_started
1825,2026-03-02 13:00:00,onboarding_completed
1826,2026-05-03 00:00:00,signup
1827,2026-05-14 00:00:00,signup
1828,2026-01-09 00:00:00,signup
1828,2026-01-09 22:00:00,onboarding_started
1828,2026-01-10 03:00:00,onboarding_completed
1828,2026-01-11 03:00:00,project_created
1828,2026-01-12 03:00:00,teammate_invited
1828,2026-02-09 00:00:00,dashboard_viewed
1829,2026-01-06 00:00:00,signup
1829,2026-01-06 19:00:00,onboarding_started
1829,2026-01-07 02:00:00,onboarding_completed
1829,2026-01-10 02:00:00,project_created
1829,2026-01-10 02:00:00,teammate_invited
1829,2026-01-14 02:00:00,report_created
1830,2026-03-14 00:00:00,signup
1830,2026-03-14 14:00:00,onboarding_started
1830,2026-03-14 15:00:00,onboarding_completed
1830,2026-03-14 15:00:00,project_created
1830,2026-03-15 15:00:00,teammate_invited
1830,2026-03-19 15:00:00,report_created
1831,2026-04-13 00:00:00,signup
1831,2026-04-13 22:00:00,onboarding_started
1832,2026-06-09 00:00:00,signup
1832,2026-06-09 23:00:00,onboarding_started
1832,2026-06-10 03:00:00,onboarding_completed
1832,2026-06-12 03:00:00,project_created
1832,2026-06-14 03:00:00,teammate_invited
1832,2026-06-18 03:00:00,report_created
1832,2026-07-16 00:00:00,dashboard_viewed
1833,2026-02-10 00:00:00,signup
1833,2026-02-10 09:00:00,onboarding_started
1833,2026-02-10 12:00:00,onboarding_completed
1833,2026-02-12 12:00:00,project_created
1833,2026-02-13 12:00:00,teammate_invited
1833,2026-02-16 12:00:00,report_created
1833,2026-03-12 00:00:00,dashboard_viewed
1834,2026-04-24 00:00:00,signup
1834,2026-04-24 14:00:00,onboarding_started
1834,2026-04-24 20:00:00,onboarding_completed
1834,2026-04-27 20:00:00,project_created
1834,2026-04-28 20:00:00,teammate_invited
1834,2026-05-30 00:00:00,dashboard_viewed
1835,2026-01-08 00:00:00,signup
1835,2026-01-08 16:00:00,onboarding_started
1835,2026-01-09 03:00:00,onboarding_completed
1835,2026-01-12 03:00:00,project_created
1835,2026-01-12 03:00:00,teammate_invited
1835,2026-01-16 03:00:00,report_created
1836,2026-03-13 00:00:00,signup
1836,2026-03-13 17:00:00,onboarding_started
1836,2026-03-13 22:00:00,onboarding_completed
1836,2026-03-14 22:00:00,project_created
1836,2026-03-15 22:00:00,teammate_invited
1836,2026-04-19 00:00:00,dashboard_viewed
1837,2026-06-27 00:00:00,signup
1838,2026-04-02 00:00:00,signup
1838,2026-04-02 20:00:00,onboarding_started
1838,2026-04-02 21:00:00,onboarding_completed
1839,2026-03-03 00:00:00,signup
1839,2026-03-03 20:00:00,onboarding_started
1839,2026-03-04 02:00:00,onboarding_completed
1840,2026-03-25 00:00:00,signup
1840,2026-03-25 10:00:00,onboarding_started
1840,2026-03-25 21:00:00,onboarding_completed
1840,2026-03-27 21:00:00,project_created
1840,2026-03-29 21:00:00,teammate_invited
1840,2026-03-29 21:00:00,integration_connected
1840,2026-03-31 21:00:00,report_created
1840,2026-05-01 00:00:00,dashboard_viewed
1841,2026-03-03 00:00:00,signup
1841,2026-03-03 04:00:00,onboarding_started
1842,2026-04-21 00:00:00,signup
1843,2026-05-07 00:00:00,signup
1843,2026-05-07 17:00:00,onboarding_started
1844,2026-01-07 00:00:00,signup
1844,2026-01-07 01:00:00,onboarding_started
1844,2026-01-07 08:00:00,onboarding_completed
1844,2026-01-08 08:00:00,project_created
1844,2026-02-07 00:00:00,dashboard_viewed
1845,2026-03-25 00:00:00,signup
1845,2026-03-25 17:00:00,onboarding_started
1845,2026-03-25 19:00:00,onboarding_completed
1845,2026-03-25 19:00:00,project_created
1845,2026-03-28 19:00:00,report_created
1846,2026-05-12 00:00:00,signup
1847,2026-05-14 00:00:00,signup
1847,2026-05-14 07:00:00,onboarding_started
1847,2026-05-14 13:00:00,onboarding_completed
1847,2026-05-16 13:00:00,project_created
1847,2026-05-16 13:00:00,teammate_invited
1847,2026-05-18 13:00:00,report_created
1847,2026-06-17 00:00:00,dashboard_viewed
1848,2026-02-27 00:00:00,signup
1849,2026-01-22 00:00:00,signup
1849,2026-01-22 19:00:00,onboarding_started
1849,2026-01-23 06:00:00,onboarding_completed
1849,2026-01-25 06:00:00,project_created
1849,2026-01-28 06:00:00,report_created
1850,2026-06-03 00:00:00,signup
1850,2026-06-03 23:00:00,onboarding_started
1850,2026-06-04 06:00:00,onboarding_completed
1851,2026-05-07 00:00:00,signup
1852,2026-01-03 00:00:00,signup
1852,2026-01-03 01:00:00,onboarding_started
1852,2026-01-03 06:00:00,onboarding_completed
1853,2026-05-07 00:00:00,signup
1853,2026-05-07 14:00:00,onboarding_started
1853,2026-05-07 20:00:00,onboarding_completed
1853,2026-05-07 20:00:00,project_created
1853,2026-05-08 20:00:00,report_created
1854,2026-02-10 00:00:00,signup
1854,2026-02-10 16:00:00,onboarding_started
1855,2026-04-16 00:00:00,signup
1855,2026-04-16 17:00:00,onboarding_started
1856,2026-01-14 00:00:00,signup
1856,2026-01-14 15:00:00,onboarding_started
1856,2026-01-14 23:00:00,onboarding_completed
1857,2026-01-12 00:00:00,signup
1857,2026-01-12 06:00:00,onboarding_started
1857,2026-01-12 07:00:00,onboarding_completed
1857,2026-01-14 07:00:00,project_created
1857,2026-01-14 07:00:00,teammate_invited
1857,2026-01-17 07:00:00,report_created
1857,2026-02-13 00:00:00,dashboard_viewed
1858,2026-03-28 00:00:00,signup
1858,2026-03-28 06:00:00,onboarding_started
1858,2026-03-28 10:00:00,onboarding_completed
1858,2026-03-28 10:00:00,project_created
1859,2026-01-12 00:00:00,signup
1859,2026-01-12 23:00:00,onboarding_started
1859,2026-01-13 05:00:00,onboarding_completed
1860,2026-05-21 00:00:00,signup
1860,2026-05-21 07:00:00,onboarding_started
1860,2026-05-21 13:00:00,onboarding_completed
1860,2026-05-24 13:00:00,project_created
1860,2026-05-24 13:00:00,teammate_invited
1860,2026-05-25 13:00:00,report_created
1861,2026-01-25 00:00:00,signup
1861,2026-01-25 02:00:00,onboarding_started
1861,2026-01-25 03:00:00,onboarding_completed
1861,2026-01-27 03:00:00,project_created
1861,2026-01-29 03:00:00,teammate_invited
1861,2026-01-31 03:00:00,integration_connected
1862,2026-02-14 00:00:00,signup
1862,2026-02-14 16:00:00,onboarding_started
1862,2026-02-14 23:00:00,onboarding_completed
1862,2026-02-15 23:00:00,project_created
1863,2026-05-02 00:00:00,signup
1863,2026-05-02 05:00:00,onboarding_started
1863,2026-05-02 08:00:00,onboarding_completed
1864,2026-05-27 00:00:00,signup
1864,2026-05-27 13:00:00,onboarding_started
1864,2026-05-27 14:00:00,onboarding_completed
1865,2026-02-24 00:00:00,signup
1865,2026-02-24 03:00:00,onboarding_started
1866,2026-04-10 00:00:00,signup
1866,2026-04-10 16:00:00,onboarding_started
1867,2026-06-22 00:00:00,signup
1867,2026-06-22 23:00:00,onboarding_started
1868,2026-05-16 00:00:00,signup
1868,2026-05-16 07:00:00,onboarding_started
1868,2026-05-16 12:00:00,onboarding_completed
1868,2026-05-17 12:00:00,project_created
1868,2026-05-19 12:00:00,integration_connected
1868,2026-05-20 12:00:00,report_created
1869,2026-04-29 00:00:00,signup
1869,2026-04-29 06:00:00,onboarding_started
1870,2026-02-22 00:00:00,signup
1870,2026-02-22 18:00:00,onboarding_started
1870,2026-02-22 23:00:00,onboarding_completed
1870,2026-02-22 23:00:00,project_created
1870,2026-02-24 23:00:00,teammate_invited
1870,2026-02-26 23:00:00,integration_connected
1870,2026-03-30 00:00:00,dashboard_viewed
1871,2026-02-01 00:00:00,signup
1871,2026-02-01 04:00:00,onboarding_started
1871,2026-02-01 12:00:00,onboarding_completed
1871,2026-02-03 12:00:00,project_created
1871,2026-02-04 12:00:00,teammate_invited
1871,2026-02-06 12:00:00,report_created
1872,2026-02-20 00:00:00,signup
1873,2026-02-13 00:00:00,signup
1873,2026-02-13 21:00:00,onboarding_started
1873,2026-02-14 05:00:00,onboarding_completed
1873,2026-02-16 05:00:00,project_created
1873,2026-02-16 05:00:00,teammate_invited
1873,2026-02-18 05:00:00,integration_connected
1873,2026-02-18 05:00:00,report_created
1873,2026-03-24 00:00:00,dashboard_viewed
1874,2026-03-23 00:00:00,signup
1875,2026-05-26 00:00:00,signup
1875,2026-05-26 14:00:00,onboarding_started
1875,2026-05-27 00:00:00,onboarding_completed
1875,2026-05-28 00:00:00,project_created
1875,2026-06-01 00:00:00,report_created
1875,2026-07-02 00:00:00,dashboard_viewed
1876,2026-05-30 00:00:00,signup
1876,2026-05-30 17:00:00,onboarding_started
1876,2026-05-31 01:00:00,onboarding_completed
1876,2026-06-03 01:00:00,project_created
1876,2026-06-05 01:00:00,integration_connected
1876,2026-06-08 01:00:00,report_created
1877,2026-02-06 00:00:00,signup
1878,2026-04-06 00:00:00,signup
1879,2026-02-25 00:00:00,signup
1880,2026-04-15 00:00:00,signup
1880,2026-04-15 10:00:00,onboarding_started
1881,2026-02-28 00:00:00,signup
1881,2026-02-28 02:00:00,onboarding_started
1882,2026-05-11 00:00:00,signup
1883,2026-06-05 00:00:00,signup
1883,2026-06-05 22:00:00,onboarding_started
1883,2026-06-06 05:00:00,onboarding_completed
1883,2026-06-07 05:00:00,project_created
1883,2026-06-08 05:00:00,teammate_invited
1883,2026-07-13 00:00:00,dashboard_viewed
1884,2026-02-04 00:00:00,signup
1884,2026-02-04 12:00:00,onboarding_started
1884,2026-02-04 15:00:00,onboarding_completed
1884,2026-02-07 15:00:00,project_created
1884,2026-02-07 15:00:00,teammate_invited
1884,2026-02-08 15:00:00,integration_connected
1884,2026-02-13 15:00:00,report_created
1884,2026-03-07 00:00:00,dashboard_viewed
1885,2026-04-03 00:00:00,signup
1885,2026-04-03 10:00:00,onboarding_started
1886,2026-04-07 00:00:00,signup
1886,2026-04-07 18:00:00,onboarding_started
1886,2026-04-08 00:00:00,onboarding_completed
1886,2026-04-10 00:00:00,project_created
1886,2026-04-16 00:00:00,report_created
1887,2026-05-15 00:00:00,signup
1887,2026-05-15 19:00:00,onboarding_started
1887,2026-05-15 23:00:00,onboarding_completed
1887,2026-05-18 23:00:00,project_created
1887,2026-05-19 23:00:00,teammate_invited
1887,2026-06-16 00:00:00,dashboard_viewed
1888,2026-03-17 00:00:00,signup
1888,2026-03-17 17:00:00,onboarding_started
1888,2026-03-17 21:00:00,onboarding_completed
1888,2026-03-19 21:00:00,project_created
1888,2026-03-19 21:00:00,teammate_invited
1889,2026-02-18 00:00:00,signup
1889,2026-02-18 12:00:00,onboarding_started
1889,2026-02-18 13:00:00,onboarding_completed
1890,2026-04-04 00:00:00,signup
1891,2026-06-08 00:00:00,signup
1891,2026-06-08 13:00:00,onboarding_started
1891,2026-06-08 21:00:00,onboarding_completed
1892,2026-01-24 00:00:00,signup
1892,2026-01-24 10:00:00,onboarding_started
1892,2026-01-24 18:00:00,onboarding_completed
1893,2026-05-28 00:00:00,signup
1893,2026-05-28 17:00:00,onboarding_started
1893,2026-05-28 21:00:00,onboarding_completed
1893,2026-05-30 21:00:00,project_created
1893,2026-05-31 21:00:00,integration_connected
1893,2026-05-31 21:00:00,report_created
1893,2026-07-05 00:00:00,dashboard_viewed
1894,2026-02-06 00:00:00,signup
1894,2026-02-06 20:00:00,onboarding_started
1894,2026-02-07 01:00:00,onboarding_completed
1895,2026-01-04 00:00:00,signup
1895,2026-01-04 11:00:00,onboarding_started
1895,2026-01-04 22:00:00,onboarding_completed
1895,2026-01-04 22:00:00,project_created
1895,2026-01-05 22:00:00,integration_connected
1895,2026-02-03 00:00:00,dashboard_viewed
1896,2026-04-18 00:00:00,signup
1896,2026-04-18 08:00:00,onboarding_started
1896,2026-04-18 10:00:00,onboarding_completed
1896,2026-04-18 10:00:00,project_created
1896,2026-04-18 10:00:00,teammate_invited
1896,2026-04-19 10:00:00,integration_connected
1896,2026-04-22 10:00:00,report_created
1897,2026-05-06 00:00:00,signup
1897,2026-05-06 07:00:00,onboarding_started
1897,2026-05-06 17:00:00,onboarding_completed
1898,2026-01-20 00:00:00,signup
1898,2026-01-20 13:00:00,onboarding_started
1898,2026-01-21 00:00:00,onboarding_completed
1898,2026-01-23 00:00:00,project_created
1898,2026-01-24 00:00:00,integration_connected
1899,2026-06-01 00:00:00,signup
1899,2026-06-01 16:00:00,onboarding_started
1900,2026-02-19 00:00:00,signup
1900,2026-02-19 16:00:00,onboarding_started
1900,2026-02-19 18:00:00,onboarding_completed
1900,2026-02-22 18:00:00,project_created
1900,2026-02-23 18:00:00,teammate_invited
1900,2026-02-25 18:00:00,integration_connected
1900,2026-02-28 18:00:00,report_created
1901,2026-06-26 00:00:00,signup
1901,2026-06-26 19:00:00,onboarding_started
1901,2026-06-26 22:00:00,onboarding_completed
1901,2026-06-29 22:00:00,project_created
1902,2026-06-28 00:00:00,signup
1902,2026-06-28 21:00:00,onboarding_started
1902,2026-06-28 23:00:00,onboarding_completed
1902,2026-06-30 23:00:00,project_created
1902,2026-07-02 23:00:00,report_created
1902,2026-07-03 23:00:00,integration_connected
1902,2026-07-31 00:00:00,dashboard_viewed
1903,2026-04-06 00:00:00,signup
1903,2026-04-06 06:00:00,onboarding_started
1903,2026-04-06 10:00:00,onboarding_completed
1903,2026-04-09 10:00:00,project_created
1903,2026-04-15 10:00:00,report_created
1904,2026-04-15 00:00:00,signup
1904,2026-04-15 11:00:00,onboarding_started
1905,2026-06-13 00:00:00,signup
1905,2026-06-13 18:00:00,onboarding_started
1906,2026-04-27 00:00:00,signup
1906,2026-04-27 07:00:00,onboarding_started
1906,2026-04-27 17:00:00,onboarding_completed
1906,2026-04-30 17:00:00,project_created
1906,2026-05-01 17:00:00,teammate_invited
1906,2026-05-01 17:00:00,report_created
1906,2026-06-01 00:00:00,dashboard_viewed
1907,2026-04-08 00:00:00,signup
1907,2026-04-08 14:00:00,onboarding_started
1908,2026-03-07 00:00:00,signup
1908,2026-03-07 04:00:00,onboarding_started
1908,2026-03-07 11:00:00,onboarding_completed
1908,2026-03-08 11:00:00,project_created
1908,2026-03-08 11:00:00,teammate_invited
1908,2026-03-10 11:00:00,report_created
1909,2026-03-20 00:00:00,signup
1909,2026-03-20 21:00:00,onboarding_started
1910,2026-06-11 00:00:00,signup
1911,2026-06-13 00:00:00,signup
1911,2026-06-13 07:00:00,onboarding_started
1912,2026-01-06 00:00:00,signup
1912,2026-01-06 09:00:00,onboarding_started
1912,2026-01-06 12:00:00,onboarding_completed
1913,2026-02-08 00:00:00,signup
1913,2026-02-08 17:00:00,onboarding_started
1914,2026-06-19 00:00:00,signup
1914,2026-06-19 20:00:00,onboarding_started
1915,2026-04-25 00:00:00,signup
1915,2026-04-25 10:00:00,onboarding_started
1915,2026-04-25 16:00:00,onboarding_completed
1915,2026-04-26 16:00:00,project_created
1915,2026-05-01 16:00:00,report_created
1916,2026-05-05 00:00:00,signup
1916,2026-05-05 10:00:00,onboarding_started
1916,2026-05-05 16:00:00,onboarding_completed
1916,2026-05-06 16:00:00,project_created
1916,2026-05-06 16:00:00,integration_connected
1916,2026-05-10 16:00:00,report_created
1917,2026-01-12 00:00:00,signup
1918,2026-05-11 00:00:00,signup
1918,2026-05-11 14:00:00,onboarding_started
1919,2026-01-18 00:00:00,signup
1919,2026-01-18 23:00:00,onboarding_started
1919,2026-01-19 01:00:00,onboarding_completed
1920,2026-02-09 00:00:00,signup
1920,2026-02-09 17:00:00,onboarding_started
1921,2026-01-21 00:00:00,signup
1921,2026-01-21 01:00:00,onboarding_started
1921,2026-01-21 02:00:00,onboarding_completed
1921,2026-01-21 02:00:00,project_created
1921,2026-01-23 02:00:00,teammate_invited
1921,2026-01-27 02:00:00,report_created
1922,2026-05-23 00:00:00,signup
1923,2026-04-09 00:00:00,signup
1924,2026-01-26 00:00:00,signup
1924,2026-01-26 18:00:00,onboarding_started
1925,2026-01-08 00:00:00,signup
1925,2026-01-08 08:00:00,onboarding_started
1926,2026-04-10 00:00:00,signup
1927,2026-03-28 00:00:00,signup
1927,2026-03-28 11:00:00,onboarding_started
1927,2026-03-28 21:00:00,onboarding_completed
1927,2026-03-30 21:00:00,project_created
1927,2026-03-31 21:00:00,integration_connected
1927,2026-04-02 21:00:00,report_created
1927,2026-04-28 00:00:00,dashboard_viewed
1928,2026-02-11 00:00:00,signup
1928,2026-02-11 12:00:00,onboarding_started
1928,2026-02-11 13:00:00,onboarding_completed
1928,2026-02-11 13:00:00,project_created
1928,2026-02-11 13:00:00,integration_connected
1928,2026-02-15 13:00:00,report_created
1928,2026-03-19 00:00:00,dashboard_viewed
1929,2026-06-21 00:00:00,signup
1929,2026-06-21 07:00:00,onboarding_started
1929,2026-06-21 10:00:00,onboarding_completed
1930,2026-01-14 00:00:00,signup
1930,2026-01-14 15:00:00,onboarding_started
1931,2026-03-19 00:00:00,signup
1931,2026-03-19 10:00:00,onboarding_started
1932,2026-01-02 00:00:00,signup
1932,2026-01-02 03:00:00,onboarding_started
1932,2026-01-02 14:00:00,onboarding_completed
1932,2026-01-02 14:00:00,project_created
1932,2026-01-03 14:00:00,teammate_invited
1932,2026-02-10 00:00:00,dashboard_viewed
1933,2026-04-29 00:00:00,signup
1933,2026-04-29 11:00:00,onboarding_started
1933,2026-04-29 14:00:00,onboarding_completed
1933,2026-05-01 14:00:00,project_created
1933,2026-05-03 14:00:00,teammate_invited
1933,2026-06-08 00:00:00,dashboard_viewed
1934,2026-02-06 00:00:00,signup
1934,2026-02-06 02:00:00,onboarding_started
1934,2026-02-06 07:00:00,onboarding_completed
1934,2026-02-07 07:00:00,project_created
1934,2026-02-08 07:00:00,teammate_invited
1935,2026-03-10 00:00:00,signup
1935,2026-03-10 02:00:00,onboarding_started
1935,2026-03-10 07:00:00,onboarding_completed
1936,2026-06-15 00:00:00,signup
1936,2026-06-15 22:00:00,onboarding_started
1936,2026-06-16 02:00:00,onboarding_completed
1936,2026-06-16 02:00:00,project_created
1936,2026-06-20 02:00:00,report_created
1936,2026-07-24 00:00:00,dashboard_viewed
1937,2026-02-10 00:00:00,signup
1937,2026-02-10 06:00:00,onboarding_started
1937,2026-02-10 12:00:00,onboarding_completed
1937,2026-02-10 12:00:00,project_created
1937,2026-02-13 12:00:00,integration_connected
1937,2026-02-15 12:00:00,report_created
1938,2026-03-03 00:00:00,signup
1938,2026-03-03 08:00:00,onboarding_started
1938,2026-03-03 14:00:00,onboarding_completed
1938,2026-03-04 14:00:00,project_created
1939,2026-03-01 00:00:00,signup
1939,2026-03-01 17:00:00,onboarding_started
1940,2026-05-05 00:00:00,signup
1940,2026-05-05 13:00:00,onboarding_started
1941,2026-04-21 00:00:00,signup
1941,2026-04-21 17:00:00,onboarding_started
1942,2026-01-14 00:00:00,signup
1942,2026-01-14 13:00:00,onboarding_started
1942,2026-01-14 17:00:00,onboarding_completed
1942,2026-01-16 17:00:00,project_created
1942,2026-01-20 17:00:00,report_created
1943,2026-03-25 00:00:00,signup
1943,2026-03-25 17:00:00,onboarding_started
1943,2026-03-25 20:00:00,onboarding_completed
1943,2026-03-25 20:00:00,project_created
1943,2026-03-26 20:00:00,teammate_invited
1943,2026-03-28 20:00:00,integration_connected
1943,2026-03-29 20:00:00,report_created
1943,2026-04-25 00:00:00,dashboard_viewed
1944,2026-05-10 00:00:00,signup
1944,2026-05-10 10:00:00,onboarding_started
1944,2026-05-10 20:00:00,onboarding_completed
1945,2026-03-11 00:00:00,signup
1945,2026-03-11 11:00:00,onboarding_started
1945,2026-03-11 19:00:00,onboarding_completed
1945,2026-03-13 19:00:00,project_created
1945,2026-03-14 19:00:00,teammate_invited
1945,2026-03-18 19:00:00,report_created
1946,2026-05-25 00:00:00,signup
1946,2026-05-25 02:00:00,onboarding_started
1946,2026-05-25 12:00:00,onboarding_completed
1946,2026-05-28 12:00:00,project_created
1946,2026-06-01 12:00:00,report_created
1946,2026-06-24 00:00:00,dashboard_viewed
1947,2026-05-03 00:00:00,signup
1947,2026-05-03 06:00:00,onboarding_started
1947,2026-05-03 08:00:00,onboarding_completed
1947,2026-05-05 08:00:00,project_created
1947,2026-05-05 08:00:00,integration_connected
1947,2026-05-07 08:00:00,report_created
1948,2026-03-30 00:00:00,signup
1948,2026-03-30 17:00:00,onboarding_started
1948,2026-03-31 03:00:00,onboarding_completed
1949,2026-01-28 00:00:00,signup
1949,2026-01-28 22:00:00,onboarding_started
1949,2026-01-29 02:00:00,onboarding_completed
1950,2026-03-07 00:00:00,signup
1950,2026-03-07 08:00:00,onboarding_started
1950,2026-03-07 10:00:00,onboarding_completed
1950,2026-03-10 10:00:00,project_created
1950,2026-03-12 10:00:00,integration_connected
1951,2026-06-12 00:00:00,signup
1951,2026-06-12 14:00:00,onboarding_started
1951,2026-06-12 23:00:00,onboarding_completed
1952,2026-01-05 00:00:00,signup
1953,2026-06-17 00:00:00,signup
1953,2026-06-17 17:00:00,onboarding_started
1953,2026-06-18 01:00:00,onboarding_completed
1953,2026-06-19 01:00:00,project_created
1953,2026-06-19 01:00:00,teammate_invited
1953,2026-06-23 01:00:00,integration_connected
1953,2026-07-23 00:00:00,dashboard_viewed
1954,2026-06-13 00:00:00,signup
1954,2026-06-13 08:00:00,onboarding_started
1954,2026-06-13 18:00:00,onboarding_completed
1954,2026-06-16 18:00:00,project_created
1954,2026-06-21 18:00:00,report_created
1955,2026-02-14 00:00:00,signup
1955,2026-02-14 16:00:00,onboarding_started
1956,2026-05-31 00:00:00,signup
1956,2026-05-31 08:00:00,onboarding_started
1957,2026-02-16 00:00:00,signup
1957,2026-02-16 21:00:00,onboarding_started
1957,2026-02-17 00:00:00,onboarding_completed
1958,2026-01-31 00:00:00,signup
1958,2026-01-31 23:00:00,onboarding_started
1958,2026-02-01 06:00:00,onboarding_completed
1958,2026-02-02 06:00:00,project_created
1959,2026-05-19 00:00:00,signup
1959,2026-05-19 11:00:00,onboarding_started
1959,2026-05-19 13:00:00,onboarding_completed
1959,2026-05-20 13:00:00,project_created
1960,2026-01-10 00:00:00,signup
1960,2026-01-10 08:00:00,onboarding_started
1960,2026-01-10 15:00:00,onboarding_completed
1961,2026-04-28 00:00:00,signup
1961,2026-04-28 06:00:00,onboarding_started
1961,2026-04-28 15:00:00,onboarding_completed
1961,2026-04-28 15:00:00,project_created
1961,2026-04-29 15:00:00,teammate_invited
1961,2026-05-29 00:00:00,dashboard_viewed
1962,2026-01-14 00:00:00,signup
1962,2026-01-14 14:00:00,onboarding_started
1962,2026-01-15 00:00:00,onboarding_completed
1962,2026-01-15 00:00:00,project_created
1962,2026-01-18 00:00:00,report_created
1962,2026-02-21 00:00:00,dashboard_viewed
1963,2026-03-21 00:00:00,signup
1963,2026-03-21 06:00:00,onboarding_started
1964,2026-04-03 00:00:00,signup
1964,2026-04-03 07:00:00,onboarding_started
1964,2026-04-03 12:00:00,onboarding_completed
1964,2026-04-06 12:00:00,project_created
1964,2026-04-10 12:00:00,integration_connected
1964,2026-04-10 12:00:00,report_created
1965,2026-01-10 00:00:00,signup
1965,2026-01-10 18:00:00,onboarding_started
1965,2026-01-10 21:00:00,onboarding_completed
1965,2026-01-13 21:00:00,project_created
1965,2026-01-14 21:00:00,teammate_invited
1966,2026-03-17 00:00:00,signup
1966,2026-03-17 21:00:00,onboarding_started
1966,2026-03-18 08:00:00,onboarding_completed
1966,2026-03-19 08:00:00,project_created
1966,2026-03-23 08:00:00,report_created
1967,2026-04-04 00:00:00,signup
1967,2026-04-04 08:00:00,onboarding_started
1968,2026-04-15 00:00:00,signup
1968,2026-04-15 17:00:00,onboarding_started
1969,2026-01-01 00:00:00,signup
1969,2026-01-01 19:00:00,onboarding_started
1969,2026-01-01 20:00:00,onboarding_completed
1969,2026-01-03 20:00:00,project_created
1969,2026-01-05 20:00:00,report_created
1970,2026-05-13 00:00:00,signup
1970,2026-05-13 08:00:00,onboarding_started
1970,2026-05-13 16:00:00,onboarding_completed
1970,2026-05-13 16:00:00,project_created
1970,2026-05-14 16:00:00,integration_connected
1970,2026-05-14 16:00:00,report_created
1971,2026-01-20 00:00:00,signup
1971,2026-01-20 19:00:00,onboarding_started
1971,2026-01-20 23:00:00,onboarding_completed
1971,2026-01-21 23:00:00,project_created
1971,2026-01-23 23:00:00,report_created
1971,2026-02-24 00:00:00,dashboard_viewed
1972,2026-01-08 00:00:00,signup
1972,2026-01-08 18:00:00,onboarding_started
1972,2026-01-08 21:00:00,onboarding_completed
1972,2026-01-10 21:00:00,project_created
1972,2026-01-12 21:00:00,teammate_invited
1972,2026-01-15 21:00:00,report_created
1972,2026-02-13 00:00:00,dashboard_viewed
1973,2026-06-20 00:00:00,signup
1973,2026-06-20 23:00:00,onboarding_started
1973,2026-06-21 07:00:00,onboarding_completed
1973,2026-06-24 07:00:00,project_created
1973,2026-06-24 07:00:00,integration_connected
1973,2026-06-30 07:00:00,report_created
1973,2026-07-25 00:00:00,dashboard_viewed
1974,2026-01-01 00:00:00,signup
1974,2026-01-01 09:00:00,onboarding_started
1974,2026-01-01 13:00:00,onboarding_completed
1974,2026-01-02 13:00:00,project_created
1975,2026-02-26 00:00:00,signup
1975,2026-02-26 02:00:00,onboarding_started
1975,2026-02-26 03:00:00,onboarding_completed
1975,2026-02-28 03:00:00,project_created
1975,2026-03-02 03:00:00,teammate_invited
1975,2026-03-03 03:00:00,report_created
1975,2026-04-06 00:00:00,dashboard_viewed
1976,2026-03-05 00:00:00,signup
1976,2026-03-05 14:00:00,onboarding_started
1976,2026-03-05 20:00:00,onboarding_completed
1976,2026-03-05 20:00:00,project_created
1976,2026-03-05 20:00:00,teammate_invited
1976,2026-03-09 20:00:00,report_created
1977,2026-04-28 00:00:00,signup
1977,2026-04-28 01:00:00,onboarding_started
1977,2026-04-28 02:00:00,onboarding_completed
1977,2026-05-01 02:00:00,project_created
1977,2026-05-02 02:00:00,teammate_invited
1978,2026-01-28 00:00:00,signup
1978,2026-01-28 13:00:00,onboarding_started
1978,2026-01-28 17:00:00,onboarding_completed
1979,2026-05-01 00:00:00,signup
1980,2026-04-17 00:00:00,signup
1980,2026-04-17 21:00:00,onboarding_started
1981,2026-06-14 00:00:00,signup
1982,2026-06-24 00:00:00,signup
1982,2026-06-24 03:00:00,onboarding_started
1982,2026-06-24 14:00:00,onboarding_completed
1982,2026-06-24 14:00:00,project_created
1982,2026-07-28 00:00:00,dashboard_viewed
1983,2026-06-14 00:00:00,signup
1983,2026-06-14 05:00:00,onboarding_started
1983,2026-06-14 15:00:00,onboarding_completed
1983,2026-06-16 15:00:00,project_created
1983,2026-06-17 15:00:00,report_created
1983,2026-06-18 15:00:00,teammate_invited
1983,2026-07-24 00:00:00,dashboard_viewed
1984,2026-02-18 00:00:00,signup
1984,2026-02-18 11:00:00,onboarding_started
1984,2026-02-18 21:00:00,onboarding_completed
1984,2026-02-18 21:00:00,project_created
1984,2026-02-19 21:00:00,teammate_invited
1985,2026-04-30 00:00:00,signup
1986,2026-02-13 00:00:00,signup
1986,2026-02-13 09:00:00,onboarding_started
1986,2026-02-13 20:00:00,onboarding_completed
1987,2026-02-25 00:00:00,signup
1987,2026-02-25 21:00:00,onboarding_started
1987,2026-02-25 23:00:00,onboarding_completed
1987,2026-02-28 23:00:00,project_created
1987,2026-03-03 23:00:00,integration_connected
1987,2026-03-06 23:00:00,report_created
1988,2026-06-05 00:00:00,signup
1988,2026-06-05 23:00:00,onboarding_started
1988,2026-06-06 10:00:00,onboarding_completed
1988,2026-06-07 10:00:00,project_created
1988,2026-06-09 10:00:00,report_created
1989,2026-04-21 00:00:00,signup
1989,2026-04-21 07:00:00,onboarding_started
1989,2026-04-21 15:00:00,onboarding_completed
1989,2026-04-23 15:00:00,project_created
1989,2026-04-25 15:00:00,teammate_invited
1989,2026-04-26 15:00:00,integration_connected
1989,2026-04-26 15:00:00,report_created
1990,2026-05-14 00:00:00,signup
1991,2026-04-18 00:00:00,signup
1991,2026-04-18 08:00:00,onboarding_started
1991,2026-04-18 14:00:00,onboarding_completed
1991,2026-04-21 14:00:00,project_created
1991,2026-04-21 14:00:00,teammate_invited
1991,2026-04-21 14:00:00,integration_connected
1991,2026-04-25 14:00:00,report_created
1991,2026-05-28 00:00:00,dashboard_viewed
1992,2026-05-28 00:00:00,signup
1992,2026-05-28 12:00:00,onboarding_started
1992,2026-05-28 16:00:00,onboarding_completed
1992,2026-05-29 16:00:00,project_created
1992,2026-05-29 16:00:00,teammate_invited
1992,2026-06-03 16:00:00,report_created
1992,2026-07-01 00:00:00,dashboard_viewed
1993,2026-04-24 00:00:00,signup
1994,2026-03-19 00:00:00,signup
1994,2026-03-19 17:00:00,onboarding_started
1994,2026-03-19 19:00:00,onboarding_completed
1995,2026-05-10 00:00:00,signup
1995,2026-05-10 20:00:00,onboarding_started
1995,2026-05-11 04:00:00,onboarding_completed
1996,2026-02-06 00:00:00,signup
1997,2026-01-20 00:00:00,signup
1997,2026-01-20 02:00:00,onboarding_started
1997,2026-01-20 04:00:00,onboarding_completed
1997,2026-01-20 04:00:00,project_created
1998,2026-01-26 00:00:00,signup
1998,2026-01-26 23:00:00,onboarding_started
1998,2026-01-27 09:00:00,onboarding_completed
1998,2026-01-28 09:00:00,project_created
1998,2026-01-28 09:00:00,teammate_invited
1998,2026-03-02 00:00:00,dashboard_viewed
1999,2026-01-29 00:00:00,signup
1999,2026-01-29 01:00:00,onboarding_started
2000,2026-01-01 00:00:00,signup
2000,2026-01-01 04:00:00,onboarding_started
2000,2026-01-01 12:00:00,onboarding_completed
2000,2026-01-03 12:00:00,project_created
2001,2026-04-29 00:00:00,signup
2001,2026-04-29 05:00:00,onboarding_started
2002,2026-02-04 00:00:00,signup
2002,2026-02-04 04:00:00,onboarding_started
2002,2026-02-04 15:00:00,onboarding_completed
2002,2026-02-07 15:00:00,project_created
2002,2026-03-16 00:00:00,dashboard_viewed
2003,2026-02-28 00:00:00,signup
2003,2026-02-28 02:00:00,onboarding_started
2003,2026-02-28 03:00:00,onboarding_completed
2003,2026-03-03 03:00:00,project_created
2003,2026-03-07 03:00:00,integration_connected
2004,2026-03-10 00:00:00,signup
2004,2026-03-10 03:00:00,onboarding_started
2004,2026-03-10 13:00:00,onboarding_completed
2005,2026-06-10 00:00:00,signup
2005,2026-06-10 23:00:00,onboarding_started
2005,2026-06-11 00:00:00,onboarding_completed
2005,2026-06-14 00:00:00,project_created
2005,2026-06-15 00:00:00,teammate_invited
2005,2026-06-17 00:00:00,integration_connected
2006,2026-06-28 00:00:00,signup
2006,2026-06-28 12:00:00,onboarding_started
2006,2026-06-28 23:00:00,onboarding_completed
2007,2026-01-12 00:00:00,signup
2007,2026-01-12 12:00:00,onboarding_started
2008,2026-01-20 00:00:00,signup
2008,2026-01-20 16:00:00,onboarding_started
2008,2026-01-21 02:00:00,onboarding_completed
2008,2026-01-21 02:00:00,project_created
2008,2026-01-21 02:00:00,teammate_invited
2008,2026-01-21 02:00:00,integration_connected
2009,2026-06-30 00:00:00,signup
2009,2026-06-30 10:00:00,onboarding_started
2009,2026-06-30 16:00:00,onboarding_completed
2009,2026-07-02 16:00:00,project_created
2009,2026-07-07 16:00:00,report_created
2010,2026-02-12 00:00:00,signup
2010,2026-02-12 16:00:00,onboarding_started
2010,2026-02-12 20:00:00,onboarding_completed
2010,2026-02-13 20:00:00,project_created
2010,2026-02-16 20:00:00,integration_connected
2010,2026-02-18 20:00:00,report_created
2011,2026-05-06 00:00:00,signup
2011,2026-05-06 13:00:00,onboarding_started
2011,2026-05-06 21:00:00,onboarding_completed
2011,2026-05-08 21:00:00,project_created
2011,2026-05-10 21:00:00,teammate_invited
2011,2026-05-12 21:00:00,integration_connected
2011,2026-05-14 21:00:00,report_created
2012,2026-02-19 00:00:00,signup
2012,2026-02-19 11:00:00,onboarding_started
2013,2026-01-29 00:00:00,signup
2014,2026-02-08 00:00:00,signup
2015,2026-06-20 00:00:00,signup
2015,2026-06-20 04:00:00,onboarding_started
2015,2026-06-20 13:00:00,onboarding_completed
2015,2026-06-21 13:00:00,project_created
2015,2026-06-23 13:00:00,teammate_invited
2015,2026-06-27 13:00:00,report_created
2016,2026-06-27 00:00:00,signup
2016,2026-06-27 12:00:00,onboarding_started
2016,2026-06-27 19:00:00,onboarding_completed
2016,2026-06-29 19:00:00,project_created
2016,2026-07-02 19:00:00,report_created
2017,2026-05-31 00:00:00,signup
2017,2026-05-31 13:00:00,onboarding_started
2017,2026-06-01 00:00:00,onboarding_completed
2017,2026-06-03 00:00:00,project_created
2017,2026-06-05 00:00:00,teammate_invited
2017,2026-06-05 00:00:00,integration_connected
2017,2026-06-06 00:00:00,report_created
2017,2026-07-04 00:00:00,dashboard_viewed
2018,2026-06-21 00:00:00,signup
2018,2026-06-21 04:00:00,onboarding_started
2018,2026-06-21 09:00:00,onboarding_completed
2019,2026-02-07 00:00:00,signup
2019,2026-02-07 20:00:00,onboarding_started
2020,2026-03-25 00:00:00,signup
2021,2026-05-31 00:00:00,signup
2021,2026-05-31 08:00:00,onboarding_started
2021,2026-05-31 17:00:00,onboarding_completed
2021,2026-06-03 17:00:00,project_created
2021,2026-06-05 17:00:00,teammate_invited
2021,2026-07-07 00:00:00,dashboard_viewed
2022,2026-05-08 00:00:00,signup
2022,2026-05-08 05:00:00,onboarding_started
2023,2026-05-06 00:00:00,signup
2023,2026-05-06 01:00:00,onboarding_started
2024,2026-02-14 00:00:00,signup
2024,2026-02-14 10:00:00,onboarding_started
2024,2026-02-14 20:00:00,onboarding_completed
2024,2026-02-17 20:00:00,project_created
2024,2026-02-18 20:00:00,report_created
2024,2026-03-16 00:00:00,dashboard_viewed
2025,2026-02-21 00:00:00,signup
2025,2026-02-21 07:00:00,onboarding_started
2025,2026-02-21 14:00:00,onboarding_completed
2026,2026-03-21 00:00:00,signup
2026,2026-03-21 18:00:00,onboarding_started
2026,2026-03-22 03:00:00,onboarding_completed
2026,2026-03-22 03:00:00,project_created
2026,2026-03-23 03:00:00,integration_connected
2026,2026-03-24 03:00:00,teammate_invited
2027,2026-06-27 00:00:00,signup
2028,2026-05-04 00:00:00,signup
2029,2026-04-29 00:00:00,signup
2029,2026-04-29 18:00:00,onboarding_started
2029,2026-04-29 21:00:00,onboarding_completed
2029,2026-05-02 21:00:00,project_created
2030,2026-01-08 00:00:00,signup
2030,2026-01-08 16:00:00,onboarding_started
2031,2026-03-26 00:00:00,signup
2031,2026-03-26 14:00:00,onboarding_started
2031,2026-03-26 18:00:00,onboarding_completed
2032,2026-05-09 00:00:00,signup
2033,2026-01-08 00:00:00,signup
2033,2026-01-08 11:00:00,onboarding_started
2033,2026-01-08 19:00:00,onboarding_completed
2033,2026-01-11 19:00:00,project_created
2033,2026-01-13 19:00:00,teammate_invited
2033,2026-01-16 19:00:00,report_created
2033,2026-02-08 00:00:00,dashboard_viewed
2034,2026-06-06 00:00:00,signup
2035,2026-04-06 00:00:00,signup
2035,2026-04-06 12:00:00,onboarding_started
2035,2026-04-06 13:00:00,onboarding_completed
2035,2026-04-08 13:00:00,project_created
2035,2026-04-09 13:00:00,teammate_invited
2036,2026-04-12 00:00:00,signup
2036,2026-04-12 22:00:00,onboarding_started
2036,2026-04-13 09:00:00,onboarding_completed
2036,2026-04-16 09:00:00,project_created
2037,2026-01-05 00:00:00,signup
2037,2026-01-05 12:00:00,onboarding_started
2037,2026-01-05 13:00:00,onboarding_completed
2038,2026-03-27 00:00:00,signup
2038,2026-03-27 06:00:00,onboarding_started
2039,2026-06-24 00:00:00,signup
2039,2026-06-24 17:00:00,onboarding_started
2039,2026-06-24 23:00:00,onboarding_completed
2039,2026-06-24 23:00:00,project_created
2039,2026-06-24 23:00:00,teammate_invited
2040,2026-02-03 00:00:00,signup
2040,2026-02-03 18:00:00,onboarding_started
2040,2026-02-03 22:00:00,onboarding_completed
2040,2026-02-05 22:00:00,project_created
2040,2026-02-10 22:00:00,report_created
2040,2026-03-14 00:00:00,dashboard_viewed
2041,2026-02-24 00:00:00,signup
2042,2026-04-29 00:00:00,signup
2042,2026-04-29 01:00:00,onboarding_started
2043,2026-06-20 00:00:00,signup
2043,2026-06-20 13:00:00,onboarding_started
2044,2026-06-07 00:00:00,signup
2044,2026-06-07 23:00:00,onboarding_started
2044,2026-06-08 01:00:00,onboarding_completed
2044,2026-06-10 01:00:00,project_created
2045,2026-04-24 00:00:00,signup
2045,2026-04-24 06:00:00,onboarding_started
2045,2026-04-24 14:00:00,onboarding_completed
2045,2026-04-25 14:00:00,project_created
2045,2026-04-28 14:00:00,report_created
2046,2026-05-25 00:00:00,signup
2046,2026-05-25 23:00:00,onboarding_started
2046,2026-05-26 00:00:00,onboarding_completed
2046,2026-05-29 00:00:00,project_created
2046,2026-06-02 00:00:00,integration_connected
2046,2026-06-02 00:00:00,report_created
2047,2026-01-26 00:00:00,signup
2047,2026-01-26 16:00:00,onboarding_started
2048,2026-05-16 00:00:00,signup
2048,2026-05-16 01:00:00,onboarding_started
2048,2026-05-16 06:00:00,onboarding_completed
2049,2026-02-16 00:00:00,signup
2050,2026-04-23 00:00:00,signup
2050,2026-04-23 20:00:00,onboarding_started
2050,2026-04-24 05:00:00,onboarding_completed
2050,2026-04-26 05:00:00,project_created
2050,2026-04-28 05:00:00,teammate_invited
2050,2026-04-28 05:00:00,report_created
2050,2026-05-30 00:00:00,dashboard_viewed
2051,2026-03-17 00:00:00,signup
2051,2026-03-17 05:00:00,onboarding_started
2051,2026-03-17 15:00:00,onboarding_completed
2052,2026-03-13 00:00:00,signup
2052,2026-03-13 10:00:00,onboarding_started
2052,2026-03-13 21:00:00,onboarding_completed
2052,2026-03-16 21:00:00,project_created
2052,2026-03-20 21:00:00,integration_connected
2052,2026-03-22 21:00:00,report_created
2053,2026-03-30 00:00:00,signup
2053,2026-03-30 20:00:00,onboarding_started
2053,2026-03-31 00:00:00,onboarding_completed
2053,2026-04-02 00:00:00,project_created
2053,2026-04-03 00:00:00,teammate_invited
2053,2026-05-08 00:00:00,dashboard_viewed
2054,2026-02-15 00:00:00,signup
2054,2026-02-15 18:00:00,onboarding_started
2054,2026-02-16 00:00:00,onboarding_completed
2054,2026-02-19 00:00:00,project_created
2054,2026-02-19 00:00:00,teammate_invited
2054,2026-02-20 00:00:00,report_created
2054,2026-03-23 00:00:00,dashboard_viewed
2055,2026-02-02 00:00:00,signup
2055,2026-02-02 22:00:00,onboarding_started
2055,2026-02-03 06:00:00,onboarding_completed
2055,2026-02-03 06:00:00,project_created
2055,2026-03-10 00:00:00,dashboard_viewed
2056,2026-01-01 00:00:00,signup
2056,2026-01-01 03:00:00,onboarding_started
2056,2026-01-01 14:00:00,onboarding_completed
2057,2026-05-27 00:00:00,signup
2057,2026-05-27 14:00:00,onboarding_started
2057,2026-05-27 16:00:00,onboarding_completed
2058,2026-01-31 00:00:00,signup
2059,2026-05-22 00:00:00,signup
2059,2026-05-22 18:00:00,onboarding_started
2059,2026-05-22 19:00:00,onboarding_completed
2059,2026-05-22 19:00:00,project_created
2060,2026-02-22 00:00:00,signup
2060,2026-02-22 06:00:00,onboarding_started
2061,2026-02-17 00:00:00,signup
2061,2026-02-17 20:00:00,onboarding_started
2061,2026-02-18 04:00:00,onboarding_completed
2062,2026-03-10 00:00:00,signup
2063,2026-04-15 00:00:00,signup
2063,2026-04-15 09:00:00,onboarding_started
2063,2026-04-15 11:00:00,onboarding_completed
2064,2026-03-31 00:00:00,signup
2064,2026-03-31 19:00:00,onboarding_started
2064,2026-04-01 00:00:00,onboarding_completed
2064,2026-04-01 00:00:00,project_created
2064,2026-04-05 00:00:00,report_created
2065,2026-03-04 00:00:00,signup
2065,2026-03-04 14:00:00,onboarding_started
2066,2026-03-14 00:00:00,signup
2067,2026-06-10 00:00:00,signup
2067,2026-06-10 02:00:00,onboarding_started
2068,2026-06-18 00:00:00,signup
2068,2026-06-18 22:00:00,onboarding_started
2069,2026-03-30 00:00:00,signup
2069,2026-03-30 01:00:00,onboarding_started
2069,2026-03-30 02:00:00,onboarding_completed
2069,2026-04-02 02:00:00,project_created
2069,2026-04-04 02:00:00,teammate_invited
2069,2026-04-08 02:00:00,report_created
2070,2026-06-25 00:00:00,signup
2070,2026-06-25 03:00:00,onboarding_started
2070,2026-06-25 14:00:00,onboarding_completed
2070,2026-06-28 14:00:00,project_created
2070,2026-06-30 14:00:00,teammate_invited
2071,2026-01-13 00:00:00,signup
2071,2026-01-13 01:00:00,onboarding_started
2072,2026-03-14 00:00:00,signup
2072,2026-03-14 09:00:00,onboarding_started
2072,2026-03-14 15:00:00,onboarding_completed
2073,2026-03-18 00:00:00,signup
2073,2026-03-18 14:00:00,onboarding_started
2074,2026-06-08 00:00:00,signup
2074,2026-06-08 16:00:00,onboarding_started
2075,2026-03-09 00:00:00,signup
2076,2026-04-08 00:00:00,signup
2076,2026-04-08 06:00:00,onboarding_started
2076,2026-04-08 12:00:00,onboarding_completed
2076,2026-04-08 12:00:00,project_created
2076,2026-04-10 12:00:00,teammate_invited
2076,2026-04-11 12:00:00,integration_connected
2076,2026-05-16 00:00:00,dashboard_viewed
2077,2026-05-05 00:00:00,signup
2078,2026-04-12 00:00:00,signup
2078,2026-04-12 19:00:00,onboarding_started
2079,2026-05-12 00:00:00,signup
2079,2026-05-12 13:00:00,onboarding_started
2079,2026-05-12 19:00:00,onboarding_completed
2080,2026-04-12 00:00:00,signup
2081,2026-01-19 00:00:00,signup
2081,2026-01-19 23:00:00,onboarding_started
2082,2026-03-23 00:00:00,signup
2082,2026-03-23 19:00:00,onboarding_started
2082,2026-03-23 21:00:00,onboarding_completed
2082,2026-03-26 21:00:00,project_created
2082,2026-03-28 21:00:00,report_created
2083,2026-05-21 00:00:00,signup
2084,2026-01-23 00:00:00,signup
2084,2026-01-23 14:00:00,onboarding_started
2084,2026-01-24 00:00:00,onboarding_completed
2085,2026-03-24 00:00:00,signup
2085,2026-03-24 12:00:00,onboarding_started
2085,2026-03-24 18:00:00,onboarding_completed
2085,2026-03-26 18:00:00,project_created
2085,2026-03-28 18:00:00,integration_connected
2086,2026-04-19 00:00:00,signup
2086,2026-04-19 06:00:00,onboarding_started
2087,2026-03-16 00:00:00,signup
2087,2026-03-16 21:00:00,onboarding_started
2088,2026-05-09 00:00:00,signup
2088,2026-05-09 02:00:00,onboarding_started
2088,2026-05-09 11:00:00,onboarding_completed
2088,2026-05-09 11:00:00,project_created
2088,2026-06-08 00:00:00,dashboard_viewed
2089,2026-03-29 00:00:00,signup
2089,2026-03-29 22:00:00,onboarding_started
2089,2026-03-30 07:00:00,onboarding_completed
2090,2026-02-23 00:00:00,signup
2090,2026-02-23 02:00:00,onboarding_started
2090,2026-02-23 13:00:00,onboarding_completed
2090,2026-02-24 13:00:00,project_created
2090,2026-02-26 13:00:00,teammate_invited
2090,2026-03-02 13:00:00,report_created
2091,2026-03-30 00:00:00,signup
2091,2026-03-30 09:00:00,onboarding_started
2091,2026-03-30 10:00:00,onboarding_completed
2091,2026-04-01 10:00:00,project_created
2091,2026-04-04 10:00:00,report_created
2092,2026-05-23 00:00:00,signup
2093,2026-03-06 00:00:00,signup
2093,2026-03-06 01:00:00,onboarding_started
2093,2026-03-06 06:00:00,onboarding_completed
2094,2026-03-17 00:00:00,signup
2094,2026-03-17 06:00:00,onboarding_started
2094,2026-03-17 14:00:00,onboarding_completed
2094,2026-03-20 14:00:00,project_created
2094,2026-03-21 14:00:00,report_created
2095,2026-05-23 00:00:00,signup
2095,2026-05-23 02:00:00,onboarding_started
2096,2026-05-29 00:00:00,signup
2096,2026-05-29 09:00:00,onboarding_started
2096,2026-05-29 17:00:00,onboarding_completed
2096,2026-05-31 17:00:00,project_created
2096,2026-06-02 17:00:00,report_created
2096,2026-07-08 00:00:00,dashboard_viewed
2097,2026-05-27 00:00:00,signup
2097,2026-05-27 22:00:00,onboarding_started
2097,2026-05-28 07:00:00,onboarding_completed
2098,2026-03-01 00:00:00,signup
2098,2026-03-01 07:00:00,onboarding_started
2098,2026-03-01 11:00:00,onboarding_completed
2098,2026-03-02 11:00:00,project_created
2098,2026-03-02 11:00:00,integration_connected
2098,2026-03-03 11:00:00,teammate_invited
2098,2026-03-06 11:00:00,report_created
2098,2026-04-05 00:00:00,dashboard_viewed
2099,2026-04-03 00:00:00,signup
2099,2026-04-03 17:00:00,onboarding_started
2100,2026-06-10 00:00:00,signup
2100,2026-06-10 20:00:00,onboarding_started
2100,2026-06-11 05:00:00,onboarding_completed
2101,2026-02-18 00:00:00,signup
2102,2026-02-04 00:00:00,signup
2102,2026-02-04 20:00:00,onboarding_started
2102,2026-02-04 21:00:00,onboarding_completed
2103,2026-06-21 00:00:00,signup
2103,2026-06-21 14:00:00,onboarding_started
2103,2026-06-22 00:00:00,onboarding_completed
2103,2026-06-24 00:00:00,project_created
2103,2026-06-29 00:00:00,report_created
2104,2026-04-12 00:00:00,signup
2104,2026-04-12 22:00:00,onboarding_started
2104,2026-04-13 04:00:00,onboarding_completed
2104,2026-04-13 04:00:00,project_created
2105,2026-01-11 00:00:00,signup
2105,2026-01-11 21:00:00,onboarding_started
2105,2026-01-11 23:00:00,onboarding_completed
2105,2026-01-14 23:00:00,project_created
2105,2026-01-19 23:00:00,report_created
2106,2026-04-09 00:00:00,signup
2106,2026-04-09 12:00:00,onboarding_started
2106,2026-04-09 23:00:00,onboarding_completed
2106,2026-04-09 23:00:00,project_created
2106,2026-04-13 23:00:00,report_created
2107,2026-04-20 00:00:00,signup
2108,2026-03-15 00:00:00,signup
2109,2026-06-23 00:00:00,signup
2109,2026-06-23 16:00:00,onboarding_started
2109,2026-06-23 20:00:00,onboarding_completed
2109,2026-06-25 20:00:00,project_created
2110,2026-01-09 00:00:00,signup
2110,2026-01-09 03:00:00,onboarding_started
2110,2026-01-09 09:00:00,onboarding_completed
2110,2026-01-11 09:00:00,project_created
2110,2026-01-13 09:00:00,teammate_invited
2110,2026-01-15 09:00:00,report_created
2110,2026-02-10 00:00:00,dashboard_viewed
2111,2026-01-03 00:00:00,signup
2111,2026-01-03 06:00:00,onboarding_started
2112,2026-03-26 00:00:00,signup
2112,2026-03-26 12:00:00,onboarding_started
2112,2026-03-26 15:00:00,onboarding_completed
2112,2026-03-29 15:00:00,project_created
2113,2026-01-26 00:00:00,signup
2113,2026-01-26 18:00:00,onboarding_started
2114,2026-03-13 00:00:00,signup
2114,2026-03-13 21:00:00,onboarding_started
2115,2026-02-17 00:00:00,signup
2115,2026-02-17 07:00:00,onboarding_started
2115,2026-02-17 15:00:00,onboarding_completed
2115,2026-02-19 15:00:00,project_created
2115,2026-02-20 15:00:00,report_created
2116,2026-06-05 00:00:00,signup
2117,2026-04-27 00:00:00,signup
2117,2026-04-27 04:00:00,onboarding_started
2117,2026-04-27 13:00:00,onboarding_completed
2117,2026-04-28 13:00:00,project_created
2117,2026-04-30 13:00:00,teammate_invited
2117,2026-05-03 13:00:00,report_created
2118,2026-06-03 00:00:00,signup
2118,2026-06-03 11:00:00,onboarding_started
2118,2026-06-03 22:00:00,onboarding_completed
2118,2026-06-03 22:00:00,project_created
2118,2026-06-03 22:00:00,integration_connected
2118,2026-06-04 22:00:00,teammate_invited
2118,2026-06-04 22:00:00,report_created
2118,2026-07-09 00:00:00,dashboard_viewed
2119,2026-06-02 00:00:00,signup
2119,2026-06-02 23:00:00,onboarding_started
2120,2026-01-12 00:00:00,signup
2120,2026-01-12 17:00:00,onboarding_started
2121,2026-05-13 00:00:00,signup
2121,2026-05-13 08:00:00,onboarding_started
2122,2026-02-17 00:00:00,signup
2122,2026-02-17 04:00:00,onboarding_started
2122,2026-02-17 13:00:00,onboarding_completed
2122,2026-02-20 13:00:00,project_created
2122,2026-02-25 13:00:00,report_created
2123,2026-02-06 00:00:00,signup
2123,2026-02-06 06:00:00,onboarding_started
2124,2026-02-13 00:00:00,signup
2124,2026-02-13 22:00:00,onboarding_started
2124,2026-02-14 09:00:00,onboarding_completed
2125,2026-01-15 00:00:00,signup
2125,2026-01-15 17:00:00,onboarding_started
2125,2026-01-15 22:00:00,onboarding_completed
2125,2026-01-16 22:00:00,project_created
2125,2026-01-17 22:00:00,teammate_invited
2126,2026-02-12 00:00:00,signup
2126,2026-02-12 19:00:00,onboarding_started
2126,2026-02-13 03:00:00,onboarding_completed
2126,2026-02-13 03:00:00,project_created
2126,2026-02-15 03:00:00,teammate_invited
2126,2026-03-17 00:00:00,dashboard_viewed
2127,2026-06-25 00:00:00,signup
2127,2026-06-25 11:00:00,onboarding_started
2128,2026-03-28 00:00:00,signup
2129,2026-03-11 00:00:00,signup
2129,2026-03-11 22:00:00,onboarding_started
2130,2026-02-15 00:00:00,signup
2130,2026-02-15 20:00:00,onboarding_started
2131,2026-04-18 00:00:00,signup
2131,2026-04-18 20:00:00,onboarding_started
2131,2026-04-19 02:00:00,onboarding_completed
2131,2026-04-22 02:00:00,project_created
2131,2026-05-26 00:00:00,dashboard_viewed
2132,2026-05-03 00:00:00,signup
2133,2026-06-20 00:00:00,signup
2133,2026-06-20 10:00:00,onboarding_started
2134,2026-01-21 00:00:00,signup
2134,2026-01-21 21:00:00,onboarding_started
2134,2026-01-22 06:00:00,onboarding_completed
2134,2026-01-22 06:00:00,project_created
2134,2026-01-24 06:00:00,integration_connected
2134,2026-01-24 06:00:00,report_created
2135,2026-05-31 00:00:00,signup
2135,2026-05-31 11:00:00,onboarding_started
2135,2026-05-31 16:00:00,onboarding_completed
2135,2026-06-03 16:00:00,project_created
2136,2026-04-17 00:00:00,signup
2136,2026-04-17 03:00:00,onboarding_started
2136,2026-04-17 06:00:00,onboarding_completed
2137,2026-03-21 00:00:00,signup
2137,2026-03-21 20:00:00,onboarding_started
2137,2026-03-21 22:00:00,onboarding_completed
2137,2026-03-24 22:00:00,project_created
2138,2026-02-16 00:00:00,signup
2138,2026-02-16 23:00:00,onboarding_started
2138,2026-02-17 06:00:00,onboarding_completed
2138,2026-02-17 06:00:00,project_created
2138,2026-02-19 06:00:00,teammate_invited
2138,2026-02-23 06:00:00,report_created
2138,2026-03-20 00:00:00,dashboard_viewed
2139,2026-04-27 00:00:00,signup
2140,2026-05-04 00:00:00,signup
2140,2026-05-04 13:00:00,onboarding_started
2141,2026-05-23 00:00:00,signup
2141,2026-05-23 13:00:00,onboarding_started
2141,2026-05-24 00:00:00,onboarding_completed
2141,2026-05-25 00:00:00,project_created
2142,2026-01-25 00:00:00,signup
2142,2026-01-25 18:00:00,onboarding_started
2142,2026-01-25 20:00:00,onboarding_completed
2142,2026-01-25 20:00:00,project_created
2143,2026-02-05 00:00:00,signup
2143,2026-02-05 03:00:00,onboarding_started
2143,2026-02-05 09:00:00,onboarding_completed
2143,2026-02-06 09:00:00,project_created
2144,2026-02-20 00:00:00,signup
2144,2026-02-20 15:00:00,onboarding_started
2144,2026-02-20 19:00:00,onboarding_completed
2144,2026-02-22 19:00:00,project_created
2144,2026-02-23 19:00:00,report_created
2145,2026-01-15 00:00:00,signup
2145,2026-01-15 20:00:00,onboarding_started
2145,2026-01-16 02:00:00,onboarding_completed
2146,2026-03-09 00:00:00,signup
2146,2026-03-09 20:00:00,onboarding_started
2146,2026-03-10 03:00:00,onboarding_completed
2146,2026-03-12 03:00:00,project_created
2147,2026-01-21 00:00:00,signup
2148,2026-05-21 00:00:00,signup
2149,2026-01-19 00:00:00,signup
2150,2026-02-03 00:00:00,signup
2151,2026-03-19 00:00:00,signup
2151,2026-03-19 02:00:00,onboarding_started
2151,2026-03-19 13:00:00,onboarding_completed
2152,2026-05-05 00:00:00,signup
2152,2026-05-05 15:00:00,onboarding_started
2153,2026-04-27 00:00:00,signup
2153,2026-04-27 13:00:00,onboarding_started
2153,2026-04-27 22:00:00,onboarding_completed
2153,2026-04-29 22:00:00,project_created
2154,2026-02-21 00:00:00,signup
2154,2026-02-21 02:00:00,onboarding_started
2155,2026-01-27 00:00:00,signup
2155,2026-01-27 15:00:00,onboarding_started
2155,2026-01-28 01:00:00,onboarding_completed
2155,2026-01-28 01:00:00,project_created
2155,2026-01-28 01:00:00,teammate_invited
2155,2026-03-06 00:00:00,dashboard_viewed
2156,2026-06-06 00:00:00,signup
2156,2026-06-06 11:00:00,onboarding_started
2157,2026-06-05 00:00:00,signup
2157,2026-06-05 06:00:00,onboarding_started
2158,2026-02-04 00:00:00,signup
2158,2026-02-04 14:00:00,onboarding_started
2159,2026-05-16 00:00:00,signup
2159,2026-05-16 19:00:00,onboarding_started
2159,2026-05-17 03:00:00,onboarding_completed
2159,2026-05-18 03:00:00,project_created
2159,2026-05-18 03:00:00,teammate_invited
2159,2026-05-24 03:00:00,report_created
2160,2026-05-24 00:00:00,signup
2160,2026-05-24 21:00:00,onboarding_started
2160,2026-05-25 06:00:00,onboarding_completed
2161,2026-04-16 00:00:00,signup
2161,2026-04-16 22:00:00,onboarding_started
2161,2026-04-17 00:00:00,onboarding_completed
2161,2026-04-19 00:00:00,project_created
2161,2026-04-25 00:00:00,report_created
2161,2026-05-18 00:00:00,dashboard_viewed
2162,2026-06-13 00:00:00,signup
2163,2026-06-07 00:00:00,signup
2163,2026-06-07 09:00:00,onboarding_started
2164,2026-05-26 00:00:00,signup
2164,2026-05-26 17:00:00,onboarding_started
2164,2026-05-26 22:00:00,onboarding_completed
2164,2026-05-26 22:00:00,project_created
2164,2026-05-26 22:00:00,teammate_invited
2164,2026-05-26 22:00:00,integration_connected
2164,2026-05-31 22:00:00,report_created
2164,2026-06-25 00:00:00,dashboard_viewed
2165,2026-01-02 00:00:00,signup
2165,2026-01-02 10:00:00,onboarding_started
2165,2026-01-02 20:00:00,onboarding_completed
2165,2026-01-04 20:00:00,project_created
2165,2026-01-06 20:00:00,teammate_invited
2165,2026-01-08 20:00:00,report_created
2165,2026-02-10 00:00:00,dashboard_viewed
2166,2026-06-26 00:00:00,signup
2166,2026-06-26 09:00:00,onboarding_started
2166,2026-06-26 14:00:00,onboarding_completed
2166,2026-06-27 14:00:00,project_created
2166,2026-07-03 14:00:00,report_created
2166,2026-08-03 00:00:00,dashboard_viewed
2167,2026-03-18 00:00:00,signup
2167,2026-03-18 08:00:00,onboarding_started
2168,2026-05-12 00:00:00,signup
2168,2026-05-12 05:00:00,onboarding_started
2168,2026-05-12 16:00:00,onboarding_completed
2168,2026-05-13 16:00:00,project_created
2168,2026-06-19 00:00:00,dashboard_viewed
2169,2026-03-31 00:00:00,signup
2169,2026-03-31 14:00:00,onboarding_started
2169,2026-03-31 20:00:00,onboarding_completed
2169,2026-04-02 20:00:00,project_created
2169,2026-04-02 20:00:00,teammate_invited
2169,2026-04-03 20:00:00,integration_connected
2170,2026-03-30 00:00:00,signup
2170,2026-03-30 15:00:00,onboarding_started
2171,2026-04-04 00:00:00,signup
2171,2026-04-04 08:00:00,onboarding_started
2171,2026-04-04 18:00:00,onboarding_completed
2172,2026-01-07 00:00:00,signup
2172,2026-01-07 04:00:00,onboarding_started
2172,2026-01-07 15:00:00,onboarding_completed
2172,2026-01-08 15:00:00,project_created
2172,2026-01-09 15:00:00,teammate_invited
2172,2026-02-09 00:00:00,dashboard_viewed
2173,2026-04-05 00:00:00,signup
2174,2026-04-18 00:00:00,signup
2174,2026-04-18 02:00:00,onboarding_started
2174,2026-04-18 04:00:00,onboarding_completed
2174,2026-04-18 04:00:00,project_created
2174,2026-04-22 04:00:00,integration_connected
2174,2026-04-24 04:00:00,report_created
2175,2026-03-15 00:00:00,signup
2175,2026-03-15 20:00:00,onboarding_started
2176,2026-02-08 00:00:00,signup
2176,2026-02-08 08:00:00,onboarding_started
2176,2026-02-08 09:00:00,onboarding_completed
2176,2026-02-08 09:00:00,project_created
2177,2026-05-21 00:00:00,signup
2177,2026-05-21 08:00:00,onboarding_started
2178,2026-06-08 00:00:00,signup
2178,2026-06-08 23:00:00,onboarding_started
2178,2026-06-09 10:00:00,onboarding_completed
2179,2026-03-12 00:00:00,signup
2179,2026-03-12 23:00:00,onboarding_started
2179,2026-03-13 05:00:00,onboarding_completed
2179,2026-03-15 05:00:00,project_created
2179,2026-03-15 05:00:00,integration_connected
2179,2026-04-13 00:00:00,dashboard_viewed
2180,2026-02-25 00:00:00,signup
2180,2026-02-25 23:00:00,onboarding_started
2180,2026-02-26 09:00:00,onboarding_completed
2181,2026-06-19 00:00:00,signup
2181,2026-06-19 14:00:00,onboarding_started
2181,2026-06-19 21:00:00,onboarding_completed
2182,2026-02-11 00:00:00,signup
2182,2026-02-11 04:00:00,onboarding_started
2182,2026-02-11 06:00:00,onboarding_completed
2182,2026-02-11 06:00:00,project_created
2182,2026-02-13 06:00:00,teammate_invited
2182,2026-02-16 06:00:00,report_created
2183,2026-02-05 00:00:00,signup
2183,2026-02-05 03:00:00,onboarding_started
2183,2026-02-05 07:00:00,onboarding_completed
2183,2026-02-08 07:00:00,project_created
2184,2026-03-25 00:00:00,signup
2184,2026-03-25 04:00:00,onboarding_started
2185,2026-04-28 00:00:00,signup
2185,2026-04-28 13:00:00,onboarding_started
2185,2026-04-29 00:00:00,onboarding_completed
2186,2026-01-07 00:00:00,signup
2186,2026-01-07 23:00:00,onboarding_started
2186,2026-01-08 09:00:00,onboarding_completed
2186,2026-01-10 09:00:00,project_created
2186,2026-01-11 09:00:00,teammate_invited
2186,2026-01-13 09:00:00,report_created
2186,2026-02-12 00:00:00,dashboard_viewed
2187,2026-02-23 00:00:00,signup
2187,2026-02-23 01:00:00,onboarding_started
2187,2026-02-23 08:00:00,onboarding_completed
2187,2026-02-26 08:00:00,project_created
2187,2026-02-26 08:00:00,teammate_invited
2187,2026-02-27 08:00:00,integration_connected
2188,2026-05-09 00:00:00,signup
2189,2026-06-21 00:00:00,signup
2190,2026-04-30 00:00:00,signup
2190,2026-04-30 06:00:00,onboarding_started
2190,2026-04-30 08:00:00,onboarding_completed
2190,2026-05-02 08:00:00,project_created
2190,2026-05-04 08:00:00,integration_connected
2190,2026-05-08 08:00:00,report_created
2190,2026-06-02 00:00:00,dashboard_viewed
2191,2026-06-22 00:00:00,signup
2192,2026-04-16 00:00:00,signup
2192,2026-04-16 19:00:00,onboarding_started
2193,2026-02-16 00:00:00,signup
2193,2026-02-16 10:00:00,onboarding_started
2193,2026-02-16 15:00:00,onboarding_completed
2193,2026-02-18 15:00:00,project_created
2194,2026-05-03 00:00:00,signup
2194,2026-05-03 11:00:00,onboarding_started
2194,2026-05-03 21:00:00,onboarding_completed
2194,2026-05-05 21:00:00,project_created
2194,2026-05-07 21:00:00,teammate_invited
2195,2026-05-21 00:00:00,signup
2195,2026-05-21 20:00:00,onboarding_started
2195,2026-05-22 03:00:00,onboarding_completed
2195,2026-05-23 03:00:00,project_created
2196,2026-04-29 00:00:00,signup
2196,2026-04-29 16:00:00,onboarding_started
2196,2026-04-29 23:00:00,onboarding_completed
2197,2026-05-30 00:00:00,signup
2197,2026-05-30 09:00:00,onboarding_started
2198,2026-04-28 00:00:00,signup
2198,2026-04-28 08:00:00,onboarding_started
2198,2026-04-28 09:00:00,onboarding_completed
2198,2026-04-30 09:00:00,project_created
2198,2026-05-03 09:00:00,report_created
2199,2026-01-21 00:00:00,signup
2199,2026-01-21 03:00:00,onboarding_started
2199,2026-01-21 09:00:00,onboarding_completed
2200,2026-05-17 00:00:00,signup
2200,2026-05-17 01:00:00,onboarding_started
2201,2026-01-26 00:00:00,signup
2201,2026-01-26 04:00:00,onboarding_started
2201,2026-01-26 15:00:00,onboarding_completed
2201,2026-01-28 15:00:00,project_created
2201,2026-01-30 15:00:00,report_created
2202,2026-01-09 00:00:00,signup
2202,2026-01-09 17:00:00,onboarding_started
2202,2026-01-10 02:00:00,onboarding_completed
2202,2026-01-11 02:00:00,project_created
2202,2026-02-12 00:00:00,dashboard_viewed
2203,2026-01-15 00:00:00,signup
2203,2026-01-15 09:00:00,onboarding_started
2204,2026-01-10 00:00:00,signup
2204,2026-01-10 20:00:00,onboarding_started
2204,2026-01-10 21:00:00,onboarding_completed
2204,2026-01-11 21:00:00,project_created
2204,2026-01-13 21:00:00,integration_connected
2204,2026-01-14 21:00:00,report_created
2205,2026-05-02 00:00:00,signup
2205,2026-05-02 20:00:00,onboarding_started
2205,2026-05-03 01:00:00,onboarding_completed
2205,2026-05-04 01:00:00,project_created
2205,2026-05-05 01:00:00,integration_connected
2205,2026-05-05 01:00:00,report_created
2205,2026-05-06 01:00:00,teammate_invited
2205,2026-06-11 00:00:00,dashboard_viewed
2206,2026-05-01 00:00:00,signup
2206,2026-05-01 16:00:00,onboarding_started
2206,2026-05-01 20:00:00,onboarding_completed
2207,2026-05-05 00:00:00,signup
2207,2026-05-05 11:00:00,onboarding_started
2207,2026-05-05 13:00:00,onboarding_completed
2207,2026-05-08 13:00:00,project_created
2207,2026-05-09 13:00:00,teammate_invited
2207,2026-05-11 13:00:00,integration_connected
2207,2026-05-12 13:00:00,report_created
2208,2026-06-19 00:00:00,signup
2208,2026-06-19 08:00:00,onboarding_started
2208,2026-06-19 11:00:00,onboarding_completed
2208,2026-06-22 11:00:00,project_created
2208,2026-06-28 11:00:00,report_created
2209,2026-03-13 00:00:00,signup
2209,2026-03-13 04:00:00,onboarding_started
2209,2026-03-13 05:00:00,onboarding_completed
2209,2026-03-13 05:00:00,project_created
2209,2026-03-17 05:00:00,report_created
2210,2026-06-01 00:00:00,signup
2211,2026-02-18 00:00:00,signup
2211,2026-02-18 04:00:00,onboarding_started
2212,2026-06-03 00:00:00,signup
2212,2026-06-03 03:00:00,onboarding_started
2212,2026-06-03 13:00:00,onboarding_completed
2213,2026-04-01 00:00:00,signup
2213,2026-04-01 15:00:00,onboarding_started
2213,2026-04-01 17:00:00,onboarding_completed
2214,2026-02-06 00:00:00,signup
2214,2026-02-06 01:00:00,onboarding_started
2214,2026-02-06 04:00:00,onboarding_completed
2214,2026-02-08 04:00:00,project_created
2215,2026-03-09 00:00:00,signup
2215,2026-03-09 14:00:00,onboarding_started
2215,2026-03-10 00:00:00,onboarding_completed
2215,2026-03-12 00:00:00,project_created
2215,2026-03-12 00:00:00,teammate_invited
2215,2026-03-14 00:00:00,report_created
2216,2026-02-19 00:00:00,signup
2216,2026-02-19 20:00:00,onboarding_started
2216,2026-02-20 04:00:00,onboarding_completed
2217,2026-06-01 00:00:00,signup
2217,2026-06-01 06:00:00,onboarding_started
2217,2026-06-01 16:00:00,onboarding_completed
2218,2026-01-19 00:00:00,signup
2218,2026-01-19 17:00:00,onboarding_started
2218,2026-01-20 01:00:00,onboarding_completed
2218,2026-01-20 01:00:00,project_created
2218,2026-01-24 01:00:00,integration_connected
2218,2026-01-24 01:00:00,report_created
2219,2026-04-10 00:00:00,signup
2220,2026-03-01 00:00:00,signup
2220,2026-03-01 22:00:00,onboarding_started
2221,2026-06-16 00:00:00,signup
2221,2026-06-16 18:00:00,onboarding_started
2221,2026-06-16 22:00:00,onboarding_completed
2222,2026-03-30 00:00:00,signup
2222,2026-03-30 23:00:00,onboarding_started
2222,2026-03-31 01:00:00,onboarding_completed
2222,2026-04-03 01:00:00,project_created
2222,2026-04-04 01:00:00,teammate_invited
2222,2026-04-29 00:00:00,dashboard_viewed
2223,2026-05-26 00:00:00,signup
2223,2026-05-26 09:00:00,onboarding_started
2223,2026-05-26 15:00:00,onboarding_completed
2223,2026-05-28 15:00:00,project_created
2223,2026-05-31 15:00:00,integration_connected
2224,2026-05-27 00:00:00,signup
2224,2026-05-27 23:00:00,onboarding_started
2224,2026-05-28 06:00:00,onboarding_completed
2224,2026-05-28 06:00:00,project_created
2224,2026-05-29 06:00:00,report_created
2224,2026-05-31 06:00:00,integration_connected
2225,2026-06-13 00:00:00,signup
2226,2026-03-10 00:00:00,signup
2226,2026-03-10 11:00:00,onboarding_started
2226,2026-03-10 18:00:00,onboarding_completed
2226,2026-03-12 18:00:00,project_created
2226,2026-03-12 18:00:00,integration_connected
2226,2026-03-18 18:00:00,report_created
2227,2026-06-24 00:00:00,signup
2227,2026-06-24 12:00:00,onboarding_started
2227,2026-06-24 15:00:00,onboarding_completed
2227,2026-06-27 15:00:00,project_created
2227,2026-07-28 00:00:00,dashboard_viewed
2228,2026-02-18 00:00:00,signup
2228,2026-02-18 07:00:00,onboarding_started
2228,2026-02-18 10:00:00,onboarding_completed
2228,2026-02-18 10:00:00,project_created
2229,2026-04-18 00:00:00,signup
2229,2026-04-18 19:00:00,onboarding_started
2229,2026-04-19 06:00:00,onboarding_completed
2229,2026-04-21 06:00:00,project_created
2229,2026-04-22 06:00:00,teammate_invited
2229,2026-04-25 06:00:00,integration_connected
2229,2026-04-27 06:00:00,report_created
2229,2026-05-22 00:00:00,dashboard_viewed
2230,2026-06-10 00:00:00,signup
2230,2026-06-10 16:00:00,onboarding_started
2230,2026-06-10 18:00:00,onboarding_completed
2231,2026-04-29 00:00:00,signup
2231,2026-04-29 01:00:00,onboarding_started
2231,2026-04-29 08:00:00,onboarding_completed
2231,2026-05-02 08:00:00,project_created
2231,2026-05-04 08:00:00,report_created
2232,2026-05-29 00:00:00,signup
2232,2026-05-29 12:00:00,onboarding_started
2233,2026-05-30 00:00:00,signup
2233,2026-05-30 05:00:00,onboarding_started
2233,2026-05-30 14:00:00,onboarding_completed
2233,2026-06-01 14:00:00,project_created
2234,2026-06-25 00:00:00,signup
2235,2026-02-06 00:00:00,signup
2235,2026-02-06 17:00:00,onboarding_started
2235,2026-02-07 03:00:00,onboarding_completed
2235,2026-02-08 03:00:00,project_created
2235,2026-02-10 03:00:00,report_created
2235,2026-02-11 03:00:00,integration_connected
2236,2026-05-23 00:00:00,signup
2236,2026-05-23 20:00:00,onboarding_started
2236,2026-05-24 05:00:00,onboarding_completed
2236,2026-05-27 05:00:00,project_created
2237,2026-06-12 00:00:00,signup
2237,2026-06-12 09:00:00,onboarding_started
2238,2026-06-09 00:00:00,signup
2238,2026-06-09 07:00:00,onboarding_started
2238,2026-06-09 09:00:00,onboarding_completed
2239,2026-01-11 00:00:00,signup
2239,2026-01-11 08:00:00,onboarding_started
2239,2026-01-11 15:00:00,onboarding_completed
2239,2026-01-14 15:00:00,project_created
2239,2026-01-16 15:00:00,teammate_invited
2239,2026-01-16 15:00:00,integration_connected
2239,2026-02-18 00:00:00,dashboard_viewed
2240,2026-05-18 00:00:00,signup
2240,2026-05-18 18:00:00,onboarding_started
2240,2026-05-19 01:00:00,onboarding_completed
2240,2026-05-20 01:00:00,project_created
2240,2026-05-22 01:00:00,teammate_invited
2241,2026-03-19 00:00:00,signup
2241,2026-03-19 08:00:00,onboarding_started
2241,2026-03-19 14:00:00,onboarding_completed
2241,2026-03-22 14:00:00,project_created
2241,2026-03-22 14:00:00,teammate_invited
2241,2026-04-21 00:00:00,dashboard_viewed
2242,2026-03-18 00:00:00,signup
2242,2026-03-18 16:00:00,onboarding_started
2242,2026-03-19 03:00:00,onboarding_completed
2242,2026-03-22 03:00:00,project_created
2243,2026-06-02 00:00:00,signup
2244,2026-01-02 00:00:00,signup
2245,2026-03-05 00:00:00,signup
2245,2026-03-05 01:00:00,onboarding_started
2245,2026-03-05 03:00:00,onboarding_completed
2245,2026-03-07 03:00:00,project_created
2245,2026-03-09 03:00:00,teammate_invited
2245,2026-03-09 03:00:00,report_created
2246,2026-02-04 00:00:00,signup
2246,2026-02-04 07:00:00,onboarding_started
2246,2026-02-04 13:00:00,onboarding_completed
2246,2026-02-04 13:00:00,project_created
2246,2026-02-04 13:00:00,teammate_invited
2247,2026-01-07 00:00:00,signup
2247,2026-01-07 17:00:00,onboarding_started
2248,2026-03-26 00:00:00,signup
2248,2026-03-26 06:00:00,onboarding_started
2248,2026-03-26 16:00:00,onboarding_completed
2249,2026-05-26 00:00:00,signup
2250,2026-03-08 00:00:00,signup
2250,2026-03-08 19:00:00,onboarding_started
2250,2026-03-09 04:00:00,onboarding_completed
2251,2026-02-11 00:00:00,signup
2251,2026-02-11 02:00:00,onboarding_started
2251,2026-02-11 06:00:00,onboarding_completed
2251,2026-02-11 06:00:00,project_created
2251,2026-02-13 06:00:00,teammate_invited
2251,2026-03-17 00:00:00,dashboard_viewed
2252,2026-04-28 00:00:00,signup
2252,2026-04-28 01:00:00,onboarding_started
2252,2026-04-28 03:00:00,onboarding_completed
2252,2026-05-01 03:00:00,project_created
2252,2026-05-02 03:00:00,teammate_invited
2252,2026-05-04 03:00:00,report_created
2253,2026-05-05 00:00:00,signup
2253,2026-05-05 07:00:00,onboarding_started
2254,2026-06-16 00:00:00,signup
2255,2026-06-18 00:00:00,signup
2255,2026-06-18 15:00:00,onboarding_started
2256,2026-01-24 00:00:00,signup
2256,2026-01-24 15:00:00,onboarding_started
2257,2026-02-15 00:00:00,signup
2258,2026-01-19 00:00:00,signup
2258,2026-01-19 07:00:00,onboarding_started
2258,2026-01-19 18:00:00,onboarding_completed
2258,2026-01-22 18:00:00,project_created
2258,2026-01-24 18:00:00,report_created
2259,2026-03-09 00:00:00,signup
2259,2026-03-09 23:00:00,onboarding_started
2260,2026-04-12 00:00:00,signup
2260,2026-04-12 21:00:00,onboarding_started
2260,2026-04-13 08:00:00,onboarding_completed
2260,2026-04-14 08:00:00,project_created
2260,2026-05-16 00:00:00,dashboard_viewed
2261,2026-02-11 00:00:00,signup
2261,2026-02-11 12:00:00,onboarding_started
2261,2026-02-11 20:00:00,onboarding_completed
2261,2026-02-14 20:00:00,project_created
2261,2026-02-15 20:00:00,teammate_invited
2261,2026-02-16 20:00:00,report_created
2262,2026-02-01 00:00:00,signup
2262,2026-02-01 14:00:00,onboarding_started
2262,2026-02-01 23:00:00,onboarding_completed
2262,2026-02-04 23:00:00,project_created
2262,2026-02-06 23:00:00,teammate_invited
2262,2026-03-03 00:00:00,dashboard_viewed
2263,2026-06-16 00:00:00,signup
2264,2026-04-19 00:00:00,signup
2264,2026-04-19 04:00:00,onboarding_started
2264,2026-04-19 07:00:00,onboarding_completed
2264,2026-04-22 07:00:00,project_created
2264,2026-04-23 07:00:00,teammate_invited
2264,2026-04-24 07:00:00,report_created
2265,2026-02-05 00:00:00,signup
2265,2026-02-05 08:00:00,onboarding_started
2265,2026-02-05 19:00:00,onboarding_completed
2265,2026-02-06 19:00:00,project_created
2265,2026-02-07 19:00:00,teammate_invited
2265,2026-02-07 19:00:00,report_created
2265,2026-03-15 00:00:00,dashboard_viewed
2266,2026-04-07 00:00:00,signup
2266,2026-04-07 22:00:00,onboarding_started
2266,2026-04-08 01:00:00,onboarding_completed
2266,2026-04-10 01:00:00,project_created
2266,2026-04-16 01:00:00,report_created
2266,2026-05-14 00:00:00,dashboard_viewed
2267,2026-06-13 00:00:00,signup
2267,2026-06-13 22:00:00,onboarding_started
2268,2026-05-11 00:00:00,signup
2268,2026-05-11 13:00:00,onboarding_started
2268,2026-05-11 17:00:00,onboarding_completed
2268,2026-05-13 17:00:00,project_created
2268,2026-05-18 17:00:00,report_created
2269,2026-03-14 00:00:00,signup
2269,2026-03-14 20:00:00,onboarding_started
2270,2026-05-16 00:00:00,signup
2271,2026-04-07 00:00:00,signup
2271,2026-04-07 03:00:00,onboarding_started
2271,2026-04-07 06:00:00,onboarding_completed
2271,2026-04-09 06:00:00,project_created
2271,2026-04-11 06:00:00,teammate_invited
2271,2026-05-15 00:00:00,dashboard_viewed
2272,2026-05-03 00:00:00,signup
2272,2026-05-03 22:00:00,onboarding_started
2272,2026-05-04 08:00:00,onboarding_completed
2272,2026-05-05 08:00:00,project_created
2272,2026-05-07 08:00:00,teammate_invited
2272,2026-06-02 00:00:00,dashboard_viewed
2273,2026-03-11 00:00:00,signup
2273,2026-03-11 18:00:00,onboarding_started
2273,2026-03-12 05:00:00,onboarding_completed
2274,2026-06-18 00:00:00,signup
2275,2026-01-13 00:00:00,signup
2275,2026-01-13 06:00:00,onboarding_started
2275,2026-01-13 07:00:00,onboarding_completed
2275,2026-01-14 07:00:00,project_created
2275,2026-01-19 07:00:00,report_created
2276,2026-02-18 00:00:00,signup
2276,2026-02-18 16:00:00,onboarding_started
2276,2026-02-18 21:00:00,onboarding_completed
2277,2026-03-01 00:00:00,signup
2277,2026-03-01 20:00:00,onboarding_started
2277,2026-03-01 22:00:00,onboarding_completed
2278,2026-05-10 00:00:00,signup
2278,2026-05-10 13:00:00,onboarding_started
2278,2026-05-10 14:00:00,onboarding_completed
2278,2026-05-10 14:00:00,project_created
2278,2026-05-11 14:00:00,teammate_invited
2278,2026-05-14 14:00:00,integration_connected
2279,2026-01-05 00:00:00,signup
2280,2026-06-21 00:00:00,signup
2280,2026-06-21 05:00:00,onboarding_started
2281,2026-01-27 00:00:00,signup
2281,2026-01-27 05:00:00,onboarding_started
2282,2026-06-09 00:00:00,signup
2282,2026-06-09 05:00:00,onboarding_started
2282,2026-06-09 15:00:00,onboarding_completed
2283,2026-05-29 00:00:00,signup
2283,2026-05-29 03:00:00,onboarding_started
2283,2026-05-29 14:00:00,onboarding_completed
2283,2026-06-01 14:00:00,project_created
2283,2026-06-01 14:00:00,teammate_invited
2283,2026-06-03 14:00:00,integration_connected
2284,2026-01-08 00:00:00,signup
2284,2026-01-08 20:00:00,onboarding_started
2284,2026-01-08 23:00:00,onboarding_completed
2284,2026-01-08 23:00:00,project_created
2284,2026-01-08 23:00:00,teammate_invited
2284,2026-01-09 23:00:00,report_created
2285,2026-02-19 00:00:00,signup
2285,2026-02-19 10:00:00,onboarding_started
2285,2026-02-19 16:00:00,onboarding_completed
2285,2026-02-20 16:00:00,project_created
2285,2026-02-20 16:00:00,teammate_invited
2285,2026-02-21 16:00:00,integration_connected
2286,2026-03-08 00:00:00,signup
2286,2026-03-08 17:00:00,onboarding_started
2287,2026-02-13 00:00:00,signup
2287,2026-02-13 11:00:00,onboarding_started
2287,2026-02-13 21:00:00,onboarding_completed
2287,2026-02-14 21:00:00,project_created
2287,2026-02-15 21:00:00,integration_connected
2287,2026-02-16 21:00:00,teammate_invited
2288,2026-05-05 00:00:00,signup
2288,2026-05-05 05:00:00,onboarding_started
2288,2026-05-05 12:00:00,onboarding_completed
2289,2026-02-27 00:00:00,signup
2289,2026-02-27 12:00:00,onboarding_started
2289,2026-02-27 16:00:00,onboarding_completed
2289,2026-03-02 16:00:00,project_created
2289,2026-03-02 16:00:00,teammate_invited
2290,2026-01-03 00:00:00,signup
2291,2026-03-27 00:00:00,signup
2291,2026-03-27 12:00:00,onboarding_started
2291,2026-03-27 20:00:00,onboarding_completed
2291,2026-03-28 20:00:00,project_created
2291,2026-03-30 20:00:00,teammate_invited
2291,2026-04-01 20:00:00,report_created
2291,2026-05-06 00:00:00,dashboard_viewed
2292,2026-03-11 00:00:00,signup
2292,2026-03-11 18:00:00,onboarding_started
2292,2026-03-12 00:00:00,onboarding_completed
2292,2026-03-15 00:00:00,project_created
2292,2026-03-16 00:00:00,teammate_invited
2293,2026-05-10 00:00:00,signup
2293,2026-05-10 19:00:00,onboarding_started
2294,2026-06-21 00:00:00,signup
2294,2026-06-21 18:00:00,onboarding_started
2295,2026-01-02 00:00:00,signup
2295,2026-01-02 04:00:00,onboarding_started
2295,2026-01-02 08:00:00,onboarding_completed
2295,2026-01-03 08:00:00,project_created
2295,2026-01-07 08:00:00,report_created
2296,2026-04-12 00:00:00,signup
2296,2026-04-12 11:00:00,onboarding_started
2296,2026-04-12 20:00:00,onboarding_completed
2296,2026-04-13 20:00:00,project_created
2297,2026-02-04 00:00:00,signup
2297,2026-02-04 01:00:00,onboarding_started
2297,2026-02-04 06:00:00,onboarding_completed
2297,2026-02-04 06:00:00,project_created
2297,2026-02-09 06:00:00,report_created
2298,2026-04-08 00:00:00,signup
2299,2026-01-30 00:00:00,signup
2299,2026-01-30 20:00:00,onboarding_started
2299,2026-01-31 07:00:00,onboarding_completed
2299,2026-02-03 07:00:00,project_created
2299,2026-02-04 07:00:00,report_created
2300,2026-04-26 00:00:00,signup
2300,2026-04-26 05:00:00,onboarding_started
2301,2026-01-08 00:00:00,signup
2301,2026-01-08 22:00:00,onboarding_started
2301,2026-01-09 09:00:00,onboarding_completed
2301,2026-01-12 09:00:00,project_created
2301,2026-01-12 09:00:00,teammate_invited
2301,2026-01-16 09:00:00,report_created
2301,2026-02-12 00:00:00,dashboard_viewed
2302,2026-05-30 00:00:00,signup
2302,2026-05-30 03:00:00,onboarding_started
2303,2026-02-13 00:00:00,signup
2304,2026-02-05 00:00:00,signup
2304,2026-02-05 07:00:00,onboarding_started
2304,2026-02-05 17:00:00,onboarding_completed
2304,2026-02-07 17:00:00,project_created
2304,2026-02-08 17:00:00,report_created
2305,2026-03-18 00:00:00,signup
2305,2026-03-18 09:00:00,onboarding_started
2305,2026-03-18 10:00:00,onboarding_completed
2305,2026-03-18 10:00:00,project_created
2306,2026-01-31 00:00:00,signup
2306,2026-01-31 12:00:00,onboarding_started
2306,2026-01-31 21:00:00,onboarding_completed
2306,2026-02-03 21:00:00,project_created
2306,2026-02-04 21:00:00,report_created
2307,2026-02-16 00:00:00,signup
2308,2026-02-24 00:00:00,signup
2308,2026-02-24 21:00:00,onboarding_started
2308,2026-02-25 07:00:00,onboarding_completed
2308,2026-02-26 07:00:00,project_created
2308,2026-02-28 07:00:00,teammate_invited
2308,2026-03-04 07:00:00,report_created
2308,2026-03-30 00:00:00,dashboard_viewed
2309,2026-04-16 00:00:00,signup
2309,2026-04-16 11:00:00,onboarding_started
2309,2026-04-16 13:00:00,onboarding_completed
2309,2026-04-18 13:00:00,project_created
2309,2026-04-19 13:00:00,teammate_invited
2309,2026-05-25 00:00:00,dashboard_viewed
2310,2026-06-07 00:00:00,signup
2310,2026-06-07 05:00:00,onboarding_started
2310,2026-06-07 06:00:00,onboarding_completed
2310,2026-06-10 06:00:00,project_created
2310,2026-06-11 06:00:00,teammate_invited
2310,2026-06-12 06:00:00,integration_connected
2311,2026-05-01 00:00:00,signup
2311,2026-05-01 18:00:00,onboarding_started
2311,2026-05-02 02:00:00,onboarding_completed
2311,2026-05-05 02:00:00,project_created
2311,2026-05-10 02:00:00,report_created
2311,2026-05-31 00:00:00,dashboard_viewed
2312,2026-02-24 00:00:00,signup
2313,2026-05-24 00:00:00,signup
2313,2026-05-24 03:00:00,onboarding_started
2313,2026-05-24 09:00:00,onboarding_completed
2313,2026-05-24 09:00:00,project_created
2314,2026-01-12 00:00:00,signup
2314,2026-01-12 04:00:00,onboarding_started
2314,2026-01-12 05:00:00,onboarding_completed
2314,2026-01-12 05:00:00,project_created
2314,2026-01-13 05:00:00,integration_connected
2314,2026-01-13 05:00:00,report_created
2315,2026-05-25 00:00:00,signup
2315,2026-05-25 04:00:00,onboarding_started
2315,2026-05-25 12:00:00,onboarding_completed
2315,2026-05-28 12:00:00,project_created
2315,2026-05-30 12:00:00,teammate_invited
2315,2026-05-31 12:00:00,integration_connected
2315,2026-06-03 12:00:00,report_created
2315,2026-06-24 00:00:00,dashboard_viewed
2316,2026-05-24 00:00:00,signup
2316,2026-05-24 16:00:00,onboarding_started
2316,2026-05-25 03:00:00,onboarding_completed
2317,2026-05-20 00:00:00,signup
2318,2026-05-16 00:00:00,signup
2318,2026-05-16 07:00:00,onboarding_started
2318,2026-05-16 11:00:00,onboarding_completed
2319,2026-01-03 00:00:00,signup
2319,2026-01-03 08:00:00,onboarding_started
2319,2026-01-03 11:00:00,onboarding_completed
2319,2026-01-06 11:00:00,project_created
2319,2026-01-06 11:00:00,teammate_invited
2319,2026-01-09 11:00:00,report_created
2319,2026-02-09 00:00:00,dashboard_viewed
2320,2026-05-24 00:00:00,signup
2321,2026-01-30 00:00:00,signup
2321,2026-01-30 18:00:00,onboarding_started
2321,2026-01-31 03:00:00,onboarding_completed
2321,2026-02-03 03:00:00,project_created
2321,2026-02-05 03:00:00,teammate_invited
2321,2026-02-06 03:00:00,integration_connected
2321,2026-03-07 00:00:00,dashboard_viewed
2322,2026-01-23 00:00:00,signup
2322,2026-01-23 11:00:00,onboarding_started
2323,2026-04-02 00:00:00,signup
2323,2026-04-02 22:00:00,onboarding_started
2324,2026-04-25 00:00:00,signup
2324,2026-04-25 21:00:00,onboarding_started
2324,2026-04-26 06:00:00,onboarding_completed
2325,2026-04-14 00:00:00,signup
2325,2026-04-14 04:00:00,onboarding_started
2325,2026-04-14 14:00:00,onboarding_completed
2325,2026-04-16 14:00:00,project_created
2325,2026-04-16 14:00:00,teammate_invited
2325,2026-04-19 14:00:00,report_created
2325,2026-05-14 00:00:00,dashboard_viewed
2326,2026-04-28 00:00:00,signup
2326,2026-04-28 11:00:00,onboarding_started
2326,2026-04-28 18:00:00,onboarding_completed
2326,2026-04-30 18:00:00,project_created
2327,2026-01-05 00:00:00,signup
2327,2026-01-05 02:00:00,onboarding_started
2327,2026-01-05 09:00:00,onboarding_completed
2327,2026-01-06 09:00:00,project_created
2327,2026-01-08 09:00:00,report_created
2327,2026-02-08 00:00:00,dashboard_viewed
2328,2026-04-14 00:00:00,signup
2328,2026-04-14 09:00:00,onboarding_started
2328,2026-04-14 17:00:00,onboarding_completed
2329,2026-04-18 00:00:00,signup
2329,2026-04-18 11:00:00,onboarding_started
2329,2026-04-18 16:00:00,onboarding_completed
2329,2026-04-20 16:00:00,project_created
2330,2026-03-06 00:00:00,signup
2330,2026-03-06 21:00:00,onboarding_started
2331,2026-05-01 00:00:00,signup
2332,2026-01-30 00:00:00,signup
2332,2026-01-30 06:00:00,onboarding_started
2332,2026-01-30 08:00:00,onboarding_completed
2333,2026-05-29 00:00:00,signup
2333,2026-05-29 13:00:00,onboarding_started
2333,2026-05-29 18:00:00,onboarding_completed
2334,2026-03-25 00:00:00,signup
2334,2026-03-25 05:00:00,onboarding_started
2334,2026-03-25 07:00:00,onboarding_completed
2334,2026-03-25 07:00:00,project_created
2334,2026-03-25 07:00:00,teammate_invited
2335,2026-05-30 00:00:00,signup
2335,2026-05-30 08:00:00,onboarding_started
2336,2026-02-01 00:00:00,signup
2337,2026-06-10 00:00:00,signup
2337,2026-06-10 03:00:00,onboarding_started
2337,2026-06-10 10:00:00,onboarding_completed
2337,2026-06-10 10:00:00,project_created
2338,2026-01-16 00:00:00,signup
2338,2026-01-16 22:00:00,onboarding_started
2338,2026-01-17 05:00:00,onboarding_completed
2338,2026-01-17 05:00:00,project_created
2338,2026-01-19 05:00:00,teammate_invited
2338,2026-01-21 05:00:00,integration_connected
2339,2026-02-07 00:00:00,signup
2339,2026-02-07 05:00:00,onboarding_started
2339,2026-02-07 14:00:00,onboarding_completed
2339,2026-02-10 14:00:00,project_created
2340,2026-05-22 00:00:00,signup
2340,2026-05-22 10:00:00,onboarding_started
2340,2026-05-22 19:00:00,onboarding_completed
2341,2026-02-05 00:00:00,signup
2341,2026-02-05 01:00:00,onboarding_started
2342,2026-05-31 00:00:00,signup
2343,2026-04-24 00:00:00,signup
2343,2026-04-24 13:00:00,onboarding_started
2343,2026-04-24 17:00:00,onboarding_completed
2343,2026-04-24 17:00:00,project_created
2343,2026-04-24 17:00:00,teammate_invited
2344,2026-03-07 00:00:00,signup
2344,2026-03-07 17:00:00,onboarding_started
2344,2026-03-08 00:00:00,onboarding_completed
2344,2026-03-09 00:00:00,project_created
2344,2026-03-13 00:00:00,report_created
2345,2026-04-15 00:00:00,signup
2345,2026-04-15 18:00:00,onboarding_started
2345,2026-04-15 20:00:00,onboarding_completed
2345,2026-04-18 20:00:00,project_created
2345,2026-04-19 20:00:00,teammate_invited
2346,2026-03-26 00:00:00,signup
2346,2026-03-26 01:00:00,onboarding_started
2346,2026-03-26 05:00:00,onboarding_completed
2346,2026-03-27 05:00:00,project_created
2346,2026-03-27 05:00:00,integration_connected
2346,2026-03-28 05:00:00,teammate_invited
2347,2026-01-02 00:00:00,signup
2347,2026-01-02 15:00:00,onboarding_started
2347,2026-01-02 23:00:00,onboarding_completed
2347,2026-01-03 23:00:00,project_created
2347,2026-01-05 23:00:00,teammate_invited
2347,2026-01-09 23:00:00,report_created
2348,2026-03-16 00:00:00,signup
2348,2026-03-16 08:00:00,onboarding_started
2348,2026-03-16 19:00:00,onboarding_completed
2348,2026-03-18 19:00:00,project_created
2348,2026-03-20 19:00:00,teammate_invited
2348,2026-03-24 19:00:00,report_created
2348,2026-04-21 00:00:00,dashboard_viewed
2349,2026-03-08 00:00:00,signup
2349,2026-03-08 23:00:00,onboarding_started
2349,2026-03-09 06:00:00,onboarding_completed
2349,2026-03-11 06:00:00,project_created
2350,2026-06-29 00:00:00,signup
2350,2026-06-29 12:00:00,onboarding_started
2350,2026-06-29 22:00:00,onboarding_completed
2351,2026-05-31 00:00:00,signup
2351,2026-05-31 09:00:00,onboarding_started
2351,2026-05-31 20:00:00,onboarding_completed
2351,2026-06-02 20:00:00,project_created
2351,2026-06-04 20:00:00,teammate_invited
2352,2026-06-03 00:00:00,signup
2352,2026-06-03 14:00:00,onboarding_started
2352,2026-06-03 18:00:00,onboarding_completed
2352,2026-06-06 18:00:00,project_created
2353,2026-02-24 00:00:00,signup
2354,2026-01-06 00:00:00,signup
2354,2026-01-06 16:00:00,onboarding_started
2355,2026-06-12 00:00:00,signup
2355,2026-06-12 12:00:00,onboarding_started
2356,2026-05-30 00:00:00,signup
2356,2026-05-30 16:00:00,onboarding_started
2357,2026-06-20 00:00:00,signup
2357,2026-06-20 06:00:00,onboarding_started
2358,2026-05-23 00:00:00,signup
2358,2026-05-23 22:00:00,onboarding_started
2358,2026-05-24 00:00:00,onboarding_completed
2359,2026-03-27 00:00:00,signup
2359,2026-03-27 10:00:00,onboarding_started
2359,2026-03-27 17:00:00,onboarding_completed
2359,2026-03-30 17:00:00,project_created
2359,2026-03-31 17:00:00,teammate_invited
2359,2026-04-01 17:00:00,integration_connected
2359,2026-05-06 00:00:00,dashboard_viewed
2360,2026-03-01 00:00:00,signup
2361,2026-04-11 00:00:00,signup
2361,2026-04-11 02:00:00,onboarding_started
2361,2026-04-11 13:00:00,onboarding_completed
2362,2026-01-12 00:00:00,signup
2363,2026-02-18 00:00:00,signup
2363,2026-02-18 06:00:00,onboarding_started
2363,2026-02-18 15:00:00,onboarding_completed
2363,2026-02-20 15:00:00,project_created
2363,2026-02-22 15:00:00,report_created
2364,2026-02-11 00:00:00,signup
2364,2026-02-11 19:00:00,onboarding_started
2364,2026-02-12 01:00:00,onboarding_completed
2365,2026-06-15 00:00:00,signup
2365,2026-06-15 15:00:00,onboarding_started
2365,2026-06-16 02:00:00,onboarding_completed
2365,2026-06-19 02:00:00,project_created
2365,2026-06-21 02:00:00,teammate_invited
2365,2026-06-23 02:00:00,report_created
2365,2026-07-18 00:00:00,dashboard_viewed
2366,2026-03-23 00:00:00,signup
2367,2026-06-22 00:00:00,signup
2367,2026-06-22 13:00:00,onboarding_started
2367,2026-06-22 14:00:00,onboarding_completed
2367,2026-06-24 14:00:00,project_created
2368,2026-02-04 00:00:00,signup
2368,2026-02-04 06:00:00,onboarding_started
2368,2026-02-04 08:00:00,onboarding_completed
2368,2026-02-07 08:00:00,project_created
2369,2026-06-07 00:00:00,signup
2369,2026-06-07 01:00:00,onboarding_started
2369,2026-06-07 08:00:00,onboarding_completed
2370,2026-06-07 00:00:00,signup
2370,2026-06-07 05:00:00,onboarding_started
2371,2026-05-14 00:00:00,signup
2371,2026-05-14 22:00:00,onboarding_started
2371,2026-05-15 06:00:00,onboarding_completed
2371,2026-05-15 06:00:00,project_created
2371,2026-05-16 06:00:00,integration_connected
2371,2026-05-16 06:00:00,report_created
2372,2026-03-08 00:00:00,signup
2372,2026-03-08 02:00:00,onboarding_started
2372,2026-03-08 10:00:00,onboarding_completed
2372,2026-03-08 10:00:00,project_created
2373,2026-03-21 00:00:00,signup
2373,2026-03-21 06:00:00,onboarding_started
2373,2026-03-21 07:00:00,onboarding_completed
2373,2026-03-22 07:00:00,project_created
2373,2026-03-23 07:00:00,report_created
2374,2026-01-07 00:00:00,signup
2375,2026-06-29 00:00:00,signup
2375,2026-06-29 17:00:00,onboarding_started
2375,2026-06-29 18:00:00,onboarding_completed
2375,2026-06-30 18:00:00,project_created
2375,2026-07-06 18:00:00,report_created
2376,2026-01-14 00:00:00,signup
2376,2026-01-14 04:00:00,onboarding_started
2376,2026-01-14 07:00:00,onboarding_completed
2376,2026-01-17 07:00:00,project_created
2376,2026-01-19 07:00:00,integration_connected
2376,2026-01-20 07:00:00,report_created
2376,2026-02-15 00:00:00,dashboard_viewed
2377,2026-03-14 00:00:00,signup
2377,2026-03-14 04:00:00,onboarding_started
2378,2026-05-23 00:00:00,signup
2379,2026-05-29 00:00:00,signup
2379,2026-05-29 13:00:00,onboarding_started
2379,2026-05-29 14:00:00,onboarding_completed
2379,2026-06-01 14:00:00,project_created
2379,2026-06-02 14:00:00,teammate_invited
2380,2026-06-12 00:00:00,signup
2380,2026-06-12 11:00:00,onboarding_started
2380,2026-06-12 12:00:00,onboarding_completed
2380,2026-06-12 12:00:00,project_created
2380,2026-06-13 12:00:00,teammate_invited
2380,2026-07-20 00:00:00,dashboard_viewed
2381,2026-03-07 00:00:00,signup
2381,2026-03-07 22:00:00,onboarding_started
2382,2026-04-01 00:00:00,signup
2382,2026-04-01 13:00:00,onboarding_started
2383,2026-05-10 00:00:00,signup
2384,2026-06-12 00:00:00,signup
2384,2026-06-12 06:00:00,onboarding_started
2384,2026-06-12 07:00:00,onboarding_completed
2385,2026-01-20 00:00:00,signup
2385,2026-01-20 04:00:00,onboarding_started
2386,2026-01-10 00:00:00,signup
2386,2026-01-10 14:00:00,onboarding_started
2387,2026-01-25 00:00:00,signup
2387,2026-01-25 11:00:00,onboarding_started
2388,2026-01-25 00:00:00,signup
2388,2026-01-25 17:00:00,onboarding_started
2388,2026-01-26 03:00:00,onboarding_completed
2389,2026-02-23 00:00:00,signup
2389,2026-02-23 21:00:00,onboarding_started
2389,2026-02-24 08:00:00,onboarding_completed
2389,2026-02-27 08:00:00,project_created
2389,2026-02-28 08:00:00,teammate_invited
2389,2026-03-25 00:00:00,dashboard_viewed
2390,2026-02-02 00:00:00,signup
2390,2026-02-02 19:00:00,onboarding_started
2390,2026-02-02 22:00:00,onboarding_completed
2391,2026-06-13 00:00:00,signup
2391,2026-06-13 11:00:00,onboarding_started
2391,2026-06-13 14:00:00,onboarding_completed
2392,2026-04-05 00:00:00,signup
2392,2026-04-05 01:00:00,onboarding_started
2392,2026-04-05 11:00:00,onboarding_completed
2393,2026-01-14 00:00:00,signup
2393,2026-01-14 11:00:00,onboarding_started
2393,2026-01-14 16:00:00,onboarding_completed
2393,2026-01-15 16:00:00,project_created
2394,2026-03-06 00:00:00,signup
2394,2026-03-06 07:00:00,onboarding_started
2395,2026-04-20 00:00:00,signup
2395,2026-04-20 23:00:00,onboarding_started
2395,2026-04-21 10:00:00,onboarding_completed
2395,2026-04-24 10:00:00,project_created
2395,2026-04-25 10:00:00,teammate_invited
2395,2026-04-27 10:00:00,report_created
2396,2026-03-21 00:00:00,signup
2396,2026-03-21 04:00:00,onboarding_started
2396,2026-03-21 05:00:00,onboarding_completed
2396,2026-03-21 05:00:00,project_created
2397,2026-02-23 00:00:00,signup
2397,2026-02-23 03:00:00,onboarding_started
2398,2026-05-05 00:00:00,signup
2398,2026-05-05 06:00:00,onboarding_started
2398,2026-05-05 16:00:00,onboarding_completed
2398,2026-05-06 16:00:00,project_created
2398,2026-05-07 16:00:00,teammate_invited
2398,2026-05-07 16:00:00,integration_connected
2398,2026-06-13 00:00:00,dashboard_viewed
2399,2026-06-29 00:00:00,signup
2399,2026-06-29 11:00:00,onboarding_started
2399,2026-06-29 18:00:00,onboarding_completed
2399,2026-07-01 18:00:00,project_created
2399,2026-07-05 18:00:00,report_created
2399,2026-08-03 00:00:00,dashboard_viewed
2400,2026-05-11 00:00:00,signup
2400,2026-05-11 02:00:00,onboarding_started
2401,2026-06-18 00:00:00,signup
2401,2026-06-18 16:00:00,onboarding_started
2401,2026-06-19 00:00:00,onboarding_completed
2402,2026-05-14 00:00:00,signup
2402,2026-05-14 12:00:00,onboarding_started
2403,2026-01-25 00:00:00,signup
2404,2026-05-21 00:00:00,signup
2405,2026-04-27 00:00:00,signup
2406,2026-05-16 00:00:00,signup
2406,2026-05-16 04:00:00,onboarding_started
2406,2026-05-16 15:00:00,onboarding_completed
2406,2026-05-19 15:00:00,project_created
2406,2026-05-21 15:00:00,integration_connected
2407,2026-05-29 00:00:00,signup
2407,2026-05-29 13:00:00,onboarding_started
2408,2026-01-25 00:00:00,signup
2408,2026-01-25 14:00:00,onboarding_started
2408,2026-01-26 00:00:00,onboarding_completed
2408,2026-01-28 00:00:00,project_created
2408,2026-01-30 00:00:00,teammate_invited
2408,2026-02-03 00:00:00,report_created
2409,2026-03-20 00:00:00,signup
2409,2026-03-20 19:00:00,onboarding_started
2409,2026-03-21 03:00:00,onboarding_completed
2410,2026-03-09 00:00:00,signup
2411,2026-06-22 00:00:00,signup
2411,2026-06-22 18:00:00,onboarding_started
2411,2026-06-23 01:00:00,onboarding_completed
2411,2026-06-26 01:00:00,project_created
2412,2026-01-12 00:00:00,signup
2412,2026-01-12 07:00:00,onboarding_started
2412,2026-01-12 16:00:00,onboarding_completed
2413,2026-02-01 00:00:00,signup
2414,2026-05-08 00:00:00,signup
2414,2026-05-08 22:00:00,onboarding_started
2415,2026-04-06 00:00:00,signup
2415,2026-04-06 11:00:00,onboarding_started
2415,2026-04-06 16:00:00,onboarding_completed
2416,2026-04-02 00:00:00,signup
2416,2026-04-02 10:00:00,onboarding_started
2416,2026-04-02 16:00:00,onboarding_completed
2416,2026-04-02 16:00:00,project_created
2416,2026-04-04 16:00:00,report_created
2417,2026-05-21 00:00:00,signup
2417,2026-05-21 18:00:00,onboarding_started
2417,2026-05-22 01:00:00,onboarding_completed
2418,2026-01-31 00:00:00,signup
2418,2026-01-31 17:00:00,onboarding_started
2418,2026-01-31 21:00:00,onboarding_completed
2419,2026-03-19 00:00:00,signup
2419,2026-03-19 22:00:00,onboarding_started
2420,2026-01-20 00:00:00,signup
2420,2026-01-20 19:00:00,onboarding_started
2420,2026-01-21 05:00:00,onboarding_completed
2421,2026-05-26 00:00:00,signup
2421,2026-05-26 04:00:00,onboarding_started
2421,2026-05-26 14:00:00,onboarding_completed
2421,2026-05-27 14:00:00,project_created
2422,2026-03-01 00:00:00,signup
2423,2026-05-14 00:00:00,signup
2423,2026-05-14 14:00:00,onboarding_started
2423,2026-05-14 17:00:00,onboarding_completed
2423,2026-05-16 17:00:00,project_created
2423,2026-05-18 17:00:00,integration_connected
2423,2026-05-20 17:00:00,report_created
2424,2026-06-09 00:00:00,signup
2425,2026-04-03 00:00:00,signup
2425,2026-04-03 04:00:00,onboarding_started
2426,2026-02-12 00:00:00,signup
2426,2026-02-12 09:00:00,onboarding_started
2426,2026-02-12 10:00:00,onboarding_completed
2426,2026-02-15 10:00:00,project_created
2426,2026-02-16 10:00:00,integration_connected
2426,2026-02-18 10:00:00,report_created
2426,2026-03-24 00:00:00,dashboard_viewed
2427,2026-05-10 00:00:00,signup
2427,2026-05-10 06:00:00,onboarding_started
2427,2026-05-10 17:00:00,onboarding_completed
2427,2026-05-10 17:00:00,project_created
2427,2026-05-10 17:00:00,teammate_invited
2427,2026-05-14 17:00:00,integration_connected
2427,2026-06-09 00:00:00,dashboard_viewed
2428,2026-03-01 00:00:00,signup
2428,2026-03-01 01:00:00,onboarding_started
2428,2026-03-01 07:00:00,onboarding_completed
2428,2026-03-02 07:00:00,project_created
2428,2026-03-04 07:00:00,teammate_invited
2428,2026-03-07 07:00:00,report_created
2428,2026-04-04 00:00:00,dashboard_viewed
2429,2026-05-31 00:00:00,signup
2429,2026-05-31 20:00:00,onboarding_started
2429,2026-05-31 22:00:00,onboarding_completed
2430,2026-01-31 00:00:00,signup
2430,2026-01-31 15:00:00,onboarding_started
2430,2026-01-31 22:00:00,onboarding_completed
2430,2026-02-02 22:00:00,project_created
2431,2026-01-05 00:00:00,signup
2431,2026-01-05 02:00:00,onboarding_started
2431,2026-01-05 11:00:00,onboarding_completed
2432,2026-06-11 00:00:00,signup
2432,2026-06-11 13:00:00,onboarding_started
2433,2026-01-10 00:00:00,signup
2433,2026-01-10 04:00:00,onboarding_started
2433,2026-01-10 15:00:00,onboarding_completed
2433,2026-01-12 15:00:00,project_created
2433,2026-01-13 15:00:00,report_created
2434,2026-03-30 00:00:00,signup
2434,2026-03-30 03:00:00,onboarding_started
2435,2026-05-10 00:00:00,signup
2435,2026-05-10 03:00:00,onboarding_started
2436,2026-05-06 00:00:00,signup
2436,2026-05-06 05:00:00,onboarding_started
2436,2026-05-06 12:00:00,onboarding_completed
2437,2026-01-11 00:00:00,signup
2438,2026-06-27 00:00:00,signup
2438,2026-06-27 09:00:00,onboarding_started
2438,2026-06-27 19:00:00,onboarding_completed
2438,2026-06-27 19:00:00,project_created
2438,2026-06-30 19:00:00,report_created
2439,2026-06-08 00:00:00,signup
2439,2026-06-08 09:00:00,onboarding_started
2439,2026-06-08 11:00:00,onboarding_completed
2439,2026-06-10 11:00:00,project_created
2439,2026-06-10 11:00:00,teammate_invited
2440,2026-02-25 00:00:00,signup
2440,2026-02-25 13:00:00,onboarding_started
2440,2026-02-25 23:00:00,onboarding_completed
2440,2026-02-27 23:00:00,project_created
2440,2026-03-05 23:00:00,report_created
2440,2026-03-30 00:00:00,dashboard_viewed
2441,2026-03-24 00:00:00,signup
2441,2026-03-24 05:00:00,onboarding_started
2442,2026-05-17 00:00:00,signup
2443,2026-04-09 00:00:00,signup
2444,2026-05-29 00:00:00,signup
2444,2026-05-29 08:00:00,onboarding_started
2444,2026-05-29 11:00:00,onboarding_completed
2444,2026-05-30 11:00:00,project_created
2444,2026-06-03 11:00:00,report_created
2445,2026-03-14 00:00:00,signup
2445,2026-03-14 13:00:00,onboarding_started
2445,2026-03-14 23:00:00,onboarding_completed
2445,2026-03-17 23:00:00,project_created
2445,2026-03-21 23:00:00,integration_connected
2445,2026-04-21 00:00:00,dashboard_viewed
2446,2026-06-05 00:00:00,signup
2446,2026-06-05 20:00:00,onboarding_started
2447,2026-04-25 00:00:00,signup
2448,2026-01-07 00:00:00,signup
2448,2026-01-07 17:00:00,onboarding_started
2449,2026-03-21 00:00:00,signup
2449,2026-03-21 12:00:00,onboarding_started
2449,2026-03-21 21:00:00,onboarding_completed
2449,2026-03-23 21:00:00,project_created
2449,2026-03-26 21:00:00,integration_connected
2450,2026-05-24 00:00:00,signup
2450,2026-05-24 03:00:00,onboarding_started
2451,2026-04-07 00:00:00,signup
2452,2026-01-04 00:00:00,signup
2453,2026-01-04 00:00:00,signup
2453,2026-01-04 03:00:00,onboarding_started
2453,2026-01-04 09:00:00,onboarding_completed
2453,2026-01-04 09:00:00,project_created
2453,2026-01-06 09:00:00,teammate_invited
2454,2026-04-13 00:00:00,signup
2454,2026-04-13 20:00:00,onboarding_started
2454,2026-04-14 01:00:00,onboarding_completed
2455,2026-02-09 00:00:00,signup
2455,2026-02-09 23:00:00,onboarding_started
2455,2026-02-10 06:00:00,onboarding_completed
2455,2026-02-10 06:00:00,project_created
2455,2026-02-11 06:00:00,teammate_invited
2455,2026-03-19 00:00:00,dashboard_viewed
2456,2026-01-17 00:00:00,signup
2456,2026-01-17 20:00:00,onboarding_started
2456,2026-01-18 04:00:00,onboarding_completed
2457,2026-04-11 00:00:00,signup
2457,2026-04-11 06:00:00,onboarding_started
2457,2026-04-11 15:00:00,onboarding_completed
2457,2026-04-14 15:00:00,project_created
2458,2026-04-13 00:00:00,signup
2458,2026-04-13 21:00:00,onboarding_started
2458,2026-04-14 07:00:00,onboarding_completed
2458,2026-04-17 07:00:00,project_created
2458,2026-04-18 07:00:00,teammate_invited
2458,2026-05-16 00:00:00,dashboard_viewed
2459,2026-05-04 00:00:00,signup
2459,2026-05-04 05:00:00,onboarding_started
2459,2026-05-04 15:00:00,onboarding_completed
2459,2026-05-05 15:00:00,project_created
2459,2026-05-06 15:00:00,teammate_invited
2459,2026-05-07 15:00:00,integration_connected
2459,2026-05-09 15:00:00,report_created
2459,2026-06-07 00:00:00,dashboard_viewed
2460,2026-02-21 00:00:00,signup
2461,2026-02-21 00:00:00,signup
2461,2026-02-21 10:00:00,onboarding_started
2461,2026-02-21 17:00:00,onboarding_completed
2461,2026-02-21 17:00:00,project_created
2461,2026-02-22 17:00:00,teammate_invited
2462,2026-06-13 00:00:00,signup
2462,2026-06-13 08:00:00,onboarding_started
2463,2026-05-04 00:00:00,signup
2463,2026-05-04 05:00:00,onboarding_started
2463,2026-05-04 15:00:00,onboarding_completed
2464,2026-06-15 00:00:00,signup
2464,2026-06-15 15:00:00,onboarding_started
2464,2026-06-15 19:00:00,onboarding_completed
2464,2026-06-15 19:00:00,project_created
2464,2026-06-21 19:00:00,report_created
2464,2026-07-23 00:00:00,dashboard_viewed
2465,2026-06-27 00:00:00,signup
2466,2026-03-04 00:00:00,signup
2466,2026-03-04 16:00:00,onboarding_started
2467,2026-04-26 00:00:00,signup
2467,2026-04-26 15:00:00,onboarding_started
2468,2026-03-03 00:00:00,signup
2469,2026-01-07 00:00:00,signup
2470,2026-06-04 00:00:00,signup
2470,2026-06-04 04:00:00,onboarding_started
2471,2026-04-02 00:00:00,signup
2471,2026-04-02 07:00:00,onboarding_started
2471,2026-04-02 10:00:00,onboarding_completed
2471,2026-04-03 10:00:00,project_created
2471,2026-05-02 00:00:00,dashboard_viewed
2472,2026-01-14 00:00:00,signup
2472,2026-01-14 04:00:00,onboarding_started
2472,2026-01-14 11:00:00,onboarding_completed
2472,2026-01-16 11:00:00,project_created
2472,2026-01-18 11:00:00,teammate_invited
2472,2026-01-20 11:00:00,report_created
2473,2026-03-27 00:00:00,signup
2473,2026-03-27 23:00:00,onboarding_started
2473,2026-03-28 07:00:00,onboarding_completed
2474,2026-05-13 00:00:00,signup
2474,2026-05-13 07:00:00,onboarding_started
2475,2026-05-10 00:00:00,signup
2475,2026-05-10 13:00:00,onboarding_started
2476,2026-03-03 00:00:00,signup
2476,2026-03-03 13:00:00,onboarding_started
2476,2026-03-03 15:00:00,onboarding_completed
2476,2026-03-04 15:00:00,project_created
2476,2026-03-04 15:00:00,teammate_invited
2476,2026-03-06 15:00:00,report_created
2476,2026-03-07 15:00:00,integration_connected
2476,2026-04-05 00:00:00,dashboard_viewed
2477,2026-05-29 00:00:00,signup
2477,2026-05-29 02:00:00,onboarding_started
2478,2026-03-20 00:00:00,signup
2478,2026-03-20 04:00:00,onboarding_started
2478,2026-03-20 12:00:00,onboarding_completed
2478,2026-03-23 12:00:00,project_created
2478,2026-03-23 12:00:00,integration_connected
2478,2026-03-24 12:00:00,teammate_invited
2478,2026-04-23 00:00:00,dashboard_viewed
2479,2026-05-29 00:00:00,signup
2479,2026-05-29 01:00:00,onboarding_started
2479,2026-05-29 07:00:00,onboarding_completed
2479,2026-06-01 07:00:00,project_created
2480,2026-05-18 00:00:00,signup
2480,2026-05-18 02:00:00,onboarding_started
2480,2026-05-18 06:00:00,onboarding_completed
2480,2026-05-20 06:00:00,project_created
2480,2026-05-25 06:00:00,report_created
2481,2026-02-27 00:00:00,signup
2481,2026-02-27 01:00:00,onboarding_started
2481,2026-02-27 02:00:00,onboarding_completed
2481,2026-03-02 02:00:00,project_created
2481,2026-03-02 02:00:00,teammate_invited
2481,2026-03-06 02:00:00,report_created
2481,2026-04-07 00:00:00,dashboard_viewed
2482,2026-04-30 00:00:00,signup
2482,2026-04-30 19:00:00,onboarding_started
2482,2026-04-30 21:00:00,onboarding_completed
2482,2026-05-03 21:00:00,project_created
2482,2026-06-05 00:00:00,dashboard_viewed
2483,2026-06-16 00:00:00,signup
2483,2026-06-16 08:00:00,onboarding_started
2483,2026-06-16 19:00:00,onboarding_completed
2483,2026-06-18 19:00:00,project_created
2483,2026-06-19 19:00:00,teammate_invited
2483,2026-06-19 19:00:00,report_created
2483,2026-07-21 00:00:00,dashboard_viewed
2484,2026-05-13 00:00:00,signup
2484,2026-05-13 22:00:00,onboarding_started
2484,2026-05-14 00:00:00,onboarding_completed
2484,2026-05-15 00:00:00,project_created
2484,2026-05-16 00:00:00,report_created
2485,2026-03-06 00:00:00,signup
2485,2026-03-06 17:00:00,onboarding_started
2485,2026-03-07 00:00:00,onboarding_completed
2485,2026-03-08 00:00:00,project_created
2485,2026-03-08 00:00:00,teammate_invited
2486,2026-01-13 00:00:00,signup
2486,2026-01-13 09:00:00,onboarding_started
2486,2026-01-13 20:00:00,onboarding_completed
2487,2026-06-30 00:00:00,signup
2487,2026-06-30 18:00:00,onboarding_started
2487,2026-07-01 01:00:00,onboarding_completed
2487,2026-07-01 01:00:00,project_created
2487,2026-07-02 01:00:00,teammate_invited
2488,2026-03-23 00:00:00,signup
2488,2026-03-23 22:00:00,onboarding_started
2488,2026-03-24 04:00:00,onboarding_completed
2488,2026-03-26 04:00:00,project_created
2488,2026-03-26 04:00:00,teammate_invited
2488,2026-03-28 04:00:00,report_created
2489,2026-06-22 00:00:00,signup
2489,2026-06-22 01:00:00,onboarding_started
2489,2026-06-22 05:00:00,onboarding_completed
2490,2026-06-09 00:00:00,signup
2490,2026-06-09 14:00:00,onboarding_started
2490,2026-06-10 01:00:00,onboarding_completed
2490,2026-06-12 01:00:00,project_created
2490,2026-06-16 01:00:00,integration_connected
2490,2026-07-10 00:00:00,dashboard_viewed
2491,2026-06-13 00:00:00,signup
2491,2026-06-13 12:00:00,onboarding_started
2491,2026-06-13 20:00:00,onboarding_completed
2491,2026-06-13 20:00:00,project_created
2491,2026-06-15 20:00:00,report_created
2492,2026-05-19 00:00:00,signup
2492,2026-05-19 09:00:00,onboarding_started
2492,2026-05-19 20:00:00,onboarding_completed
2492,2026-05-19 20:00:00,project_created
2492,2026-05-21 20:00:00,integration_connected
2492,2026-05-21 20:00:00,report_created
2493,2026-05-29 00:00:00,signup
2493,2026-05-29 02:00:00,onboarding_started
2493,2026-05-29 10:00:00,onboarding_completed
2494,2026-02-21 00:00:00,signup
2494,2026-02-21 11:00:00,onboarding_started
2494,2026-02-21 21:00:00,onboarding_completed
2494,2026-02-23 21:00:00,project_created
2495,2026-04-27 00:00:00,signup
2495,2026-04-27 13:00:00,onboarding_started
2495,2026-04-27 16:00:00,onboarding_completed
2495,2026-04-29 16:00:00,project_created
2496,2026-01-26 00:00:00,signup
2496,2026-01-26 01:00:00,onboarding_started
2496,2026-01-26 05:00:00,onboarding_completed
2496,2026-01-27 05:00:00,project_created
2496,2026-01-29 05:00:00,report_created
2497,2026-02-03 00:00:00,signup
2497,2026-02-03 10:00:00,onboarding_started
2498,2026-02-21 00:00:00,signup
2498,2026-02-21 23:00:00,onboarding_started
2498,2026-02-22 08:00:00,onboarding_completed
2498,2026-02-24 08:00:00,project_created
2498,2026-02-24 08:00:00,teammate_invited
2498,2026-02-25 08:00:00,report_created
2498,2026-03-29 00:00:00,dashboard_viewed
2499,2026-04-22 00:00:00,signup
2499,2026-04-22 21:00:00,onboarding_started
2499,2026-04-23 04:00:00,onboarding_completed
2499,2026-04-26 04:00:00,project_created
2499,2026-04-30 04:00:00,report_created
2500,2026-03-23 00:00:00,signup
2501,2026-06-29 00:00:00,signup
2501,2026-06-29 05:00:00,onboarding_started
2501,2026-06-29 13:00:00,onboarding_completed
2501,2026-07-02 13:00:00,project_created
2501,2026-07-04 13:00:00,teammate_invited
2501,2026-07-04 13:00:00,report_created
2501,2026-08-02 00:00:00,dashboard_viewed
2502,2026-06-06 00:00:00,signup
2503,2026-06-15 00:00:00,signup
2503,2026-06-15 10:00:00,onboarding_started
2503,2026-06-15 17:00:00,onboarding_completed
2503,2026-06-18 17:00:00,project_created
2503,2026-06-23 17:00:00,report_created
2504,2026-02-11 00:00:00,signup
2505,2026-01-21 00:00:00,signup
2505,2026-01-21 02:00:00,onboarding_started
2505,2026-01-21 05:00:00,onboarding_completed
2506,2026-02-11 00:00:00,signup
2506,2026-02-11 05:00:00,onboarding_started
2506,2026-02-11 09:00:00,onboarding_completed
2506,2026-02-11 09:00:00,project_created
2506,2026-02-16 09:00:00,report_created
2507,2026-05-21 00:00:00,signup
2507,2026-05-21 20:00:00,onboarding_started
2507,2026-05-22 03:00:00,onboarding_completed
2507,2026-05-24 03:00:00,project_created
2507,2026-05-30 03:00:00,report_created
2508,2026-04-23 00:00:00,signup
2508,2026-04-23 14:00:00,onboarding_started
2509,2026-04-15 00:00:00,signup
2509,2026-04-15 20:00:00,onboarding_started
2509,2026-04-16 04:00:00,onboarding_completed
2510,2026-01-17 00:00:00,signup
2510,2026-01-17 08:00:00,onboarding_started
2510,2026-01-17 17:00:00,onboarding_completed
2510,2026-01-19 17:00:00,project_created
2510,2026-01-23 17:00:00,integration_connected
2510,2026-02-18 00:00:00,dashboard_viewed
2511,2026-04-30 00:00:00,signup
2512,2026-05-17 00:00:00,signup
2512,2026-05-17 23:00:00,onboarding_started
2513,2026-06-18 00:00:00,signup
2513,2026-06-18 14:00:00,onboarding_started
2513,2026-06-18 22:00:00,onboarding_completed
2513,2026-06-19 22:00:00,project_created
2513,2026-06-20 22:00:00,integration_connected
2513,2026-06-21 22:00:00,teammate_invited
2513,2026-06-21 22:00:00,report_created
2513,2026-07-19 00:00:00,dashboard_viewed
2514,2026-05-09 00:00:00,signup
2514,2026-05-09 15:00:00,onboarding_started
2514,2026-05-10 00:00:00,onboarding_completed
2514,2026-05-10 00:00:00,project_created
2514,2026-05-13 00:00:00,integration_connected
2515,2026-05-10 00:00:00,signup
2515,2026-05-10 03:00:00,onboarding_started
2515,2026-05-10 06:00:00,onboarding_completed
2516,2026-03-01 00:00:00,signup
2516,2026-03-01 13:00:00,onboarding_started
2516,2026-03-01 22:00:00,onboarding_completed
2516,2026-03-03 22:00:00,project_created
2517,2026-02-17 00:00:00,signup
2517,2026-02-17 21:00:00,onboarding_started
2518,2026-01-29 00:00:00,signup
2518,2026-01-29 06:00:00,onboarding_started
2519,2026-04-07 00:00:00,signup
2520,2026-01-10 00:00:00,signup
2520,2026-01-10 21:00:00,onboarding_started
2521,2026-02-27 00:00:00,signup
2521,2026-02-27 20:00:00,onboarding_started
2521,2026-02-28 06:00:00,onboarding_completed
2522,2026-01-21 00:00:00,signup
2523,2026-01-28 00:00:00,signup
2523,2026-01-28 16:00:00,onboarding_started
2523,2026-01-28 20:00:00,onboarding_completed
2523,2026-01-30 20:00:00,project_created
2523,2026-01-31 20:00:00,teammate_invited
2524,2026-02-03 00:00:00,signup
2525,2026-01-08 00:00:00,signup
2525,2026-01-08 09:00:00,onboarding_started
2526,2026-06-26 00:00:00,signup
2526,2026-06-26 16:00:00,onboarding_started
2527,2026-03-20 00:00:00,signup
2527,2026-03-20 16:00:00,onboarding_started
2527,2026-03-20 22:00:00,onboarding_completed
2527,2026-03-20 22:00:00,project_created
2527,2026-03-22 22:00:00,report_created
2527,2026-03-23 22:00:00,integration_connected
2528,2026-05-25 00:00:00,signup
2528,2026-05-25 14:00:00,onboarding_started
2528,2026-05-25 20:00:00,onboarding_completed
2529,2026-03-28 00:00:00,signup
2529,2026-03-28 18:00:00,onboarding_started
2530,2026-03-29 00:00:00,signup
2530,2026-03-29 16:00:00,onboarding_started
2531,2026-06-22 00:00:00,signup
2531,2026-06-22 11:00:00,onboarding_started
2531,2026-06-22 21:00:00,onboarding_completed
2531,2026-06-22 21:00:00,project_created
2531,2026-06-23 21:00:00,teammate_invited
2531,2026-06-25 21:00:00,integration_connected
2531,2026-07-29 00:00:00,dashboard_viewed
2532,2026-03-10 00:00:00,signup
2532,2026-03-10 21:00:00,onboarding_started
2533,2026-06-09 00:00:00,signup
2533,2026-06-09 10:00:00,onboarding_started
2533,2026-06-09 14:00:00,onboarding_completed
2533,2026-06-12 14:00:00,project_created
2533,2026-06-12 14:00:00,integration_connected
2533,2026-06-16 14:00:00,report_created
2534,2026-06-21 00:00:00,signup
2534,2026-06-21 10:00:00,onboarding_started
2535,2026-03-28 00:00:00,signup
2535,2026-03-28 20:00:00,onboarding_started
2535,2026-03-28 22:00:00,onboarding_completed
2535,2026-03-28 22:00:00,project_created
2535,2026-04-03 22:00:00,report_created
2536,2026-04-11 00:00:00,signup
2536,2026-04-11 18:00:00,onboarding_started
2536,2026-04-11 22:00:00,onboarding_completed
2536,2026-04-13 22:00:00,project_created
2536,2026-04-16 22:00:00,integration_connected
2536,2026-05-20 00:00:00,dashboard_viewed
2537,2026-01-08 00:00:00,signup
2537,2026-01-08 08:00:00,onboarding_started
2538,2026-03-18 00:00:00,signup
2538,2026-03-18 18:00:00,onboarding_started
2538,2026-03-18 19:00:00,onboarding_completed
2539,2026-03-28 00:00:00,signup
2539,2026-03-28 10:00:00,onboarding_started
2539,2026-03-28 20:00:00,onboarding_completed
2539,2026-03-29 20:00:00,project_created
2539,2026-03-30 20:00:00,integration_connected
2539,2026-04-29 00:00:00,dashboard_viewed
2540,2026-02-12 00:00:00,signup
2540,2026-02-12 04:00:00,onboarding_started
2540,2026-02-12 11:00:00,onboarding_completed
2540,2026-02-14 11:00:00,project_created
2540,2026-02-16 11:00:00,teammate_invited
2541,2026-05-09 00:00:00,signup
2541,2026-05-09 21:00:00,onboarding_started
2542,2026-04-19 00:00:00,signup
2542,2026-04-19 05:00:00,onboarding_started
2543,2026-06-28 00:00:00,signup
2544,2026-06-01 00:00:00,signup
2544,2026-06-01 03:00:00,onboarding_started
2545,2026-06-01 00:00:00,signup
2545,2026-06-01 22:00:00,onboarding_started
2545,2026-06-02 09:00:00,onboarding_completed
2545,2026-06-04 09:00:00,project_created
2545,2026-06-04 09:00:00,teammate_invited
2545,2026-06-06 09:00:00,integration_connected
2545,2026-06-10 09:00:00,report_created
2546,2026-01-17 00:00:00,signup
2546,2026-01-17 09:00:00,onboarding_started
2546,2026-01-17 12:00:00,onboarding_completed
2546,2026-01-17 12:00:00,project_created
2546,2026-01-18 12:00:00,teammate_invited
2546,2026-01-18 12:00:00,report_created
2547,2026-05-13 00:00:00,signup
2548,2026-05-28 00:00:00,signup
2548,2026-05-28 19:00:00,onboarding_started
2548,2026-05-28 23:00:00,onboarding_completed
2548,2026-05-31 23:00:00,project_created
2548,2026-06-03 23:00:00,integration_connected
2549,2026-01-21 00:00:00,signup
2549,2026-01-21 10:00:00,onboarding_started
2550,2026-02-27 00:00:00,signup
2550,2026-02-27 04:00:00,onboarding_started
2550,2026-02-27 10:00:00,onboarding_completed
2550,2026-02-28 10:00:00,project_created
2550,2026-03-05 10:00:00,report_created
2551,2026-06-08 00:00:00,signup
2551,2026-06-08 21:00:00,onboarding_started
2551,2026-06-09 00:00:00,onboarding_completed
2551,2026-06-12 00:00:00,project_created
2551,2026-06-12 00:00:00,integration_connected
2552,2026-04-20 00:00:00,signup
2552,2026-04-20 10:00:00,onboarding_started
2552,2026-04-20 13:00:00,onboarding_completed
2552,2026-04-20 13:00:00,project_created
2552,2026-04-25 13:00:00,report_created
2552,2026-05-24 00:00:00,dashboard_viewed
2553,2026-05-19 00:00:00,signup
2553,2026-05-19 09:00:00,onboarding_started
2554,2026-06-29 00:00:00,signup
2555,2026-05-23 00:00:00,signup
2555,2026-05-23 09:00:00,onboarding_started
2555,2026-05-23 18:00:00,onboarding_completed
2555,2026-05-23 18:00:00,project_created
2555,2026-05-25 18:00:00,report_created
2555,2026-06-24 00:00:00,dashboard_viewed
2556,2026-05-15 00:00:00,signup
2556,2026-05-15 23:00:00,onboarding_started
2556,2026-05-16 04:00:00,onboarding_completed
2557,2026-01-28 00:00:00,signup
2557,2026-01-28 01:00:00,onboarding_started
2557,2026-01-28 10:00:00,onboarding_completed
2558,2026-02-20 00:00:00,signup
2558,2026-02-20 10:00:00,onboarding_started
2558,2026-02-20 17:00:00,onboarding_completed
2558,2026-02-20 17:00:00,project_created
2558,2026-02-20 17:00:00,integration_connected
2558,2026-02-21 17:00:00,teammate_invited
2559,2026-01-05 00:00:00,signup
2559,2026-01-05 11:00:00,onboarding_started
2559,2026-01-05 21:00:00,onboarding_completed
2559,2026-01-07 21:00:00,project_created
2559,2026-01-07 21:00:00,teammate_invited
2559,2026-02-09 00:00:00,dashboard_viewed
2560,2026-01-05 00:00:00,signup
2560,2026-01-05 19:00:00,onboarding_started
2560,2026-01-06 01:00:00,onboarding_completed
2560,2026-01-08 01:00:00,project_created
2560,2026-01-08 01:00:00,integration_connected
2560,2026-01-13 01:00:00,report_created
2561,2026-04-04 00:00:00,signup
2561,2026-04-04 02:00:00,onboarding_started
2561,2026-04-04 07:00:00,onboarding_completed
2561,2026-04-07 07:00:00,project_created
2561,2026-04-07 07:00:00,teammate_invited
2561,2026-04-09 07:00:00,integration_connected
2561,2026-04-09 07:00:00,report_created
2561,2026-05-10 00:00:00,dashboard_viewed
2562,2026-04-06 00:00:00,signup
2562,2026-04-06 13:00:00,onboarding_started
2562,2026-04-06 18:00:00,onboarding_completed
2562,2026-04-08 18:00:00,project_created
2562,2026-04-09 18:00:00,teammate_invited
2562,2026-04-12 18:00:00,report_created
2562,2026-05-10 00:00:00,dashboard_viewed
2563,2026-01-08 00:00:00,signup
2563,2026-01-08 12:00:00,onboarding_started
2564,2026-03-05 00:00:00,signup
2564,2026-03-05 08:00:00,onboarding_started
2565,2026-05-18 00:00:00,signup
2565,2026-05-18 03:00:00,onboarding_started
2566,2026-02-07 00:00:00,signup
2566,2026-02-07 17:00:00,onboarding_started
2566,2026-02-08 00:00:00,onboarding_completed
2566,2026-02-08 00:00:00,project_created
2566,2026-02-10 00:00:00,teammate_invited
2566,2026-02-13 00:00:00,report_created
2566,2026-03-09 00:00:00,dashboard_viewed
2567,2026-04-21 00:00:00,signup
2567,2026-04-21 08:00:00,onboarding_started
2567,2026-04-21 11:00:00,onboarding_completed
2567,2026-04-24 11:00:00,project_created
2567,2026-04-26 11:00:00,report_created
2568,2026-04-22 00:00:00,signup
2568,2026-04-22 11:00:00,onboarding_started
2569,2026-03-22 00:00:00,signup
2569,2026-03-22 14:00:00,onboarding_started
2569,2026-03-22 17:00:00,onboarding_completed
2569,2026-03-23 17:00:00,project_created
2569,2026-03-24 17:00:00,teammate_invited
2569,2026-04-26 00:00:00,dashboard_viewed
2570,2026-05-16 00:00:00,signup
2570,2026-05-16 13:00:00,onboarding_started
2571,2026-04-14 00:00:00,signup
2571,2026-04-14 08:00:00,onboarding_started
2571,2026-04-14 11:00:00,onboarding_completed
2571,2026-04-14 11:00:00,project_created
2571,2026-04-15 11:00:00,teammate_invited
2571,2026-04-16 11:00:00,integration_connected
2571,2026-04-20 11:00:00,report_created
2571,2026-05-15 00:00:00,dashboard_viewed
2572,2026-06-02 00:00:00,signup
2572,2026-06-02 07:00:00,onboarding_started
2572,2026-06-02 08:00:00,onboarding_completed
2572,2026-06-03 08:00:00,project_created
2573,2026-03-14 00:00:00,signup
2573,2026-03-14 14:00:00,onboarding_started
2574,2026-06-27 00:00:00,signup
2574,2026-06-27 12:00:00,onboarding_started
2574,2026-06-27 19:00:00,onboarding_completed
2575,2026-02-18 00:00:00,signup
2576,2026-02-05 00:00:00,signup
2576,2026-02-05 12:00:00,onboarding_started
2576,2026-02-05 20:00:00,onboarding_completed
2576,2026-02-08 20:00:00,project_created
2576,2026-02-09 20:00:00,teammate_invited
2576,2026-02-14 20:00:00,report_created
2576,2026-03-12 00:00:00,dashboard_viewed
2577,2026-05-06 00:00:00,signup
2577,2026-05-06 12:00:00,onboarding_started
2577,2026-05-06 18:00:00,onboarding_completed
2577,2026-05-09 18:00:00,project_created
2577,2026-05-11 18:00:00,report_created
2578,2026-03-09 00:00:00,signup
2579,2026-03-19 00:00:00,signup
2579,2026-03-19 18:00:00,onboarding_started
2579,2026-03-20 02:00:00,onboarding_completed
2580,2026-04-15 00:00:00,signup
2580,2026-04-15 22:00:00,onboarding_started
2580,2026-04-16 02:00:00,onboarding_completed
2581,2026-06-18 00:00:00,signup
2581,2026-06-18 20:00:00,onboarding_started
2582,2026-05-02 00:00:00,signup
2582,2026-05-02 18:00:00,onboarding_started
2583,2026-04-29 00:00:00,signup
2583,2026-04-29 18:00:00,onboarding_started
2584,2026-04-24 00:00:00,signup
2584,2026-04-24 22:00:00,onboarding_started
2585,2026-01-10 00:00:00,signup
2585,2026-01-10 22:00:00,onboarding_started
2585,2026-01-11 03:00:00,onboarding_completed
2585,2026-01-14 03:00:00,project_created
2585,2026-01-15 03:00:00,teammate_invited
2585,2026-02-12 00:00:00,dashboard_viewed
2586,2026-05-29 00:00:00,signup
2586,2026-05-29 17:00:00,onboarding_started
2586,2026-05-30 01:00:00,onboarding_completed
2586,2026-06-02 01:00:00,project_created
2586,2026-06-04 01:00:00,teammate_invited
2587,2026-06-13 00:00:00,signup
2587,2026-06-13 18:00:00,onboarding_started
2587,2026-06-13 22:00:00,onboarding_completed
2587,2026-06-13 22:00:00,project_created
2588,2026-05-20 00:00:00,signup
2589,2026-04-01 00:00:00,signup
2589,2026-04-01 07:00:00,onboarding_started
2590,2026-01-02 00:00:00,signup
2590,2026-01-02 04:00:00,onboarding_started
2591,2026-04-28 00:00:00,signup
2591,2026-04-28 21:00:00,onboarding_started
2591,2026-04-28 23:00:00,onboarding_completed
2592,2026-01-13 00:00:00,signup
2592,2026-01-13 02:00:00,onboarding_started
2592,2026-01-13 04:00:00,onboarding_completed
2592,2026-01-16 04:00:00,project_created
2592,2026-01-22 04:00:00,report_created
2593,2026-06-30 00:00:00,signup
2593,2026-06-30 18:00:00,onboarding_started
2593,2026-06-30 22:00:00,onboarding_completed
2594,2026-06-09 00:00:00,signup
2595,2026-04-05 00:00:00,signup
2595,2026-04-05 20:00:00,onboarding_started
2596,2026-05-24 00:00:00,signup
2597,2026-02-01 00:00:00,signup
2597,2026-02-01 13:00:00,onboarding_started
2597,2026-02-01 17:00:00,onboarding_completed
2597,2026-02-02 17:00:00,project_created
2597,2026-02-04 17:00:00,teammate_invited
2597,2026-02-04 17:00:00,report_created
2598,2026-02-01 00:00:00,signup
2598,2026-02-01 13:00:00,onboarding_started
2598,2026-02-01 22:00:00,onboarding_completed
2598,2026-02-03 22:00:00,project_created
2598,2026-02-05 22:00:00,report_created
2599,2026-05-04 00:00:00,signup
2599,2026-05-04 08:00:00,onboarding_started
2599,2026-05-04 15:00:00,onboarding_completed
2600,2026-01-11 00:00:00,signup
2600,2026-01-11 08:00:00,onboarding_started
2601,2026-01-10 00:00:00,signup
2602,2026-01-15 00:00:00,signup
2602,2026-01-15 03:00:00,onboarding_started
2602,2026-01-15 06:00:00,onboarding_completed
2602,2026-01-16 06:00:00,project_created
2602,2026-01-17 06:00:00,teammate_invited
2602,2026-01-18 06:00:00,report_created
2602,2026-01-19 06:00:00,integration_connected
2603,2026-01-17 00:00:00,signup
2603,2026-01-17 22:00:00,onboarding_started
2603,2026-01-18 05:00:00,onboarding_completed
2603,2026-01-18 05:00:00,project_created
2603,2026-01-20 05:00:00,teammate_invited
2603,2026-01-22 05:00:00,report_created
2604,2026-06-17 00:00:00,signup
2604,2026-06-17 10:00:00,onboarding_started
2604,2026-06-17 21:00:00,onboarding_completed
2604,2026-06-19 21:00:00,project_created
2604,2026-06-20 21:00:00,teammate_invited
2604,2026-06-21 21:00:00,integration_connected
2605,2026-05-26 00:00:00,signup
2605,2026-05-26 20:00:00,onboarding_started
2605,2026-05-27 05:00:00,onboarding_completed
2606,2026-06-02 00:00:00,signup
2606,2026-06-02 22:00:00,onboarding_started
2606,2026-06-03 08:00:00,onboarding_completed
2606,2026-06-06 08:00:00,project_created
2606,2026-06-09 08:00:00,report_created
2606,2026-07-03 00:00:00,dashboard_viewed
2607,2026-02-28 00:00:00,signup
2607,2026-02-28 01:00:00,onboarding_started
2607,2026-02-28 09:00:00,onboarding_completed
2607,2026-03-03 09:00:00,project_created
2607,2026-03-04 09:00:00,integration_connected
2607,2026-03-04 09:00:00,report_created
2608,2026-03-19 00:00:00,signup
2608,2026-03-19 05:00:00,onboarding_started
2608,2026-03-19 09:00:00,onboarding_completed
2608,2026-03-21 09:00:00,project_created
2609,2026-05-04 00:00:00,signup
2610,2026-04-24 00:00:00,signup
2611,2026-01-22 00:00:00,signup
2612,2026-06-07 00:00:00,signup
2612,2026-06-07 20:00:00,onboarding_started
2613,2026-06-21 00:00:00,signup
2613,2026-06-21 22:00:00,onboarding_started
2613,2026-06-22 08:00:00,onboarding_completed
2613,2026-06-25 08:00:00,project_created
2614,2026-02-01 00:00:00,signup
2614,2026-02-01 11:00:00,onboarding_started
2614,2026-02-01 15:00:00,onboarding_completed
2615,2026-06-28 00:00:00,signup
2615,2026-06-28 05:00:00,onboarding_started
2616,2026-06-23 00:00:00,signup
2617,2026-04-23 00:00:00,signup
2618,2026-04-30 00:00:00,signup
2618,2026-04-30 19:00:00,onboarding_started
2618,2026-05-01 02:00:00,onboarding_completed
2618,2026-05-01 02:00:00,project_created
2618,2026-05-05 02:00:00,integration_connected
2618,2026-05-06 02:00:00,report_created
2619,2026-05-29 00:00:00,signup
2619,2026-05-29 21:00:00,onboarding_started
2619,2026-05-30 01:00:00,onboarding_completed
2620,2026-05-02 00:00:00,signup
2620,2026-05-02 23:00:00,onboarding_started
2621,2026-02-01 00:00:00,signup
2622,2026-04-29 00:00:00,signup
2622,2026-04-29 19:00:00,onboarding_started
2622,2026-04-30 05:00:00,onboarding_completed
2623,2026-02-08 00:00:00,signup
2623,2026-02-08 12:00:00,onboarding_started
2624,2026-01-12 00:00:00,signup
2625,2026-06-24 00:00:00,signup
2625,2026-06-24 22:00:00,onboarding_started
2625,2026-06-25 03:00:00,onboarding_completed
2626,2026-01-18 00:00:00,signup
2626,2026-01-18 09:00:00,onboarding_started
2626,2026-01-18 16:00:00,onboarding_completed
2626,2026-01-18 16:00:00,project_created
2626,2026-01-20 16:00:00,teammate_invited
2626,2026-01-21 16:00:00,report_created
2627,2026-05-29 00:00:00,signup
2627,2026-05-29 19:00:00,onboarding_started
2628,2026-05-21 00:00:00,signup
2628,2026-05-21 06:00:00,onboarding_started
2628,2026-05-21 11:00:00,onboarding_completed
2628,2026-05-24 11:00:00,project_created
2629,2026-05-29 00:00:00,signup
2629,2026-05-29 16:00:00,onboarding_started
2629,2026-05-30 02:00:00,onboarding_completed
2630,2026-05-06 00:00:00,signup
2630,2026-05-06 03:00:00,onboarding_started
2630,2026-05-06 14:00:00,onboarding_completed
2630,2026-05-06 14:00:00,project_created
2630,2026-05-07 14:00:00,teammate_invited
2630,2026-05-11 14:00:00,report_created
2630,2026-06-05 00:00:00,dashboard_viewed
2631,2026-05-16 00:00:00,signup
2632,2026-02-15 00:00:00,signup
2633,2026-04-14 00:00:00,signup
2633,2026-04-14 19:00:00,onboarding_started
2633,2026-04-14 20:00:00,onboarding_completed
2633,2026-04-16 20:00:00,project_created
2633,2026-04-20 20:00:00,report_created
2634,2026-05-15 00:00:00,signup
2634,2026-05-15 04:00:00,onboarding_started
2634,2026-05-15 12:00:00,onboarding_completed
2635,2026-05-31 00:00:00,signup
2635,2026-05-31 01:00:00,onboarding_started
2635,2026-05-31 09:00:00,onboarding_completed
2635,2026-06-02 09:00:00,project_created
2635,2026-06-02 09:00:00,teammate_invited
2636,2026-03-27 00:00:00,signup
2636,2026-03-27 19:00:00,onboarding_started
2636,2026-03-28 04:00:00,onboarding_completed
2636,2026-03-31 04:00:00,project_created
2636,2026-03-31 04:00:00,teammate_invited
2636,2026-05-04 00:00:00,dashboard_viewed
2637,2026-05-30 00:00:00,signup
2637,2026-05-30 16:00:00,onboarding_started
2637,2026-05-30 23:00:00,onboarding_completed
2637,2026-06-01 23:00:00,project_created
2637,2026-06-02 23:00:00,teammate_invited
2637,2026-06-02 23:00:00,integration_connected
2638,2026-03-30 00:00:00,signup
2638,2026-03-30 23:00:00,onboarding_started
2638,2026-03-31 02:00:00,onboarding_completed
2638,2026-04-01 02:00:00,project_created
2638,2026-04-07 02:00:00,report_created
2639,2026-01-22 00:00:00,signup
2639,2026-01-22 07:00:00,onboarding_started
2639,2026-01-22 15:00:00,onboarding_completed
2639,2026-01-23 15:00:00,project_created
2639,2026-01-24 15:00:00,integration_connected
2640,2026-04-02 00:00:00,signup
2640,2026-04-02 17:00:00,onboarding_started
2640,2026-04-02 19:00:00,onboarding_completed
2640,2026-04-03 19:00:00,project_created
2640,2026-04-03 19:00:00,integration_connected
2640,2026-04-04 19:00:00,teammate_invited
2640,2026-04-09 19:00:00,report_created
2641,2026-01-29 00:00:00,signup
2641,2026-01-29 02:00:00,onboarding_started
2641,2026-01-29 04:00:00,onboarding_completed
2641,2026-02-01 04:00:00,project_created
2641,2026-02-02 04:00:00,teammate_invited
2641,2026-02-03 04:00:00,integration_connected
2641,2026-03-06 00:00:00,dashboard_viewed
2642,2026-01-13 00:00:00,signup
2643,2026-01-02 00:00:00,signup
2643,2026-01-02 13:00:00,onboarding_started
2643,2026-01-02 14:00:00,onboarding_completed
2643,2026-01-04 14:00:00,project_created
2643,2026-01-10 14:00:00,report_created
2644,2026-01-29 00:00:00,signup
2644,2026-01-29 15:00:00,onboarding_started
2644,2026-01-29 19:00:00,onboarding_completed
2644,2026-02-01 19:00:00,project_created
2644,2026-02-02 19:00:00,integration_connected
2644,2026-02-05 19:00:00,report_created
2645,2026-06-29 00:00:00,signup
2645,2026-06-29 14:00:00,onboarding_started
2645,2026-06-29 18:00:00,onboarding_completed
2645,2026-07-02 18:00:00,project_created
2645,2026-07-03 18:00:00,teammate_invited
2645,2026-07-05 18:00:00,report_created
2646,2026-01-27 00:00:00,signup
2646,2026-01-27 16:00:00,onboarding_started
2647,2026-02-19 00:00:00,signup
2647,2026-02-19 19:00:00,onboarding_started
2647,2026-02-20 06:00:00,onboarding_completed
2647,2026-02-20 06:00:00,project_created
2647,2026-02-26 06:00:00,report_created
2648,2026-04-05 00:00:00,signup
2648,2026-04-05 20:00:00,onboarding_started
2648,2026-04-06 01:00:00,onboarding_completed
2648,2026-04-06 01:00:00,project_created
2649,2026-05-31 00:00:00,signup
2649,2026-05-31 20:00:00,onboarding_started
2649,2026-06-01 01:00:00,onboarding_completed
2650,2026-03-29 00:00:00,signup
2650,2026-03-29 19:00:00,onboarding_started
2650,2026-03-30 05:00:00,onboarding_completed
2651,2026-02-13 00:00:00,signup
2651,2026-02-13 03:00:00,onboarding_started
2651,2026-02-13 14:00:00,onboarding_completed
2651,2026-02-14 14:00:00,project_created
2651,2026-02-17 14:00:00,report_created
2651,2026-03-18 00:00:00,dashboard_viewed
2652,2026-01-22 00:00:00,signup
2652,2026-01-22 21:00:00,onboarding_started
2652,2026-01-23 04:00:00,onboarding_completed
2652,2026-01-23 04:00:00,project_created
2652,2026-01-27 04:00:00,integration_connected
2653,2026-06-20 00:00:00,signup
2654,2026-06-14 00:00:00,signup
2654,2026-06-14 13:00:00,onboarding_started
2655,2026-04-07 00:00:00,signup
2655,2026-04-07 23:00:00,onboarding_started
2655,2026-04-08 00:00:00,onboarding_completed
2655,2026-04-09 00:00:00,project_created
2655,2026-04-11 00:00:00,teammate_invited
2655,2026-04-13 00:00:00,integration_connected
2655,2026-05-14 00:00:00,dashboard_viewed
2656,2026-01-03 00:00:00,signup
2656,2026-01-03 04:00:00,onboarding_started
2656,2026-01-03 08:00:00,onboarding_completed
2656,2026-01-04 08:00:00,project_created
2657,2026-04-28 00:00:00,signup
2658,2026-01-19 00:00:00,signup
2658,2026-01-19 07:00:00,onboarding_started
2658,2026-01-19 12:00:00,onboarding_completed
2659,2026-01-23 00:00:00,signup
2659,2026-01-23 13:00:00,onboarding_started
2659,2026-01-23 23:00:00,onboarding_completed
2659,2026-01-23 23:00:00,project_created
2659,2026-01-23 23:00:00,teammate_invited
2660,2026-06-06 00:00:00,signup
2660,2026-06-06 13:00:00,onboarding_started
2660,2026-06-06 15:00:00,onboarding_completed
2660,2026-06-08 15:00:00,project_created
2661,2026-01-30 00:00:00,signup
2661,2026-01-30 10:00:00,onboarding_started
2661,2026-01-30 13:00:00,onboarding_completed
2662,2026-02-08 00:00:00,signup
2662,2026-02-08 05:00:00,onboarding_started
2663,2026-04-18 00:00:00,signup
2663,2026-04-18 13:00:00,onboarding_started
2663,2026-04-18 21:00:00,onboarding_completed
2663,2026-04-20 21:00:00,project_created
2663,2026-04-22 21:00:00,report_created
2664,2026-04-21 00:00:00,signup
2664,2026-04-21 07:00:00,onboarding_started
2664,2026-04-21 15:00:00,onboarding_completed
2664,2026-04-22 15:00:00,project_created
2665,2026-01-25 00:00:00,signup
2665,2026-01-25 19:00:00,onboarding_started
2665,2026-01-26 04:00:00,onboarding_completed
2665,2026-01-29 04:00:00,project_created
2665,2026-01-31 04:00:00,teammate_invited
2666,2026-05-08 00:00:00,signup
2666,2026-05-08 19:00:00,onboarding_started
2666,2026-05-09 02:00:00,onboarding_completed
2666,2026-05-10 02:00:00,project_created
2666,2026-05-13 02:00:00,integration_connected
2666,2026-05-13 02:00:00,report_created
2667,2026-04-21 00:00:00,signup
2667,2026-04-21 10:00:00,onboarding_started
2667,2026-04-21 14:00:00,onboarding_completed
2667,2026-04-21 14:00:00,project_created
2667,2026-04-23 14:00:00,integration_connected
2668,2026-05-16 00:00:00,signup
2668,2026-05-16 12:00:00,onboarding_started
2668,2026-05-16 14:00:00,onboarding_completed
2669,2026-04-16 00:00:00,signup
2670,2026-05-24 00:00:00,signup
2671,2026-03-13 00:00:00,signup
2671,2026-03-13 22:00:00,onboarding_started
2672,2026-05-09 00:00:00,signup
2672,2026-05-09 22:00:00,onboarding_started
2673,2026-04-18 00:00:00,signup
2673,2026-04-18 20:00:00,onboarding_started
2673,2026-04-19 04:00:00,onboarding_completed
2673,2026-04-21 04:00:00,project_created
2673,2026-04-23 04:00:00,report_created
2673,2026-04-25 04:00:00,integration_connected
2674,2026-01-05 00:00:00,signup
2674,2026-01-05 10:00:00,onboarding_started
2674,2026-01-05 15:00:00,onboarding_completed
2674,2026-01-07 15:00:00,project_created
2674,2026-01-09 15:00:00,report_created
2675,2026-01-03 00:00:00,signup
2675,2026-01-03 12:00:00,onboarding_started
2675,2026-01-03 14:00:00,onboarding_completed
2676,2026-05-12 00:00:00,signup
2676,2026-05-12 19:00:00,onboarding_started
2676,2026-05-13 04:00:00,onboarding_completed
2676,2026-05-14 04:00:00,project_created
2676,2026-05-15 04:00:00,teammate_invited
2676,2026-06-13 00:00:00,dashboard_viewed
2677,2026-04-14 00:00:00,signup
2677,2026-04-14 11:00:00,onboarding_started
2678,2026-03-05 00:00:00,signup
2678,2026-03-05 13:00:00,onboarding_started
2679,2026-04-16 00:00:00,signup
2679,2026-04-16 06:00:00,onboarding_started
2679,2026-04-16 09:00:00,onboarding_completed
2679,2026-04-17 09:00:00,project_created
2679,2026-04-18 09:00:00,teammate_invited
2679,2026-04-20 09:00:00,integration_connected
2679,2026-05-19 00:00:00,dashboard_viewed
2680,2026-04-08 00:00:00,signup
2680,2026-04-08 08:00:00,onboarding_started
2680,2026-04-08 10:00:00,onboarding_completed
2681,2026-01-10 00:00:00,signup
2681,2026-01-10 05:00:00,onboarding_started
2681,2026-01-10 08:00:00,onboarding_completed
2681,2026-01-12 08:00:00,project_created
2681,2026-01-13 08:00:00,teammate_invited
2681,2026-01-14 08:00:00,report_created
2681,2026-01-15 08:00:00,integration_connected
2682,2026-05-29 00:00:00,signup
2682,2026-05-29 23:00:00,onboarding_started
2682,2026-05-30 05:00:00,onboarding_completed
2683,2026-05-08 00:00:00,signup
2683,2026-05-08 03:00:00,onboarding_started
2683,2026-05-08 09:00:00,onboarding_completed
2683,2026-05-09 09:00:00,project_created
2683,2026-05-10 09:00:00,teammate_invited
2683,2026-05-12 09:00:00,integration_connected
2684,2026-02-15 00:00:00,signup
2685,2026-06-04 00:00:00,signup
2685,2026-06-04 10:00:00,onboarding_started
2685,2026-06-04 15:00:00,onboarding_completed
2685,2026-06-07 15:00:00,project_created
2685,2026-06-08 15:00:00,report_created
2685,2026-06-09 15:00:00,teammate_invited
2686,2026-03-07 00:00:00,signup
2686,2026-03-07 08:00:00,onboarding_started
2686,2026-03-07 16:00:00,onboarding_completed
2686,2026-03-09 16:00:00,project_created
2686,2026-04-07 00:00:00,dashboard_viewed
2687,2026-06-18 00:00:00,signup
2687,2026-06-18 03:00:00,onboarding_started
2687,2026-06-18 09:00:00,onboarding_completed
2687,2026-06-20 09:00:00,project_created
2687,2026-06-22 09:00:00,teammate_invited
2687,2026-06-23 09:00:00,report_created
2687,2026-07-19 00:00:00,dashboard_viewed
2688,2026-04-22 00:00:00,signup
2688,2026-04-22 10:00:00,onboarding_started
2688,2026-04-22 17:00:00,onboarding_completed
2688,2026-04-23 17:00:00,project_created
2688,2026-04-23 17:00:00,integration_connected
2689,2026-01-13 00:00:00,signup
2689,2026-01-13 10:00:00,onboarding_started
2689,2026-01-13 19:00:00,onboarding_completed
2689,2026-01-13 19:00:00,project_created
2689,2026-01-15 19:00:00,teammate_invited
2689,2026-02-19 00:00:00,dashboard_viewed
2690,2026-05-17 00:00:00,signup
2691,2026-06-13 00:00:00,signup
2691,2026-06-13 16:00:00,onboarding_started
2691,2026-06-13 20:00:00,onboarding_completed
2691,2026-06-15 20:00:00,project_created
2691,2026-06-16 20:00:00,report_created
2692,2026-03-27 00:00:00,signup
2692,2026-03-27 22:00:00,onboarding_started
2692,2026-03-28 03:00:00,onboarding_completed
2692,2026-03-31 03:00:00,project_created
2692,2026-04-01 03:00:00,integration_connected
2693,2026-03-31 00:00:00,signup
2693,2026-03-31 03:00:00,onboarding_started
2693,2026-03-31 07:00:00,onboarding_completed
2694,2026-02-27 00:00:00,signup
2694,2026-02-27 16:00:00,onboarding_started
2695,2026-02-23 00:00:00,signup
2695,2026-02-23 19:00:00,onboarding_started
2695,2026-02-24 05:00:00,onboarding_completed
2695,2026-02-27 05:00:00,project_created
2695,2026-03-03 05:00:00,integration_connected
2696,2026-01-12 00:00:00,signup
2696,2026-01-12 14:00:00,onboarding_started
2696,2026-01-12 21:00:00,onboarding_completed
2696,2026-01-13 21:00:00,project_created
2697,2026-01-14 00:00:00,signup
2697,2026-01-14 17:00:00,onboarding_started
2697,2026-01-14 22:00:00,onboarding_completed
2697,2026-01-15 22:00:00,project_created
2697,2026-01-21 22:00:00,report_created
2698,2026-05-01 00:00:00,signup
2698,2026-05-01 15:00:00,onboarding_started
2698,2026-05-01 22:00:00,onboarding_completed
2699,2026-06-11 00:00:00,signup
2699,2026-06-11 09:00:00,onboarding_started
2699,2026-06-11 16:00:00,onboarding_completed
2699,2026-06-11 16:00:00,project_created
2699,2026-06-13 16:00:00,teammate_invited
2699,2026-06-17 16:00:00,report_created
2700,2026-06-30 00:00:00,signup
2701,2026-05-01 00:00:00,signup
2701,2026-05-01 01:00:00,onboarding_started
2701,2026-05-01 09:00:00,onboarding_completed
2701,2026-05-02 09:00:00,project_created
2701,2026-05-03 09:00:00,report_created
2701,2026-05-05 09:00:00,integration_connected
2702,2026-01-20 00:00:00,signup
2702,2026-01-20 17:00:00,onboarding_started
2702,2026-01-20 20:00:00,onboarding_completed
2702,2026-01-21 20:00:00,project_created
2703,2026-03-16 00:00:00,signup
2703,2026-03-16 06:00:00,onboarding_started
2703,2026-03-16 12:00:00,onboarding_completed
2703,2026-03-16 12:00:00,project_created
2703,2026-03-16 12:00:00,teammate_invited
2703,2026-04-22 00:00:00,dashboard_viewed
2704,2026-05-24 00:00:00,signup
2704,2026-05-24 19:00:00,onboarding_started
2705,2026-03-11 00:00:00,signup
2705,2026-03-11 16:00:00,onboarding_started
2705,2026-03-11 23:00:00,onboarding_completed
2705,2026-03-13 23:00:00,project_created
2706,2026-02-25 00:00:00,signup
2706,2026-02-25 03:00:00,onboarding_started
2707,2026-04-11 00:00:00,signup
2708,2026-05-12 00:00:00,signup
2708,2026-05-12 13:00:00,onboarding_started
2709,2026-04-21 00:00:00,signup
2709,2026-04-21 19:00:00,onboarding_started
2709,2026-04-22 05:00:00,onboarding_completed
2710,2026-05-05 00:00:00,signup
2710,2026-05-05 16:00:00,onboarding_started
2710,2026-05-05 21:00:00,onboarding_completed
2710,2026-05-05 21:00:00,project_created
2710,2026-05-09 21:00:00,integration_connected
2711,2026-05-12 00:00:00,signup
2711,2026-05-12 05:00:00,onboarding_started
2711,2026-05-12 11:00:00,onboarding_completed
2711,2026-05-15 11:00:00,project_created
2711,2026-05-20 11:00:00,report_created
2711,2026-06-17 00:00:00,dashboard_viewed
2712,2026-01-20 00:00:00,signup
2712,2026-01-20 06:00:00,onboarding_started
2712,2026-01-20 13:00:00,onboarding_completed
2712,2026-01-23 13:00:00,project_created
2712,2026-01-23 13:00:00,teammate_invited
2712,2026-01-26 13:00:00,report_created
2712,2026-02-19 00:00:00,dashboard_viewed
2713,2026-05-18 00:00:00,signup
2713,2026-05-18 04:00:00,onboarding_started
2714,2026-01-24 00:00:00,signup
2714,2026-01-24 01:00:00,onboarding_started
2714,2026-01-24 08:00:00,onboarding_completed
2714,2026-01-24 08:00:00,project_created
2714,2026-01-24 08:00:00,integration_connected
2714,2026-01-26 08:00:00,teammate_invited
2714,2026-01-28 08:00:00,report_created
2715,2026-06-03 00:00:00,signup
2716,2026-02-06 00:00:00,signup
2716,2026-02-06 04:00:00,onboarding_started
2716,2026-02-06 06:00:00,onboarding_completed
2717,2026-02-23 00:00:00,signup
2718,2026-04-13 00:00:00,signup
2718,2026-04-13 21:00:00,onboarding_started
2718,2026-04-14 00:00:00,onboarding_completed
2718,2026-04-14 00:00:00,project_created
2718,2026-04-16 00:00:00,teammate_invited
2718,2026-05-22 00:00:00,dashboard_viewed
2719,2026-05-29 00:00:00,signup
2720,2026-02-07 00:00:00,signup
2720,2026-02-07 07:00:00,onboarding_started
2721,2026-06-23 00:00:00,signup
2721,2026-06-23 17:00:00,onboarding_started
2721,2026-06-24 03:00:00,onboarding_completed
2721,2026-06-24 03:00:00,project_created
2721,2026-06-25 03:00:00,integration_connected
2722,2026-01-04 00:00:00,signup
2722,2026-01-04 04:00:00,onboarding_started
2722,2026-01-04 13:00:00,onboarding_completed
2722,2026-01-04 13:00:00,project_created
2722,2026-02-04 00:00:00,dashboard_viewed
2723,2026-02-26 00:00:00,signup
2723,2026-02-26 08:00:00,onboarding_started
2724,2026-06-22 00:00:00,signup
2724,2026-06-22 18:00:00,onboarding_started
2724,2026-06-22 19:00:00,onboarding_completed
2725,2026-01-20 00:00:00,signup
2726,2026-01-17 00:00:00,signup
2726,2026-01-17 22:00:00,onboarding_started
2727,2026-04-29 00:00:00,signup
2727,2026-04-29 07:00:00,onboarding_started
2727,2026-04-29 11:00:00,onboarding_completed
2727,2026-04-29 11:00:00,project_created
2727,2026-05-01 11:00:00,teammate_invited
2727,2026-05-05 11:00:00,report_created
2727,2026-06-02 00:00:00,dashboard_viewed
2728,2026-03-12 00:00:00,signup
2728,2026-03-12 03:00:00,onboarding_started
2729,2026-01-04 00:00:00,signup
2729,2026-01-04 04:00:00,onboarding_started
2730,2026-01-14 00:00:00,signup
2730,2026-01-14 19:00:00,onboarding_started
2730,2026-01-15 04:00:00,onboarding_completed
2730,2026-01-18 04:00:00,project_created
2730,2026-01-19 04:00:00,teammate_invited
2730,2026-01-20 04:00:00,report_created
2731,2026-01-03 00:00:00,signup
2732,2026-03-21 00:00:00,signup
2732,2026-03-21 18:00:00,onboarding_started
2733,2026-02-24 00:00:00,signup
2733,2026-02-24 14:00:00,onboarding_started
2733,2026-02-24 20:00:00,onboarding_completed
2734,2026-05-12 00:00:00,signup
2734,2026-05-12 12:00:00,onboarding_started
2735,2026-04-30 00:00:00,signup
2735,2026-04-30 22:00:00,onboarding_started
2735,2026-05-01 02:00:00,onboarding_completed
2735,2026-05-03 02:00:00,project_created
2735,2026-05-05 02:00:00,teammate_invited
2735,2026-06-08 00:00:00,dashboard_viewed
2736,2026-01-24 00:00:00,signup
2736,2026-01-24 08:00:00,onboarding_started
2736,2026-01-24 14:00:00,onboarding_completed
2736,2026-01-25 14:00:00,project_created
2736,2026-01-26 14:00:00,teammate_invited
2736,2026-01-28 14:00:00,integration_connected
2736,2026-01-30 14:00:00,report_created
2736,2026-03-02 00:00:00,dashboard_viewed
2737,2026-06-11 00:00:00,signup
2737,2026-06-11 06:00:00,onboarding_started
2738,2026-06-07 00:00:00,signup
2739,2026-03-23 00:00:00,signup
2740,2026-05-27 00:00:00,signup
2740,2026-05-27 09:00:00,onboarding_started
2740,2026-05-27 11:00:00,onboarding_completed
2740,2026-05-29 11:00:00,project_created
2740,2026-06-01 11:00:00,integration_connected
2740,2026-06-02 11:00:00,report_created
2741,2026-06-08 00:00:00,signup
2741,2026-06-08 07:00:00,onboarding_started
2741,2026-06-08 13:00:00,onboarding_completed
2741,2026-06-10 13:00:00,project_created
2741,2026-06-16 13:00:00,report_created
2742,2026-03-01 00:00:00,signup
2742,2026-03-01 10:00:00,onboarding_started
2742,2026-03-01 16:00:00,onboarding_completed
2742,2026-03-04 16:00:00,project_created
2742,2026-03-04 16:00:00,teammate_invited
2742,2026-03-04 16:00:00,integration_connected
2742,2026-03-10 16:00:00,report_created
2743,2026-05-27 00:00:00,signup
2743,2026-05-27 01:00:00,onboarding_started
2744,2026-02-18 00:00:00,signup
2744,2026-02-18 04:00:00,onboarding_started
2744,2026-02-18 13:00:00,onboarding_completed
2744,2026-02-20 13:00:00,project_created
2745,2026-03-04 00:00:00,signup
2745,2026-03-04 22:00:00,onboarding_started
2745,2026-03-04 23:00:00,onboarding_completed
2746,2026-04-20 00:00:00,signup
2747,2026-05-30 00:00:00,signup
2747,2026-05-30 17:00:00,onboarding_started
2748,2026-06-01 00:00:00,signup
2748,2026-06-01 12:00:00,onboarding_started
2748,2026-06-01 18:00:00,onboarding_completed
2749,2026-04-19 00:00:00,signup
2749,2026-04-19 11:00:00,onboarding_started
2749,2026-04-19 16:00:00,onboarding_completed
2749,2026-04-19 16:00:00,project_created
2749,2026-04-21 16:00:00,teammate_invited
2749,2026-04-24 16:00:00,report_created
2750,2026-03-17 00:00:00,signup
2750,2026-03-17 20:00:00,onboarding_started
2751,2026-01-30 00:00:00,signup
2751,2026-01-30 14:00:00,onboarding_started
2751,2026-01-30 23:00:00,onboarding_completed
2751,2026-02-02 23:00:00,project_created
2751,2026-03-07 00:00:00,dashboard_viewed
2752,2026-02-27 00:00:00,signup
2753,2026-04-27 00:00:00,signup
2753,2026-04-27 15:00:00,onboarding_started
2753,2026-04-27 20:00:00,onboarding_completed
2753,2026-04-29 20:00:00,project_created
2753,2026-05-01 20:00:00,integration_connected
2754,2026-06-08 00:00:00,signup
2754,2026-06-08 08:00:00,onboarding_started
2754,2026-06-08 15:00:00,onboarding_completed
2754,2026-06-09 15:00:00,project_created
2754,2026-06-09 15:00:00,teammate_invited
2754,2026-06-10 15:00:00,integration_connected
2755,2026-04-10 00:00:00,signup
2755,2026-04-10 22:00:00,onboarding_started
2755,2026-04-11 04:00:00,onboarding_completed
2755,2026-04-13 04:00:00,project_created
2755,2026-04-14 04:00:00,report_created
2756,2026-01-19 00:00:00,signup
2756,2026-01-19 01:00:00,onboarding_started
2757,2026-06-25 00:00:00,signup
2757,2026-06-25 11:00:00,onboarding_started
2757,2026-06-25 22:00:00,onboarding_completed
2758,2026-06-22 00:00:00,signup
2758,2026-06-22 22:00:00,onboarding_started
2758,2026-06-23 04:00:00,onboarding_completed
2758,2026-06-26 04:00:00,project_created
2759,2026-04-04 00:00:00,signup
2759,2026-04-04 09:00:00,onboarding_started
2759,2026-04-04 20:00:00,onboarding_completed
2760,2026-04-23 00:00:00,signup
2760,2026-04-23 21:00:00,onboarding_started
2760,2026-04-24 02:00:00,onboarding_completed
2760,2026-04-27 02:00:00,project_created
2760,2026-04-29 02:00:00,teammate_invited
2760,2026-04-30 02:00:00,report_created
2761,2026-05-26 00:00:00,signup
2761,2026-05-26 23:00:00,onboarding_started
2761,2026-05-27 09:00:00,onboarding_completed
2762,2026-03-04 00:00:00,signup
2762,2026-03-04 17:00:00,onboarding_started
2762,2026-03-04 23:00:00,onboarding_completed
2763,2026-04-26 00:00:00,signup
2763,2026-04-26 03:00:00,onboarding_started
2763,2026-04-26 10:00:00,onboarding_completed
2763,2026-04-27 10:00:00,project_created
2763,2026-05-01 10:00:00,integration_connected
2763,2026-05-02 10:00:00,report_created
2763,2026-05-31 00:00:00,dashboard_viewed
2764,2026-04-23 00:00:00,signup
2764,2026-04-23 02:00:00,onboarding_started
2764,2026-04-23 07:00:00,onboarding_completed
2764,2026-04-23 07:00:00,project_created
2764,2026-04-24 07:00:00,integration_connected
2764,2026-04-25 07:00:00,teammate_invited
2764,2026-04-26 07:00:00,report_created
2764,2026-05-24 00:00:00,dashboard_viewed
2765,2026-02-16 00:00:00,signup
2765,2026-02-16 05:00:00,onboarding_started
2766,2026-02-26 00:00:00,signup
2766,2026-02-26 13:00:00,onboarding_started
2767,2026-04-28 00:00:00,signup
2767,2026-04-28 05:00:00,onboarding_started
2768,2026-02-14 00:00:00,signup
2768,2026-02-14 11:00:00,onboarding_started
2768,2026-02-14 18:00:00,onboarding_completed
2769,2026-06-10 00:00:00,signup
2769,2026-06-10 06:00:00,onboarding_started
2769,2026-06-10 17:00:00,onboarding_completed
2769,2026-06-13 17:00:00,project_created
2769,2026-06-15 17:00:00,teammate_invited
2769,2026-07-19 00:00:00,dashboard_viewed
2770,2026-05-25 00:00:00,signup
2770,2026-05-25 14:00:00,onboarding_started
2770,2026-05-26 01:00:00,onboarding_completed
2770,2026-05-28 01:00:00,project_created
2771,2026-01-04 00:00:00,signup
2771,2026-01-04 03:00:00,onboarding_started
2771,2026-01-04 13:00:00,onboarding_completed
2772,2026-05-28 00:00:00,signup
2772,2026-05-28 13:00:00,onboarding_started
2773,2026-02-16 00:00:00,signup
2773,2026-02-16 21:00:00,onboarding_started
2773,2026-02-17 01:00:00,onboarding_completed
2773,2026-02-20 01:00:00,project_created
2773,2026-02-21 01:00:00,teammate_invited
2773,2026-02-21 01:00:00,integration_connected
2773,2026-02-24 01:00:00,report_created
2773,2026-03-18 00:00:00,dashboard_viewed
2774,2026-05-23 00:00:00,signup
2774,2026-05-23 17:00:00,onboarding_started
2774,2026-05-24 04:00:00,onboarding_completed
2774,2026-05-24 04:00:00,project_created
2774,2026-05-30 04:00:00,report_created
2775,2026-02-16 00:00:00,signup
2775,2026-02-16 06:00:00,onboarding_started
2776,2026-03-19 00:00:00,signup
2777,2026-05-04 00:00:00,signup
2777,2026-05-04 17:00:00,onboarding_started
2778,2026-03-16 00:00:00,signup
2778,2026-03-16 22:00:00,onboarding_started
2778,2026-03-17 00:00:00,onboarding_completed
2778,2026-03-20 00:00:00,project_created
2778,2026-03-21 00:00:00,teammate_invited
2778,2026-04-21 00:00:00,dashboard_viewed
2779,2026-04-13 00:00:00,signup
2779,2026-04-13 14:00:00,onboarding_started
2779,2026-04-13 15:00:00,onboarding_completed
2779,2026-04-14 15:00:00,project_created
2779,2026-04-16 15:00:00,report_created
2779,2026-04-17 15:00:00,integration_connected
2779,2026-05-22 00:00:00,dashboard_viewed
2780,2026-05-17 00:00:00,signup
2780,2026-05-17 07:00:00,onboarding_started
2780,2026-05-17 11:00:00,onboarding_completed
2780,2026-05-17 11:00:00,project_created
2780,2026-05-18 11:00:00,teammate_invited
2780,2026-05-18 11:00:00,report_created
2780,2026-06-25 00:00:00,dashboard_viewed
2781,2026-03-31 00:00:00,signup
2781,2026-03-31 17:00:00,onboarding_started
2782,2026-05-24 00:00:00,signup
2782,2026-05-24 23:00:00,onboarding_started
2783,2026-03-10 00:00:00,signup
2783,2026-03-10 21:00:00,onboarding_started
2783,2026-03-10 22:00:00,onboarding_completed
2784,2026-03-02 00:00:00,signup
2785,2026-05-18 00:00:00,signup
2786,2026-02-19 00:00:00,signup
2786,2026-02-19 15:00:00,onboarding_started
2786,2026-02-19 18:00:00,onboarding_completed
2787,2026-01-03 00:00:00,signup
2787,2026-01-03 20:00:00,onboarding_started
2787,2026-01-03 22:00:00,onboarding_completed
2787,2026-01-04 22:00:00,project_created
2787,2026-01-09 22:00:00,report_created
2788,2026-04-17 00:00:00,signup
2788,2026-04-17 08:00:00,onboarding_started
2788,2026-04-17 19:00:00,onboarding_completed
2789,2026-04-23 00:00:00,signup
2789,2026-04-23 03:00:00,onboarding_started
2789,2026-04-23 14:00:00,onboarding_completed
2789,2026-04-25 14:00:00,project_created
2789,2026-05-01 14:00:00,report_created
2790,2026-04-04 00:00:00,signup
2791,2026-04-28 00:00:00,signup
2791,2026-04-28 21:00:00,onboarding_started
2791,2026-04-29 08:00:00,onboarding_completed
2791,2026-05-02 08:00:00,project_created
2791,2026-06-07 00:00:00,dashboard_viewed
2792,2026-03-22 00:00:00,signup
2792,2026-03-22 14:00:00,onboarding_started
2793,2026-04-19 00:00:00,signup
2793,2026-04-19 06:00:00,onboarding_started
2794,2026-02-20 00:00:00,signup
2794,2026-02-20 03:00:00,onboarding_started
2794,2026-02-20 06:00:00,onboarding_completed
2795,2026-05-27 00:00:00,signup
2795,2026-05-27 11:00:00,onboarding_started
2796,2026-06-19 00:00:00,signup
2796,2026-06-19 05:00:00,onboarding_started
2796,2026-06-19 12:00:00,onboarding_completed
2796,2026-06-22 12:00:00,project_created
2796,2026-06-22 12:00:00,teammate_invited
2796,2026-06-26 12:00:00,report_created
2796,2026-07-19 00:00:00,dashboard_viewed
2797,2026-02-04 00:00:00,signup
2797,2026-02-04 03:00:00,onboarding_started
2797,2026-02-04 13:00:00,onboarding_completed
2797,2026-02-05 13:00:00,project_created
2797,2026-02-05 13:00:00,teammate_invited
2797,2026-02-06 13:00:00,integration_connected
2797,2026-02-10 13:00:00,report_created
2798,2026-02-15 00:00:00,signup
2798,2026-02-15 15:00:00,onboarding_started
2798,2026-02-15 20:00:00,onboarding_completed
2798,2026-02-17 20:00:00,project_created
2799,2026-06-03 00:00:00,signup
2799,2026-06-03 12:00:00,onboarding_started
2799,2026-06-03 20:00:00,onboarding_completed
2799,2026-06-05 20:00:00,project_created
2799,2026-06-07 20:00:00,teammate_invited
2799,2026-06-07 20:00:00,integration_connected
2799,2026-06-08 20:00:00,report_created
2800,2026-03-10 00:00:00,signup
2800,2026-03-10 05:00:00,onboarding_started
2800,2026-03-10 16:00:00,onboarding_completed
2801,2026-04-03 00:00:00,signup
2801,2026-04-03 03:00:00,onboarding_started
2801,2026-04-03 09:00:00,onboarding_completed
2801,2026-04-04 09:00:00,project_created
2801,2026-05-05 00:00:00,dashboard_viewed
2802,2026-03-05 00:00:00,signup
2802,2026-03-05 17:00:00,onboarding_started
2802,2026-03-06 00:00:00,onboarding_completed
2802,2026-03-06 00:00:00,project_created
2803,2026-06-14 00:00:00,signup
2803,2026-06-14 08:00:00,onboarding_started
2804,2026-02-18 00:00:00,signup
2805,2026-05-29 00:00:00,signup
2805,2026-05-29 08:00:00,onboarding_started
2805,2026-05-29 12:00:00,onboarding_completed
2805,2026-05-29 12:00:00,project_created
2805,2026-05-31 12:00:00,report_created
2806,2026-03-15 00:00:00,signup
2806,2026-03-15 11:00:00,onboarding_started
2806,2026-03-15 21:00:00,onboarding_completed
2807,2026-01-05 00:00:00,signup
2807,2026-01-05 12:00:00,onboarding_started
2807,2026-01-05 17:00:00,onboarding_completed
2808,2026-04-10 00:00:00,signup
2809,2026-03-11 00:00:00,signup
2809,2026-03-11 08:00:00,onboarding_started
2810,2026-03-31 00:00:00,signup
2810,2026-03-31 03:00:00,onboarding_started
2811,2026-01-04 00:00:00,signup
2812,2026-05-06 00:00:00,signup
2812,2026-05-06 14:00:00,onboarding_started
2813,2026-02-08 00:00:00,signup
2813,2026-02-08 03:00:00,onboarding_started
2813,2026-02-08 04:00:00,onboarding_completed
2813,2026-02-09 04:00:00,project_created
2813,2026-02-09 04:00:00,integration_connected
2813,2026-02-12 04:00:00,report_created
2813,2026-03-18 00:00:00,dashboard_viewed
2814,2026-06-12 00:00:00,signup
2814,2026-06-12 13:00:00,onboarding_started
2814,2026-06-12 16:00:00,onboarding_completed
2814,2026-06-12 16:00:00,project_created
2815,2026-05-09 00:00:00,signup
2815,2026-05-09 07:00:00,onboarding_started
2815,2026-05-09 12:00:00,onboarding_completed
2816,2026-01-24 00:00:00,signup
2817,2026-02-26 00:00:00,signup
2818,2026-04-10 00:00:00,signup
2819,2026-03-11 00:00:00,signup
2820,2026-02-10 00:00:00,signup
2820,2026-02-10 21:00:00,onboarding_started
2821,2026-06-23 00:00:00,signup
2821,2026-06-23 04:00:00,onboarding_started
2821,2026-06-23 06:00:00,onboarding_completed
2822,2026-03-01 00:00:00,signup
2822,2026-03-01 01:00:00,onboarding_started
2822,2026-03-01 09:00:00,onboarding_completed
2822,2026-03-02 09:00:00,project_created
2822,2026-03-04 09:00:00,report_created
2823,2026-04-18 00:00:00,signup
2823,2026-04-18 23:00:00,onboarding_started
2823,2026-04-19 02:00:00,onboarding_completed
2824,2026-02-26 00:00:00,signup
2824,2026-02-26 17:00:00,onboarding_started
2825,2026-01-31 00:00:00,signup
2826,2026-03-25 00:00:00,signup
2826,2026-03-25 07:00:00,onboarding_started
2826,2026-03-25 16:00:00,onboarding_completed
2826,2026-03-25 16:00:00,project_created
2826,2026-03-27 16:00:00,report_created
2827,2026-06-01 00:00:00,signup
2827,2026-06-01 19:00:00,onboarding_started
2827,2026-06-01 23:00:00,onboarding_completed
2827,2026-06-04 23:00:00,project_created
2827,2026-06-04 23:00:00,teammate_invited
2827,2026-06-06 23:00:00,integration_connected
2827,2026-07-01 00:00:00,dashboard_viewed
2828,2026-02-05 00:00:00,signup
2828,2026-02-05 17:00:00,onboarding_started
2829,2026-06-07 00:00:00,signup
2829,2026-06-07 12:00:00,onboarding_started
2830,2026-06-01 00:00:00,signup
2830,2026-06-01 14:00:00,onboarding_started
2830,2026-06-01 20:00:00,onboarding_completed
2830,2026-06-04 20:00:00,project_created
2830,2026-06-05 20:00:00,report_created
2830,2026-07-05 00:00:00,dashboard_viewed
2831,2026-04-18 00:00:00,signup
2831,2026-04-18 09:00:00,onboarding_started
2831,2026-04-18 17:00:00,onboarding_completed
2832,2026-04-16 00:00:00,signup
2832,2026-04-16 23:00:00,onboarding_started
2832,2026-04-17 06:00:00,onboarding_completed
2833,2026-06-07 00:00:00,signup
2833,2026-06-07 22:00:00,onboarding_started
2834,2026-03-27 00:00:00,signup
2834,2026-03-27 04:00:00,onboarding_started
2834,2026-03-27 06:00:00,onboarding_completed
2834,2026-03-28 06:00:00,project_created
2835,2026-05-15 00:00:00,signup
2835,2026-05-15 03:00:00,onboarding_started
2835,2026-05-15 10:00:00,onboarding_completed
2835,2026-05-16 10:00:00,project_created
2835,2026-05-16 10:00:00,integration_connected
2835,2026-05-17 10:00:00,teammate_invited
2835,2026-06-23 00:00:00,dashboard_viewed
2836,2026-06-12 00:00:00,signup
2836,2026-06-12 12:00:00,onboarding_started
2836,2026-06-12 15:00:00,onboarding_completed
2836,2026-06-12 15:00:00,project_created
2836,2026-06-18 15:00:00,report_created
2837,2026-01-14 00:00:00,signup
2837,2026-01-14 11:00:00,onboarding_started
2837,2026-01-14 21:00:00,onboarding_completed
2837,2026-01-14 21:00:00,project_created
2838,2026-04-30 00:00:00,signup
2838,2026-04-30 17:00:00,onboarding_started
2839,2026-05-18 00:00:00,signup
2840,2026-03-21 00:00:00,signup
2840,2026-03-21 05:00:00,onboarding_started
2840,2026-03-21 14:00:00,onboarding_completed
2841,2026-05-24 00:00:00,signup
2841,2026-05-24 06:00:00,onboarding_started
2842,2026-04-16 00:00:00,signup
2842,2026-04-16 05:00:00,onboarding_started
2843,2026-03-11 00:00:00,signup
2843,2026-03-11 01:00:00,onboarding_started
2843,2026-03-11 05:00:00,onboarding_completed
2843,2026-03-11 05:00:00,project_created
2843,2026-03-16 05:00:00,report_created
2844,2026-02-13 00:00:00,signup
2844,2026-02-13 23:00:00,onboarding_started
2845,2026-03-14 00:00:00,signup
2845,2026-03-14 11:00:00,onboarding_started
2845,2026-03-14 17:00:00,onboarding_completed
2845,2026-03-15 17:00:00,project_created
2845,2026-03-20 17:00:00,report_created
2846,2026-02-14 00:00:00,signup
2846,2026-02-14 20:00:00,onboarding_started
2847,2026-04-17 00:00:00,signup
2848,2026-03-25 00:00:00,signup
2848,2026-03-25 08:00:00,onboarding_started
2848,2026-03-25 13:00:00,onboarding_completed
2849,2026-03-23 00:00:00,signup
2849,2026-03-23 13:00:00,onboarding_started
2850,2026-04-17 00:00:00,signup
2850,2026-04-17 15:00:00,onboarding_started
2850,2026-04-17 19:00:00,onboarding_completed
2851,2026-01-21 00:00:00,signup
2851,2026-01-21 11:00:00,onboarding_started
2852,2026-06-27 00:00:00,signup
2852,2026-06-27 22:00:00,onboarding_started
2853,2026-06-10 00:00:00,signup
2853,2026-06-10 03:00:00,onboarding_started
2854,2026-01-07 00:00:00,signup
2854,2026-01-07 06:00:00,onboarding_started
2854,2026-01-07 16:00:00,onboarding_completed
2854,2026-01-08 16:00:00,project_created
2854,2026-01-10 16:00:00,teammate_invited
2854,2026-02-15 00:00:00,dashboard_viewed
2855,2026-03-11 00:00:00,signup
2855,2026-03-11 12:00:00,onboarding_started
2855,2026-03-11 14:00:00,onboarding_completed
2856,2026-05-07 00:00:00,signup
2856,2026-05-07 10:00:00,onboarding_started
2856,2026-05-07 20:00:00,onboarding_completed
2856,2026-05-07 20:00:00,project_created
2856,2026-05-09 20:00:00,teammate_invited
2856,2026-05-09 20:00:00,report_created
2857,2026-05-23 00:00:00,signup
2857,2026-05-23 03:00:00,onboarding_started
2857,2026-05-23 07:00:00,onboarding_completed
2858,2026-06-09 00:00:00,signup
2859,2026-05-28 00:00:00,signup
2859,2026-05-28 11:00:00,onboarding_started
2859,2026-05-28 15:00:00,onboarding_completed
2859,2026-05-31 15:00:00,project_created
2859,2026-06-01 15:00:00,teammate_invited
2859,2026-06-04 15:00:00,integration_connected
2860,2026-05-23 00:00:00,signup
2860,2026-05-23 23:00:00,onboarding_started
2860,2026-05-24 04:00:00,onboarding_completed
2861,2026-06-25 00:00:00,signup
2861,2026-06-25 18:00:00,onboarding_started
2861,2026-06-26 03:00:00,onboarding_completed
2861,2026-06-29 03:00:00,project_created
2861,2026-07-01 03:00:00,teammate_invited
2861,2026-07-01 03:00:00,report_created
2862,2026-05-29 00:00:00,signup
2862,2026-05-29 07:00:00,onboarding_started
2862,2026-05-29 15:00:00,onboarding_completed
2862,2026-05-29 15:00:00,project_created
2862,2026-05-31 15:00:00,teammate_invited
2862,2026-06-03 15:00:00,report_created
2863,2026-06-19 00:00:00,signup
2864,2026-06-03 00:00:00,signup
2864,2026-06-03 16:00:00,onboarding_started
2864,2026-06-03 18:00:00,onboarding_completed
2864,2026-06-04 18:00:00,project_created
2864,2026-06-04 18:00:00,teammate_invited
2864,2026-06-05 18:00:00,integration_connected
2865,2026-04-30 00:00:00,signup
2865,2026-04-30 05:00:00,onboarding_started
2865,2026-04-30 10:00:00,onboarding_completed
2866,2026-05-08 00:00:00,signup
2866,2026-05-08 08:00:00,onboarding_started
2866,2026-05-08 14:00:00,onboarding_completed
2867,2026-05-22 00:00:00,signup
2867,2026-05-22 15:00:00,onboarding_started
2867,2026-05-22 20:00:00,onboarding_completed
2868,2026-02-26 00:00:00,signup
2868,2026-02-26 03:00:00,onboarding_started
2868,2026-02-26 07:00:00,onboarding_completed
2869,2026-06-14 00:00:00,signup
2869,2026-06-14 18:00:00,onboarding_started
2869,2026-06-14 21:00:00,onboarding_completed
2869,2026-06-15 21:00:00,project_created
2869,2026-06-18 21:00:00,report_created
2870,2026-02-27 00:00:00,signup
2870,2026-02-27 22:00:00,onboarding_started
2871,2026-01-21 00:00:00,signup
2871,2026-01-21 21:00:00,onboarding_started
2871,2026-01-22 01:00:00,onboarding_completed
2872,2026-03-23 00:00:00,signup
2872,2026-03-23 16:00:00,onboarding_started
2872,2026-03-23 17:00:00,onboarding_completed
2872,2026-03-24 17:00:00,project_created
2872,2026-03-24 17:00:00,teammate_invited
2872,2026-03-29 17:00:00,report_created
2872,2026-04-29 00:00:00,dashboard_viewed
2873,2026-03-10 00:00:00,signup
2873,2026-03-10 06:00:00,onboarding_started
2874,2026-05-11 00:00:00,signup
2874,2026-05-11 08:00:00,onboarding_started
2874,2026-05-11 12:00:00,onboarding_completed
2875,2026-03-28 00:00:00,signup
2875,2026-03-28 18:00:00,onboarding_started
2875,2026-03-28 22:00:00,onboarding_completed
2875,2026-03-29 22:00:00,project_created
2875,2026-03-30 22:00:00,integration_connected
2875,2026-04-30 00:00:00,dashboard_viewed
2876,2026-06-14 00:00:00,signup
2876,2026-06-14 09:00:00,onboarding_started
2876,2026-06-14 17:00:00,onboarding_completed
2877,2026-02-18 00:00:00,signup
2877,2026-02-18 19:00:00,onboarding_started
2877,2026-02-19 06:00:00,onboarding_completed
2877,2026-02-19 06:00:00,project_created
2877,2026-02-20 06:00:00,teammate_invited
2878,2026-05-27 00:00:00,signup
2878,2026-05-27 03:00:00,onboarding_started
2878,2026-05-27 07:00:00,onboarding_completed
2879,2026-04-25 00:00:00,signup
2879,2026-04-25 09:00:00,onboarding_started
2879,2026-04-25 15:00:00,onboarding_completed
2880,2026-03-30 00:00:00,signup
2880,2026-03-30 09:00:00,onboarding_started
2880,2026-03-30 18:00:00,onboarding_completed
2880,2026-04-01 18:00:00,project_created
2880,2026-04-04 18:00:00,report_created
2880,2026-05-03 00:00:00,dashboard_viewed
2881,2026-03-26 00:00:00,signup
2881,2026-03-26 20:00:00,onboarding_started
2882,2026-05-08 00:00:00,signup
2882,2026-05-08 06:00:00,onboarding_started
2882,2026-05-08 11:00:00,onboarding_completed
2883,2026-05-20 00:00:00,signup
2883,2026-05-20 03:00:00,onboarding_started
2883,2026-05-20 13:00:00,onboarding_completed
2883,2026-05-20 13:00:00,project_created
2883,2026-05-20 13:00:00,integration_connected
2883,2026-05-21 13:00:00,teammate_invited
2884,2026-06-18 00:00:00,signup
2884,2026-06-18 16:00:00,onboarding_started
2884,2026-06-18 20:00:00,onboarding_completed
2884,2026-06-18 20:00:00,project_created
2884,2026-06-22 20:00:00,integration_connected
2885,2026-06-10 00:00:00,signup
2886,2026-06-27 00:00:00,signup
2886,2026-06-27 22:00:00,onboarding_started
2886,2026-06-28 09:00:00,onboarding_completed
2886,2026-07-01 09:00:00,project_created
2886,2026-07-03 09:00:00,teammate_invited
2886,2026-07-03 09:00:00,report_created
2887,2026-04-27 00:00:00,signup
2887,2026-04-27 22:00:00,onboarding_started
2888,2026-05-07 00:00:00,signup
2888,2026-05-07 10:00:00,onboarding_started
2889,2026-03-12 00:00:00,signup
2889,2026-03-12 11:00:00,onboarding_started
2889,2026-03-12 12:00:00,onboarding_completed
2889,2026-03-13 12:00:00,project_created
2890,2026-03-27 00:00:00,signup
2891,2026-02-02 00:00:00,signup
2892,2026-03-22 00:00:00,signup
2892,2026-03-22 14:00:00,onboarding_started
2892,2026-03-22 23:00:00,onboarding_completed
2892,2026-03-23 23:00:00,project_created
2892,2026-03-27 23:00:00,integration_connected
2892,2026-04-22 00:00:00,dashboard_viewed
2893,2026-06-01 00:00:00,signup
2893,2026-06-01 20:00:00,onboarding_started
2893,2026-06-02 06:00:00,onboarding_completed
2893,2026-06-04 06:00:00,project_created
2893,2026-06-08 06:00:00,integration_connected
2894,2026-03-02 00:00:00,signup
2894,2026-03-02 03:00:00,onboarding_started
2894,2026-03-02 09:00:00,onboarding_completed
2894,2026-03-05 09:00:00,project_created
2894,2026-03-07 09:00:00,teammate_invited
2894,2026-04-04 00:00:00,dashboard_viewed
2895,2026-03-02 00:00:00,signup
2895,2026-03-02 02:00:00,onboarding_started
2895,2026-03-02 12:00:00,onboarding_completed
2895,2026-03-05 12:00:00,project_created
2895,2026-03-06 12:00:00,integration_connected
2896,2026-04-08 00:00:00,signup
2896,2026-04-08 08:00:00,onboarding_started
2896,2026-04-08 09:00:00,onboarding_completed
2896,2026-04-11 09:00:00,project_created
2896,2026-04-15 09:00:00,integration_connected
2896,2026-04-16 09:00:00,report_created
2896,2026-05-15 00:00:00,dashboard_viewed
2897,2026-01-28 00:00:00,signup
2897,2026-01-28 09:00:00,onboarding_started
2897,2026-01-28 16:00:00,onboarding_completed
2897,2026-01-28 16:00:00,project_created
2897,2026-01-29 16:00:00,report_created
2898,2026-02-12 00:00:00,signup
2898,2026-02-12 09:00:00,onboarding_started
2898,2026-02-12 16:00:00,onboarding_completed
2899,2026-06-18 00:00:00,signup
2899,2026-06-18 03:00:00,onboarding_started
2899,2026-06-18 07:00:00,onboarding_completed
2900,2026-06-16 00:00:00,signup
2900,2026-06-16 06:00:00,onboarding_started
2901,2026-03-27 00:00:00,signup
2901,2026-03-27 13:00:00,onboarding_started
2901,2026-03-27 22:00:00,onboarding_completed
2901,2026-03-27 22:00:00,project_created
2901,2026-04-01 22:00:00,report_created
2901,2026-04-29 00:00:00,dashboard_viewed
2902,2026-06-26 00:00:00,signup
2902,2026-06-26 10:00:00,onboarding_started
2902,2026-06-26 14:00:00,onboarding_completed
2902,2026-06-28 14:00:00,project_created
2902,2026-07-02 14:00:00,integration_connected
2902,2026-07-03 14:00:00,report_created
2902,2026-08-01 00:00:00,dashboard_viewed
2903,2026-01-17 00:00:00,signup
2903,2026-01-17 17:00:00,onboarding_started
2903,2026-01-17 20:00:00,onboarding_completed
2903,2026-01-19 20:00:00,project_created
2903,2026-01-24 20:00:00,report_created
2903,2026-02-19 00:00:00,dashboard_viewed
2904,2026-04-08 00:00:00,signup
2904,2026-04-08 22:00:00,onboarding_started
2904,2026-04-09 04:00:00,onboarding_completed
2905,2026-04-08 00:00:00,signup
2905,2026-04-08 17:00:00,onboarding_started
2906,2026-03-06 00:00:00,signup
2906,2026-03-06 10:00:00,onboarding_started
2906,2026-03-06 11:00:00,onboarding_completed
2906,2026-03-07 11:00:00,project_created
2906,2026-03-09 11:00:00,teammate_invited
2906,2026-03-11 11:00:00,integration_connected
2907,2026-03-15 00:00:00,signup
2907,2026-03-15 15:00:00,onboarding_started
2907,2026-03-16 00:00:00,onboarding_completed
2907,2026-03-19 00:00:00,project_created
2907,2026-03-20 00:00:00,teammate_invited
2907,2026-03-21 00:00:00,report_created
2907,2026-04-24 00:00:00,dashboard_viewed
2908,2026-03-26 00:00:00,signup
2908,2026-03-26 08:00:00,onboarding_started
2908,2026-03-26 11:00:00,onboarding_completed
2909,2026-01-05 00:00:00,signup
2909,2026-01-05 15:00:00,onboarding_started
2909,2026-01-06 01:00:00,onboarding_completed
2909,2026-01-08 01:00:00,project_created
2909,2026-01-10 01:00:00,teammate_invited
2909,2026-01-13 01:00:00,report_created
2910,2026-01-02 00:00:00,signup
2910,2026-01-02 03:00:00,onboarding_started
2910,2026-01-02 08:00:00,onboarding_completed
2910,2026-01-02 08:00:00,project_created
2910,2026-01-02 08:00:00,teammate_invited
2910,2026-01-05 08:00:00,report_created
2910,2026-02-03 00:00:00,dashboard_viewed
2911,2026-01-22 00:00:00,signup
2911,2026-01-22 17:00:00,onboarding_started
2911,2026-01-23 00:00:00,onboarding_completed
2911,2026-01-23 00:00:00,project_created
2911,2026-01-25 00:00:00,teammate_invited
2911,2026-01-26 00:00:00,report_created
2912,2026-04-22 00:00:00,signup
2912,2026-04-22 21:00:00,onboarding_started
2912,2026-04-23 00:00:00,onboarding_completed
2913,2026-02-26 00:00:00,signup
2913,2026-02-26 10:00:00,onboarding_started
2914,2026-03-07 00:00:00,signup
2914,2026-03-07 01:00:00,onboarding_started
2914,2026-03-07 11:00:00,onboarding_completed
2914,2026-03-08 11:00:00,project_created
2914,2026-03-10 11:00:00,integration_connected
2914,2026-03-11 11:00:00,report_created
2915,2026-03-15 00:00:00,signup
2915,2026-03-15 07:00:00,onboarding_started
2916,2026-04-08 00:00:00,signup
2916,2026-04-08 01:00:00,onboarding_started
2916,2026-04-08 09:00:00,onboarding_completed
2917,2026-05-24 00:00:00,signup
2917,2026-05-24 14:00:00,onboarding_started
2918,2026-04-22 00:00:00,signup
2918,2026-04-22 03:00:00,onboarding_started
2918,2026-04-22 14:00:00,onboarding_completed
2918,2026-04-23 14:00:00,project_created
2918,2026-04-25 14:00:00,teammate_invited
2918,2026-04-26 14:00:00,integration_connected
2919,2026-06-28 00:00:00,signup
2919,2026-06-28 18:00:00,onboarding_started
2919,2026-06-28 20:00:00,onboarding_completed
2919,2026-06-30 20:00:00,project_created
2919,2026-07-01 20:00:00,teammate_invited
2919,2026-07-03 20:00:00,report_created
2919,2026-08-07 00:00:00,dashboard_viewed
2920,2026-05-05 00:00:00,signup
2920,2026-05-05 01:00:00,onboarding_started
2921,2026-06-16 00:00:00,signup
2921,2026-06-16 21:00:00,onboarding_started
2922,2026-03-27 00:00:00,signup
2922,2026-03-27 13:00:00,onboarding_started
2923,2026-03-17 00:00:00,signup
2923,2026-03-17 22:00:00,onboarding_started
2923,2026-03-18 02:00:00,onboarding_completed
2923,2026-03-20 02:00:00,project_created
2923,2026-03-20 02:00:00,teammate_invited
2923,2026-04-21 00:00:00,dashboard_viewed
2924,2026-03-29 00:00:00,signup
2924,2026-03-29 12:00:00,onboarding_started
2924,2026-03-29 17:00:00,onboarding_completed
2925,2026-06-17 00:00:00,signup
2925,2026-06-17 22:00:00,onboarding_started
2926,2026-02-07 00:00:00,signup
2926,2026-02-07 19:00:00,onboarding_started
2926,2026-02-08 05:00:00,onboarding_completed
2926,2026-02-11 05:00:00,project_created
2926,2026-02-13 05:00:00,teammate_invited
2926,2026-02-14 05:00:00,report_created
2926,2026-03-09 00:00:00,dashboard_viewed
2927,2026-02-28 00:00:00,signup
2927,2026-02-28 21:00:00,onboarding_started
2927,2026-03-01 02:00:00,onboarding_completed
2927,2026-03-01 02:00:00,project_created
2927,2026-03-03 02:00:00,report_created
2927,2026-04-05 00:00:00,dashboard_viewed
2928,2026-05-18 00:00:00,signup
2928,2026-05-18 22:00:00,onboarding_started
2928,2026-05-19 06:00:00,onboarding_completed
2928,2026-05-21 06:00:00,project_created
2928,2026-05-22 06:00:00,teammate_invited
2928,2026-06-20 00:00:00,dashboard_viewed
2929,2026-04-09 00:00:00,signup
2929,2026-04-09 22:00:00,onboarding_started
2929,2026-04-10 06:00:00,onboarding_completed
2929,2026-04-12 06:00:00,project_created
2929,2026-04-16 06:00:00,integration_connected
2929,2026-04-18 06:00:00,report_created
2929,2026-05-13 00:00:00,dashboard_viewed
2930,2026-03-04 00:00:00,signup
2930,2026-03-04 23:00:00,onboarding_started
2930,2026-03-05 10:00:00,onboarding_completed
2930,2026-03-05 10:00:00,project_created
2930,2026-03-09 10:00:00,integration_connected
2931,2026-02-18 00:00:00,signup
2931,2026-02-18 11:00:00,onboarding_started
2932,2026-02-01 00:00:00,signup
2932,2026-02-01 15:00:00,onboarding_started
2932,2026-02-01 16:00:00,onboarding_completed
2932,2026-02-04 16:00:00,project_created
2932,2026-02-06 16:00:00,teammate_invited
2932,2026-02-07 16:00:00,report_created
2933,2026-05-15 00:00:00,signup
2934,2026-01-21 00:00:00,signup
2935,2026-01-20 00:00:00,signup
2935,2026-01-20 19:00:00,onboarding_started
2935,2026-01-21 01:00:00,onboarding_completed
2935,2026-01-23 01:00:00,project_created
2935,2026-01-27 01:00:00,integration_connected
2935,2026-01-28 01:00:00,report_created
2936,2026-06-03 00:00:00,signup
2936,2026-06-03 17:00:00,onboarding_started
2937,2026-05-07 00:00:00,signup
2937,2026-05-07 11:00:00,onboarding_started
2938,2026-03-09 00:00:00,signup
2938,2026-03-09 11:00:00,onboarding_started
2939,2026-04-20 00:00:00,signup
2939,2026-04-20 09:00:00,onboarding_started
2939,2026-04-20 11:00:00,onboarding_completed
2940,2026-04-26 00:00:00,signup
2941,2026-05-23 00:00:00,signup
2941,2026-05-23 12:00:00,onboarding_started
2942,2026-04-30 00:00:00,signup
2942,2026-04-30 01:00:00,onboarding_started
2942,2026-04-30 02:00:00,onboarding_completed
2942,2026-05-03 02:00:00,project_created
2943,2026-03-20 00:00:00,signup
2943,2026-03-20 12:00:00,onboarding_started
2943,2026-03-20 21:00:00,onboarding_completed
2943,2026-03-21 21:00:00,project_created
2943,2026-03-23 21:00:00,teammate_invited
2943,2026-03-24 21:00:00,integration_connected
2943,2026-03-25 21:00:00,report_created
2943,2026-04-23 00:00:00,dashboard_viewed
2944,2026-04-26 00:00:00,signup
2945,2026-04-02 00:00:00,signup
2945,2026-04-02 19:00:00,onboarding_started
2946,2026-01-14 00:00:00,signup
2946,2026-01-14 22:00:00,onboarding_started
2946,2026-01-15 09:00:00,onboarding_completed
2946,2026-01-18 09:00:00,project_created
2946,2026-01-19 09:00:00,teammate_invited
2946,2026-01-22 09:00:00,report_created
2947,2026-06-04 00:00:00,signup
2947,2026-06-04 05:00:00,onboarding_started
2947,2026-06-04 11:00:00,onboarding_completed
2948,2026-05-05 00:00:00,signup
2948,2026-05-05 07:00:00,onboarding_started
2948,2026-05-05 12:00:00,onboarding_completed
2949,2026-06-17 00:00:00,signup
2949,2026-06-17 05:00:00,onboarding_started
2949,2026-06-17 15:00:00,onboarding_completed
2949,2026-06-19 15:00:00,project_created
2949,2026-06-20 15:00:00,teammate_invited
2950,2026-02-27 00:00:00,signup
2950,2026-02-27 21:00:00,onboarding_started
2951,2026-01-28 00:00:00,signup
2951,2026-01-28 01:00:00,onboarding_started
2951,2026-01-28 03:00:00,onboarding_completed
2951,2026-01-30 03:00:00,project_created
2951,2026-01-31 03:00:00,teammate_invited
2951,2026-02-03 03:00:00,integration_connected
2951,2026-03-04 00:00:00,dashboard_viewed
2952,2026-01-26 00:00:00,signup
2952,2026-01-26 22:00:00,onboarding_started
2953,2026-04-23 00:00:00,signup
2953,2026-04-23 07:00:00,onboarding_started
2954,2026-03-07 00:00:00,signup
2955,2026-06-02 00:00:00,signup
2955,2026-06-02 16:00:00,onboarding_started
2956,2026-05-11 00:00:00,signup
2956,2026-05-11 10:00:00,onboarding_started
2957,2026-02-13 00:00:00,signup
2957,2026-02-13 14:00:00,onboarding_started
2958,2026-04-07 00:00:00,signup
2958,2026-04-07 18:00:00,onboarding_started
2958,2026-04-07 23:00:00,onboarding_completed
2958,2026-04-10 23:00:00,project_created
2958,2026-04-12 23:00:00,integration_connected
2959,2026-02-11 00:00:00,signup
2959,2026-02-11 13:00:00,onboarding_started
2959,2026-02-11 16:00:00,onboarding_completed
2959,2026-02-13 16:00:00,project_created
2959,2026-02-14 16:00:00,report_created
2959,2026-02-15 16:00:00,integration_connected
2960,2026-01-06 00:00:00,signup
2960,2026-01-06 16:00:00,onboarding_started
2960,2026-01-06 22:00:00,onboarding_completed
2960,2026-01-07 22:00:00,project_created
2960,2026-01-08 22:00:00,integration_connected
2960,2026-01-08 22:00:00,report_created
2960,2026-02-09 00:00:00,dashboard_viewed
2961,2026-06-16 00:00:00,signup
2961,2026-06-16 18:00:00,onboarding_started
2961,2026-06-17 02:00:00,onboarding_completed
2961,2026-06-17 02:00:00,project_created
2961,2026-06-20 02:00:00,integration_connected
2962,2026-06-29 00:00:00,signup
2963,2026-01-23 00:00:00,signup
2963,2026-01-23 13:00:00,onboarding_started
2963,2026-01-23 17:00:00,onboarding_completed
2963,2026-01-23 17:00:00,project_created
2963,2026-01-23 17:00:00,teammate_invited
2963,2026-02-22 00:00:00,dashboard_viewed
2964,2026-03-30 00:00:00,signup
2965,2026-05-03 00:00:00,signup
2965,2026-05-03 12:00:00,onboarding_started
2965,2026-05-03 22:00:00,onboarding_completed
2966,2026-06-27 00:00:00,signup
2966,2026-06-27 07:00:00,onboarding_started
2966,2026-06-27 14:00:00,onboarding_completed
2967,2026-06-20 00:00:00,signup
2967,2026-06-20 16:00:00,onboarding_started
2968,2026-05-27 00:00:00,signup
2968,2026-05-27 20:00:00,onboarding_started
2968,2026-05-28 04:00:00,onboarding_completed
2968,2026-05-31 04:00:00,project_created
2968,2026-06-03 04:00:00,report_created
2968,2026-06-28 00:00:00,dashboard_viewed
2969,2026-02-20 00:00:00,signup
2969,2026-02-20 19:00:00,onboarding_started
2969,2026-02-21 01:00:00,onboarding_completed
2969,2026-02-22 01:00:00,project_created
2969,2026-02-23 01:00:00,teammate_invited
2969,2026-02-26 01:00:00,integration_connected
2969,2026-03-25 00:00:00,dashboard_viewed
2970,2026-01-11 00:00:00,signup
2970,2026-01-11 14:00:00,onboarding_started
2970,2026-01-11 18:00:00,onboarding_completed
2970,2026-01-12 18:00:00,project_created
2970,2026-01-14 18:00:00,teammate_invited
2970,2026-02-16 00:00:00,dashboard_viewed
2971,2026-01-12 00:00:00,signup
2971,2026-01-12 18:00:00,onboarding_started
2971,2026-01-13 00:00:00,onboarding_completed
2971,2026-01-13 00:00:00,project_created
2971,2026-01-13 00:00:00,teammate_invited
2972,2026-03-15 00:00:00,signup
2972,2026-03-15 20:00:00,onboarding_started
2972,2026-03-15 21:00:00,onboarding_completed
2972,2026-03-17 21:00:00,project_created
2972,2026-04-16 00:00:00,dashboard_viewed
2973,2026-01-08 00:00:00,signup
2973,2026-01-08 06:00:00,onboarding_started
2973,2026-01-08 09:00:00,onboarding_completed
2973,2026-01-10 09:00:00,project_created
2973,2026-01-11 09:00:00,integration_connected
2973,2026-01-13 09:00:00,report_created
2974,2026-06-01 00:00:00,signup
2974,2026-06-01 23:00:00,onboarding_started
2974,2026-06-02 00:00:00,onboarding_completed
2974,2026-06-03 00:00:00,project_created
2974,2026-06-06 00:00:00,report_created
2975,2026-02-10 00:00:00,signup
2975,2026-02-10 22:00:00,onboarding_started
2975,2026-02-11 04:00:00,onboarding_completed
2975,2026-02-11 04:00:00,project_created
2975,2026-02-12 04:00:00,teammate_invited
2975,2026-02-13 04:00:00,integration_connected
2975,2026-03-16 00:00:00,dashboard_viewed
2976,2026-06-13 00:00:00,signup
2976,2026-06-13 20:00:00,onboarding_started
2976,2026-06-14 00:00:00,onboarding_completed
2977,2026-03-26 00:00:00,signup
2977,2026-03-26 13:00:00,onboarding_started
2977,2026-03-26 15:00:00,onboarding_completed
2977,2026-03-27 15:00:00,project_created
2977,2026-03-28 15:00:00,teammate_invited
2978,2026-03-13 00:00:00,signup
2979,2026-02-24 00:00:00,signup
2979,2026-02-24 17:00:00,onboarding_started
2979,2026-02-24 20:00:00,onboarding_completed
2980,2026-05-17 00:00:00,signup
2980,2026-05-17 21:00:00,onboarding_started
2980,2026-05-18 03:00:00,onboarding_completed
2980,2026-05-18 03:00:00,project_created
2980,2026-05-24 03:00:00,report_created
2981,2026-02-16 00:00:00,signup
2981,2026-02-16 05:00:00,onboarding_started
2981,2026-02-16 12:00:00,onboarding_completed
2981,2026-02-17 12:00:00,project_created
2981,2026-02-19 12:00:00,report_created
2981,2026-03-21 00:00:00,dashboard_viewed
2982,2026-05-23 00:00:00,signup
2982,2026-05-23 11:00:00,onboarding_started
2982,2026-05-23 18:00:00,onboarding_completed
2982,2026-05-24 18:00:00,project_created
2982,2026-05-24 18:00:00,teammate_invited
2982,2026-06-27 00:00:00,dashboard_viewed
2983,2026-06-25 00:00:00,signup
2983,2026-06-25 06:00:00,onboarding_started
2983,2026-06-25 16:00:00,onboarding_completed
2983,2026-06-25 16:00:00,project_created
2983,2026-06-25 16:00:00,teammate_invited
2984,2026-04-14 00:00:00,signup
2984,2026-04-14 06:00:00,onboarding_started
2984,2026-04-14 15:00:00,onboarding_completed
2985,2026-02-11 00:00:00,signup
2985,2026-02-11 02:00:00,onboarding_started
2985,2026-02-11 07:00:00,onboarding_completed
2985,2026-02-12 07:00:00,project_created
2985,2026-02-12 07:00:00,teammate_invited
2985,2026-02-16 07:00:00,integration_connected
2985,2026-03-19 00:00:00,dashboard_viewed
2986,2026-03-01 00:00:00,signup
2986,2026-03-01 04:00:00,onboarding_started
2986,2026-03-01 09:00:00,onboarding_completed
2987,2026-01-12 00:00:00,signup
2987,2026-01-12 04:00:00,onboarding_started
2988,2026-05-10 00:00:00,signup
2989,2026-01-07 00:00:00,signup
2989,2026-01-07 01:00:00,onboarding_started
2990,2026-03-21 00:00:00,signup
2991,2026-05-11 00:00:00,signup
2991,2026-05-11 02:00:00,onboarding_started
2991,2026-05-11 04:00:00,onboarding_completed
2992,2026-04-19 00:00:00,signup
2992,2026-04-19 17:00:00,onboarding_started
2993,2026-01-03 00:00:00,signup
2993,2026-01-03 19:00:00,onboarding_started
2993,2026-01-04 00:00:00,onboarding_completed
2993,2026-01-04 00:00:00,project_created
2993,2026-01-09 00:00:00,report_created
2993,2026-02-03 00:00:00,dashboard_viewed
2994,2026-01-27 00:00:00,signup
2994,2026-01-27 05:00:00,onboarding_started
2994,2026-01-27 10:00:00,onboarding_completed
2995,2026-04-24 00:00:00,signup
2995,2026-04-24 02:00:00,onboarding_started
2995,2026-04-24 06:00:00,onboarding_completed
2996,2026-04-17 00:00:00,signup
2997,2026-02-09 00:00:00,signup
2997,2026-02-09 06:00:00,onboarding_started
2998,2026-06-10 00:00:00,signup
2998,2026-06-10 05:00:00,onboarding_started
2998,2026-06-10 12:00:00,onboarding_completed
2998,2026-06-13 12:00:00,project_created
2998,2026-06-15 12:00:00,teammate_invited
2998,2026-07-17 00:00:00,dashboard_viewed
2999,2026-05-09 00:00:00,signup
2999,2026-05-09 19:00:00,onboarding_started
2999,2026-05-09 20:00:00,onboarding_completed
3000,2026-01-08 00:00:00,signup
3000,2026-01-08 19:00:00,onboarding_started
3000,2026-01-08 20:00:00,onboarding_completed
3001,2026-04-11 00:00:00,signup
3001,2026-04-11 08:00:00,onboarding_started
3001,2026-04-11 10:00:00,onboarding_completed
3001,2026-04-11 10:00:00,project_created
3002,2026-06-09 00:00:00,signup
3002,2026-06-09 04:00:00,onboarding_started
3003,2026-05-04 00:00:00,signup
3003,2026-05-04 05:00:00,onboarding_started
3004,2026-06-25 00:00:00,signup
3005,2026-04-17 00:00:00,signup
3005,2026-04-17 20:00:00,onboarding_started
3005,2026-04-18 06:00:00,onboarding_completed
3006,2026-04-11 00:00:00,signup
3006,2026-04-11 08:00:00,onboarding_started
3006,2026-04-11 17:00:00,onboarding_completed
3006,2026-04-14 17:00:00,project_created
3006,2026-04-15 17:00:00,report_created
3007,2026-01-04 00:00:00,signup
3007,2026-01-04 13:00:00,onboarding_started
3007,2026-01-05 00:00:00,onboarding_completed
3007,2026-01-08 00:00:00,project_created
3007,2026-01-10 00:00:00,teammate_invited
3007,2026-01-10 00:00:00,integration_connected
3007,2026-02-13 00:00:00,dashboard_viewed
3008,2026-04-20 00:00:00,signup
3008,2026-04-20 10:00:00,onboarding_started
3008,2026-04-20 11:00:00,onboarding_completed
3009,2026-01-19 00:00:00,signup
3009,2026-01-19 22:00:00,onboarding_started
3009,2026-01-20 07:00:00,onboarding_completed
3010,2026-02-01 00:00:00,signup
3010,2026-02-01 05:00:00,onboarding_started
3010,2026-02-01 11:00:00,onboarding_completed
3010,2026-02-03 11:00:00,project_created
3010,2026-02-03 11:00:00,teammate_invited
3011,2026-05-17 00:00:00,signup
3011,2026-05-17 10:00:00,onboarding_started
3011,2026-05-17 13:00:00,onboarding_completed
3011,2026-05-18 13:00:00,project_created
3012,2026-01-12 00:00:00,signup
3013,2026-05-19 00:00:00,signup
3013,2026-05-19 16:00:00,onboarding_started
3013,2026-05-19 17:00:00,onboarding_completed
3013,2026-05-21 17:00:00,project_created
3014,2026-02-15 00:00:00,signup
3014,2026-02-15 21:00:00,onboarding_started
3015,2026-04-29 00:00:00,signup
3016,2026-01-16 00:00:00,signup
3016,2026-01-16 21:00:00,onboarding_started
3016,2026-01-17 06:00:00,onboarding_completed
3016,2026-01-17 06:00:00,project_created
3016,2026-01-18 06:00:00,teammate_invited
3016,2026-01-18 06:00:00,report_created
3017,2026-05-09 00:00:00,signup
3017,2026-05-09 06:00:00,onboarding_started
3018,2026-03-04 00:00:00,signup
3018,2026-03-04 22:00:00,onboarding_started
3019,2026-04-19 00:00:00,signup
3019,2026-04-19 13:00:00,onboarding_started
3020,2026-04-29 00:00:00,signup
3020,2026-04-29 11:00:00,onboarding_started
3020,2026-04-29 18:00:00,onboarding_completed
3020,2026-05-01 18:00:00,project_created
3020,2026-05-03 18:00:00,teammate_invited
3020,2026-05-07 18:00:00,report_created
3020,2026-06-08 00:00:00,dashboard_viewed
3021,2026-01-21 00:00:00,signup
3021,2026-01-21 09:00:00,onboarding_started
3021,2026-01-21 14:00:00,onboarding_completed
3021,2026-01-23 14:00:00,project_created
3021,2026-01-28 14:00:00,report_created
3021,2026-02-24 00:00:00,dashboard_viewed
3022,2026-06-07 00:00:00,signup
3022,2026-06-07 14:00:00,onboarding_started
3022,2026-06-07 23:00:00,onboarding_completed
3023,2026-01-13 00:00:00,signup
3024,2026-06-11 00:00:00,signup
3024,2026-06-11 23:00:00,onboarding_started
3024,2026-06-12 07:00:00,onboarding_completed
3024,2026-06-13 07:00:00,project_created
3024,2026-06-13 07:00:00,teammate_invited
3024,2026-06-17 07:00:00,report_created
3025,2026-01-04 00:00:00,signup
3026,2026-06-05 00:00:00,signup
3026,2026-06-05 07:00:00,onboarding_started
3026,2026-06-05 13:00:00,onboarding_completed
3027,2026-04-12 00:00:00,signup
3027,2026-04-12 02:00:00,onboarding_started
3027,2026-04-12 04:00:00,onboarding_completed
3027,2026-04-14 04:00:00,project_created
3027,2026-04-19 04:00:00,report_created
3028,2026-02-28 00:00:00,signup
3029,2026-05-08 00:00:00,signup
3029,2026-05-08 09:00:00,onboarding_started
3029,2026-05-08 14:00:00,onboarding_completed
3029,2026-05-10 14:00:00,project_created
3029,2026-05-11 14:00:00,teammate_invited
3029,2026-05-13 14:00:00,report_created
3029,2026-06-16 00:00:00,dashboard_viewed
3030,2026-01-27 00:00:00,signup
3030,2026-01-27 03:00:00,onboarding_started
3031,2026-03-10 00:00:00,signup
3031,2026-03-10 02:00:00,onboarding_started
3031,2026-03-10 10:00:00,onboarding_completed
3031,2026-03-12 10:00:00,project_created
3031,2026-03-12 10:00:00,teammate_invited
3032,2026-01-25 00:00:00,signup
3032,2026-01-25 21:00:00,onboarding_started
3032,2026-01-26 01:00:00,onboarding_completed
3032,2026-01-29 01:00:00,project_created
3032,2026-01-31 01:00:00,report_created
3033,2026-05-11 00:00:00,signup
3033,2026-05-11 10:00:00,onboarding_started
3033,2026-05-11 17:00:00,onboarding_completed
3034,2026-04-07 00:00:00,signup
3034,2026-04-07 04:00:00,onboarding_started
3034,2026-04-07 14:00:00,onboarding_completed
3035,2026-01-25 00:00:00,signup
3035,2026-01-25 17:00:00,onboarding_started
3036,2026-05-28 00:00:00,signup
3036,2026-05-28 04:00:00,onboarding_started
3036,2026-05-28 14:00:00,onboarding_completed
3036,2026-05-31 14:00:00,project_created
3036,2026-06-02 14:00:00,teammate_invited
3036,2026-07-02 00:00:00,dashboard_viewed
3037,2026-06-11 00:00:00,signup
3037,2026-06-11 05:00:00,onboarding_started
3038,2026-06-03 00:00:00,signup
3038,2026-06-03 16:00:00,onboarding_started
3039,2026-05-06 00:00:00,signup
3040,2026-05-13 00:00:00,signup
3040,2026-05-13 10:00:00,onboarding_started
3041,2026-01-09 00:00:00,signup
3041,2026-01-09 17:00:00,onboarding_started
3041,2026-01-10 03:00:00,onboarding_completed
3041,2026-01-11 03:00:00,project_created
3041,2026-01-12 03:00:00,report_created
3041,2026-01-14 03:00:00,integration_connected
3042,2026-04-26 00:00:00,signup
3042,2026-04-26 02:00:00,onboarding_started
3042,2026-04-26 13:00:00,onboarding_completed
3042,2026-04-29 13:00:00,project_created
3042,2026-04-30 13:00:00,teammate_invited
3042,2026-05-04 13:00:00,report_created
3043,2026-06-27 00:00:00,signup
3043,2026-06-27 14:00:00,onboarding_started
3043,2026-06-28 00:00:00,onboarding_completed
3043,2026-06-29 00:00:00,project_created
3043,2026-07-02 00:00:00,report_created
3043,2026-08-05 00:00:00,dashboard_viewed
3044,2026-05-14 00:00:00,signup
3044,2026-05-14 22:00:00,onboarding_started
3045,2026-03-01 00:00:00,signup
3046,2026-06-21 00:00:00,signup
3046,2026-06-21 09:00:00,onboarding_started
3046,2026-06-21 13:00:00,onboarding_completed
3046,2026-06-22 13:00:00,project_created
3046,2026-06-22 13:00:00,teammate_invited
3046,2026-06-25 13:00:00,report_created
3047,2026-05-01 00:00:00,signup
3048,2026-05-19 00:00:00,signup
3048,2026-05-19 04:00:00,onboarding_started
3048,2026-05-19 12:00:00,onboarding_completed
3049,2026-06-24 00:00:00,signup
3049,2026-06-24 03:00:00,onboarding_started
3049,2026-06-24 08:00:00,onboarding_completed
3049,2026-06-27 08:00:00,project_created
3049,2026-06-28 08:00:00,teammate_invited
3049,2026-07-01 08:00:00,report_created
3050,2026-04-18 00:00:00,signup
3050,2026-04-18 04:00:00,onboarding_started
3050,2026-04-18 09:00:00,onboarding_completed
3051,2026-04-18 00:00:00,signup
3051,2026-04-18 18:00:00,onboarding_started
3051,2026-04-19 02:00:00,onboarding_completed
3051,2026-04-21 02:00:00,project_created
3051,2026-04-23 02:00:00,integration_connected
3052,2026-05-11 00:00:00,signup
3052,2026-05-11 01:00:00,onboarding_started
3052,2026-05-11 03:00:00,onboarding_completed
3052,2026-05-14 03:00:00,project_created
3052,2026-05-18 03:00:00,report_created
3053,2026-03-17 00:00:00,signup
3053,2026-03-17 16:00:00,onboarding_started
3053,2026-03-17 17:00:00,onboarding_completed
3054,2026-01-30 00:00:00,signup
3054,2026-01-30 20:00:00,onboarding_started
3055,2026-01-21 00:00:00,signup
3055,2026-01-21 11:00:00,onboarding_started
3055,2026-01-21 16:00:00,onboarding_completed
3056,2026-06-05 00:00:00,signup
3056,2026-06-05 09:00:00,onboarding_started
3056,2026-06-05 10:00:00,onboarding_completed
3057,2026-06-10 00:00:00,signup
3057,2026-06-10 23:00:00,onboarding_started
3057,2026-06-11 05:00:00,onboarding_completed
3058,2026-06-12 00:00:00,signup
3059,2026-06-29 00:00:00,signup
3059,2026-06-29 23:00:00,onboarding_started
3059,2026-06-30 02:00:00,onboarding_completed
3060,2026-02-03 00:00:00,signup
3061,2026-02-10 00:00:00,signup
3061,2026-02-10 02:00:00,onboarding_started
3061,2026-02-10 04:00:00,onboarding_completed
3061,2026-02-10 04:00:00,project_created
3061,2026-02-12 04:00:00,teammate_invited
3062,2026-02-20 00:00:00,signup
3062,2026-02-20 21:00:00,onboarding_started
3063,2026-06-24 00:00:00,signup
3063,2026-06-24 17:00:00,onboarding_started
3063,2026-06-24 21:00:00,onboarding_completed
3063,2026-06-26 21:00:00,project_created
3063,2026-06-26 21:00:00,teammate_invited
3063,2026-07-26 00:00:00,dashboard_viewed
3064,2026-03-23 00:00:00,signup
3064,2026-03-23 20:00:00,onboarding_started
3064,2026-03-23 23:00:00,onboarding_completed
3064,2026-03-24 23:00:00,project_created
3064,2026-03-30 23:00:00,report_created
3064,2026-04-28 00:00:00,dashboard_viewed
3065,2026-02-27 00:00:00,signup
3065,2026-02-27 12:00:00,onboarding_started
3066,2026-03-16 00:00:00,signup
3066,2026-03-16 11:00:00,onboarding_started
3067,2026-01-23 00:00:00,signup
3067,2026-01-23 02:00:00,onboarding_started
3068,2026-06-25 00:00:00,signup
3068,2026-06-25 05:00:00,onboarding_started
3069,2026-05-08 00:00:00,signup
3069,2026-05-08 06:00:00,onboarding_started
3069,2026-05-08 13:00:00,onboarding_completed
3069,2026-05-10 13:00:00,project_created
3069,2026-05-12 13:00:00,report_created
3070,2026-05-30 00:00:00,signup
3070,2026-05-30 14:00:00,onboarding_started
3070,2026-05-30 15:00:00,onboarding_completed
3070,2026-06-02 15:00:00,project_created
3071,2026-01-17 00:00:00,signup
3072,2026-03-10 00:00:00,signup
3073,2026-04-18 00:00:00,signup
3073,2026-04-18 04:00:00,onboarding_started
3073,2026-04-18 07:00:00,onboarding_completed
3074,2026-05-19 00:00:00,signup
3074,2026-05-19 14:00:00,onboarding_started
3074,2026-05-19 15:00:00,onboarding_completed
3074,2026-05-20 15:00:00,project_created
3074,2026-05-24 15:00:00,integration_connected
3074,2026-06-27 00:00:00,dashboard_viewed
3075,2026-04-04 00:00:00,signup
3075,2026-04-04 11:00:00,onboarding_started
3076,2026-01-15 00:00:00,signup
3076,2026-01-15 10:00:00,onboarding_started
3076,2026-01-15 18:00:00,onboarding_completed
3076,2026-01-18 18:00:00,project_created
3076,2026-01-24 18:00:00,report_created
3076,2026-02-17 00:00:00,dashboard_viewed
3077,2026-04-01 00:00:00,signup
3077,2026-04-01 17:00:00,onboarding_started
3077,2026-04-02 00:00:00,onboarding_completed
3077,2026-04-03 00:00:00,project_created
3077,2026-04-05 00:00:00,integration_connected
3077,2026-04-07 00:00:00,report_created
3078,2026-06-12 00:00:00,signup
3078,2026-06-12 08:00:00,onboarding_started
3078,2026-06-12 15:00:00,onboarding_completed
3078,2026-06-14 15:00:00,project_created
3078,2026-06-15 15:00:00,teammate_invited
3078,2026-06-17 15:00:00,integration_connected
3078,2026-06-20 15:00:00,report_created
3079,2026-02-02 00:00:00,signup
3079,2026-02-02 07:00:00,onboarding_started
3079,2026-02-02 11:00:00,onboarding_completed
3079,2026-02-03 11:00:00,project_created
3079,2026-02-03 11:00:00,integration_connected
3079,2026-02-09 11:00:00,report_created
3080,2026-05-05 00:00:00,signup
3080,2026-05-05 02:00:00,onboarding_started
3080,2026-05-05 06:00:00,onboarding_completed
3080,2026-05-08 06:00:00,project_created
3080,2026-05-08 06:00:00,teammate_invited
3080,2026-05-11 06:00:00,report_created
3081,2026-01-16 00:00:00,signup
3081,2026-01-16 12:00:00,onboarding_started
3081,2026-01-16 13:00:00,onboarding_completed
3081,2026-01-18 13:00:00,project_created
3081,2026-01-18 13:00:00,teammate_invited
3081,2026-01-19 13:00:00,integration_connected
3081,2026-01-22 13:00:00,report_created
3082,2026-06-11 00:00:00,signup
3082,2026-06-11 13:00:00,onboarding_started
3083,2026-03-07 00:00:00,signup
3083,2026-03-07 12:00:00,onboarding_started
3083,2026-03-07 15:00:00,onboarding_completed
3083,2026-03-09 15:00:00,project_created
3083,2026-04-06 00:00:00,dashboard_viewed
3084,2026-06-17 00:00:00,signup
3084,2026-06-17 07:00:00,onboarding_started
3084,2026-06-17 14:00:00,onboarding_completed
3084,2026-06-19 14:00:00,project_created
3084,2026-06-20 14:00:00,teammate_invited
3084,2026-06-24 14:00:00,report_created
3085,2026-06-05 00:00:00,signup
3085,2026-06-05 20:00:00,onboarding_started
3085,2026-06-06 01:00:00,onboarding_completed
3085,2026-06-08 01:00:00,project_created
3085,2026-06-08 01:00:00,teammate_invited
3085,2026-06-13 01:00:00,report_created
3086,2026-02-16 00:00:00,signup
3086,2026-02-16 02:00:00,onboarding_started
3086,2026-02-16 06:00:00,onboarding_completed
3086,2026-02-18 06:00:00,project_created
3086,2026-02-22 06:00:00,integration_connected
3086,2026-03-23 00:00:00,dashboard_viewed
3087,2026-06-16 00:00:00,signup
3088,2026-05-28 00:00:00,signup
3088,2026-05-28 09:00:00,onboarding_started
3088,2026-05-28 19:00:00,onboarding_completed
3089,2026-05-04 00:00:00,signup
3089,2026-05-04 10:00:00,onboarding_started
3089,2026-05-04 11:00:00,onboarding_completed
3089,2026-05-06 11:00:00,project_created
3089,2026-05-09 11:00:00,report_created
3090,2026-01-01 00:00:00,signup
3090,2026-01-01 06:00:00,onboarding_started
3091,2026-03-28 00:00:00,signup
3091,2026-03-28 11:00:00,onboarding_started
3091,2026-03-28 18:00:00,onboarding_completed
3091,2026-03-30 18:00:00,project_created
3091,2026-03-30 18:00:00,integration_connected
3091,2026-04-01 18:00:00,report_created
3092,2026-05-08 00:00:00,signup
3092,2026-05-08 16:00:00,onboarding_started
3092,2026-05-08 17:00:00,onboarding_completed
3092,2026-05-11 17:00:00,project_created
3092,2026-05-12 17:00:00,teammate_invited
3092,2026-05-13 17:00:00,report_created
3092,2026-06-12 00:00:00,dashboard_viewed
3093,2026-03-08 00:00:00,signup
3093,2026-03-08 22:00:00,onboarding_started
3093,2026-03-09 03:00:00,onboarding_completed
3094,2026-01-04 00:00:00,signup
3094,2026-01-04 07:00:00,onboarding_started
3094,2026-01-04 16:00:00,onboarding_completed
3094,2026-01-04 16:00:00,project_created
3094,2026-01-08 16:00:00,integration_connected
3094,2026-02-06 00:00:00,dashboard_viewed
3095,2026-06-02 00:00:00,signup
3095,2026-06-02 23:00:00,onboarding_started
3095,2026-06-03 02:00:00,onboarding_completed
3095,2026-06-06 02:00:00,project_created
3095,2026-06-07 02:00:00,report_created
3096,2026-02-16 00:00:00,signup
3096,2026-02-16 14:00:00,onboarding_started
3097,2026-02-07 00:00:00,signup
3097,2026-02-07 16:00:00,onboarding_started
3097,2026-02-08 02:00:00,onboarding_completed
3098,2026-05-23 00:00:00,signup
3098,2026-05-23 19:00:00,onboarding_started
3098,2026-05-23 22:00:00,onboarding_completed
3099,2026-01-21 00:00:00,signup
3099,2026-01-21 05:00:00,onboarding_started
3100,2026-02-26 00:00:00,signup
3100,2026-02-26 14:00:00,onboarding_started
3100,2026-02-26 17:00:00,onboarding_completed
3100,2026-03-01 17:00:00,project_created
3100,2026-04-05 00:00:00,dashboard_viewed
3101,2026-04-27 00:00:00,signup
3101,2026-04-27 04:00:00,onboarding_started
3101,2026-04-27 10:00:00,onboarding_completed
3102,2026-06-30 00:00:00,signup
3102,2026-06-30 18:00:00,onboarding_started
3102,2026-07-01 03:00:00,onboarding_completed
3102,2026-07-03 03:00:00,project_created
3102,2026-07-04 03:00:00,integration_connected
3103,2026-02-15 00:00:00,signup
3104,2026-05-22 00:00:00,signup
3104,2026-05-22 05:00:00,onboarding_started
3105,2026-05-25 00:00:00,signup
3105,2026-05-25 12:00:00,onboarding_started
3106,2026-02-08 00:00:00,signup
3106,2026-02-08 15:00:00,onboarding_started
3106,2026-02-08 21:00:00,onboarding_completed
3106,2026-02-09 21:00:00,project_created
3106,2026-02-12 21:00:00,report_created
3107,2026-05-17 00:00:00,signup
3108,2026-04-09 00:00:00,signup
3108,2026-04-09 07:00:00,onboarding_started
3109,2026-03-18 00:00:00,signup
3110,2026-04-25 00:00:00,signup
3110,2026-04-25 11:00:00,onboarding_started
3111,2026-05-14 00:00:00,signup
3111,2026-05-14 12:00:00,onboarding_started
3112,2026-05-31 00:00:00,signup
3113,2026-04-01 00:00:00,signup
3113,2026-04-01 11:00:00,onboarding_started
3113,2026-04-01 16:00:00,onboarding_completed
3113,2026-04-03 16:00:00,project_created
3113,2026-04-05 16:00:00,report_created
3113,2026-05-10 00:00:00,dashboard_viewed
3114,2026-04-08 00:00:00,signup
3114,2026-04-08 20:00:00,onboarding_started
3114,2026-04-08 21:00:00,onboarding_completed
3115,2026-04-30 00:00:00,signup
3115,2026-04-30 12:00:00,onboarding_started
3115,2026-04-30 16:00:00,onboarding_completed
3116,2026-02-15 00:00:00,signup
3117,2026-02-07 00:00:00,signup
3117,2026-02-07 12:00:00,onboarding_started
3117,2026-02-07 19:00:00,onboarding_completed
3117,2026-02-09 19:00:00,project_created
3117,2026-02-12 19:00:00,report_created
3118,2026-05-22 00:00:00,signup
3118,2026-05-22 13:00:00,onboarding_started
3118,2026-05-22 23:00:00,onboarding_completed
3118,2026-05-22 23:00:00,project_created
3118,2026-05-23 23:00:00,integration_connected
3118,2026-05-24 23:00:00,teammate_invited
3119,2026-04-10 00:00:00,signup
3119,2026-04-10 02:00:00,onboarding_started
3119,2026-04-10 08:00:00,onboarding_completed
3119,2026-04-12 08:00:00,project_created
3119,2026-04-18 08:00:00,report_created
3120,2026-03-13 00:00:00,signup
3120,2026-03-13 14:00:00,onboarding_started
3120,2026-03-13 17:00:00,onboarding_completed
3120,2026-03-15 17:00:00,project_created
3121,2026-02-04 00:00:00,signup
3121,2026-02-04 06:00:00,onboarding_started
3121,2026-02-04 07:00:00,onboarding_completed
3122,2026-05-27 00:00:00,signup
3122,2026-05-27 22:00:00,onboarding_started
3122,2026-05-28 04:00:00,onboarding_completed
3122,2026-05-29 04:00:00,project_created
3122,2026-05-31 04:00:00,teammate_invited
3123,2026-01-30 00:00:00,signup
3123,2026-01-30 20:00:00,onboarding_started
3123,2026-01-31 04:00:00,onboarding_completed
3123,2026-02-03 04:00:00,project_created
3124,2026-03-19 00:00:00,signup
3125,2026-03-25 00:00:00,signup
3125,2026-03-25 03:00:00,onboarding_started
3125,2026-03-25 11:00:00,onboarding_completed
3125,2026-03-25 11:00:00,project_created
3125,2026-03-26 11:00:00,teammate_invited
3125,2026-03-30 11:00:00,report_created
3125,2026-05-02 00:00:00,dashboard_viewed
3126,2026-04-23 00:00:00,signup
3127,2026-01-25 00:00:00,signup
3127,2026-01-25 21:00:00,onboarding_started
3127,2026-01-26 06:00:00,onboarding_completed
3128,2026-06-17 00:00:00,signup
3128,2026-06-17 08:00:00,onboarding_started
3128,2026-06-17 16:00:00,onboarding_completed
3129,2026-03-29 00:00:00,signup
3129,2026-03-29 08:00:00,onboarding_started
3129,2026-03-29 16:00:00,onboarding_completed
3129,2026-04-01 16:00:00,project_created
3129,2026-04-01 16:00:00,integration_connected
3129,2026-05-04 00:00:00,dashboard_viewed
3130,2026-01-14 00:00:00,signup
3130,2026-01-14 16:00:00,onboarding_started
3130,2026-01-14 19:00:00,onboarding_completed
3130,2026-01-15 19:00:00,project_created
3130,2026-01-17 19:00:00,report_created
3131,2026-06-03 00:00:00,signup
3131,2026-06-03 21:00:00,onboarding_started
3131,2026-06-04 07:00:00,onboarding_completed
3131,2026-06-06 07:00:00,project_created
3131,2026-06-10 07:00:00,integration_connected
3131,2026-06-10 07:00:00,report_created
3132,2026-04-12 00:00:00,signup
3132,2026-04-12 12:00:00,onboarding_started
3132,2026-04-12 13:00:00,onboarding_completed
3132,2026-04-15 13:00:00,project_created
3133,2026-05-30 00:00:00,signup
3133,2026-05-30 23:00:00,onboarding_started
3133,2026-05-31 06:00:00,onboarding_completed
3133,2026-06-02 06:00:00,project_created
3133,2026-06-04 06:00:00,report_created
3134,2026-06-25 00:00:00,signup
3134,2026-06-25 12:00:00,onboarding_started
3134,2026-06-25 22:00:00,onboarding_completed
3134,2026-06-25 22:00:00,project_created
3134,2026-06-26 22:00:00,integration_connected
3135,2026-03-24 00:00:00,signup
3135,2026-03-24 18:00:00,onboarding_started
3135,2026-03-25 00:00:00,onboarding_completed
3135,2026-03-28 00:00:00,project_created
3135,2026-03-29 00:00:00,report_created
3135,2026-03-30 00:00:00,teammate_invited
3136,2026-04-20 00:00:00,signup
3137,2026-06-28 00:00:00,signup
3137,2026-06-28 06:00:00,onboarding_started
3138,2026-05-11 00:00:00,signup
3138,2026-05-11 16:00:00,onboarding_started
3138,2026-05-11 18:00:00,onboarding_completed
3138,2026-05-13 18:00:00,project_created
3138,2026-05-14 18:00:00,teammate_invited
3138,2026-05-14 18:00:00,report_created
3138,2026-05-17 18:00:00,integration_connected
3138,2026-06-13 00:00:00,dashboard_viewed
3139,2026-06-19 00:00:00,signup
3139,2026-06-19 11:00:00,onboarding_started
3139,2026-06-19 19:00:00,onboarding_completed
3140,2026-01-19 00:00:00,signup
3141,2026-01-28 00:00:00,signup
3142,2026-06-22 00:00:00,signup
3142,2026-06-22 08:00:00,onboarding_started
3142,2026-06-22 16:00:00,onboarding_completed
3143,2026-03-12 00:00:00,signup
3143,2026-03-12 10:00:00,onboarding_started
3143,2026-03-12 13:00:00,onboarding_completed
3143,2026-03-13 13:00:00,project_created
3143,2026-03-17 13:00:00,report_created
3144,2026-03-04 00:00:00,signup
3144,2026-03-04 19:00:00,onboarding_started
3145,2026-03-14 00:00:00,signup
3145,2026-03-14 12:00:00,onboarding_started
3145,2026-03-14 18:00:00,onboarding_completed
3145,2026-03-16 18:00:00,project_created
3145,2026-03-17 18:00:00,integration_connected
3145,2026-03-18 18:00:00,report_created
3146,2026-05-04 00:00:00,signup
3146,2026-05-04 19:00:00,onboarding_started
3146,2026-05-04 22:00:00,onboarding_completed
3146,2026-05-04 22:00:00,project_created
3146,2026-05-05 22:00:00,report_created
3146,2026-06-05 00:00:00,dashboard_viewed
3147,2026-04-29 00:00:00,signup
3148,2026-05-01 00:00:00,signup
3148,2026-05-01 13:00:00,onboarding_started
3148,2026-05-01 14:00:00,onboarding_completed
3148,2026-05-02 14:00:00,project_created
3148,2026-05-02 14:00:00,teammate_invited
3149,2026-01-19 00:00:00,signup
3149,2026-01-19 23:00:00,onboarding_started
3149,2026-01-20 09:00:00,onboarding_completed
3149,2026-01-23 09:00:00,project_created
3149,2026-01-23 09:00:00,integration_connected
3149,2026-01-26 09:00:00,report_created
3149,2026-02-24 00:00:00,dashboard_viewed
3150,2026-06-24 00:00:00,signup
3150,2026-06-24 02:00:00,onboarding_started
3150,2026-06-24 03:00:00,onboarding_completed
3151,2026-05-22 00:00:00,signup
3151,2026-05-22 18:00:00,onboarding_started
3151,2026-05-23 02:00:00,onboarding_completed
3151,2026-05-26 02:00:00,project_created
3152,2026-04-30 00:00:00,signup
3153,2026-06-15 00:00:00,signup
3153,2026-06-15 18:00:00,onboarding_started
3153,2026-06-16 00:00:00,onboarding_completed
3153,2026-06-16 00:00:00,project_created
3153,2026-06-18 00:00:00,report_created
3154,2026-06-30 00:00:00,signup
3154,2026-06-30 17:00:00,onboarding_started
3154,2026-06-30 23:00:00,onboarding_completed
3154,2026-07-01 23:00:00,project_created
3155,2026-03-02 00:00:00,signup
3155,2026-03-02 21:00:00,onboarding_started
3156,2026-06-13 00:00:00,signup
3156,2026-06-13 08:00:00,onboarding_started
3156,2026-06-13 15:00:00,onboarding_completed
3156,2026-06-15 15:00:00,project_created
3156,2026-06-17 15:00:00,report_created
3157,2026-06-17 00:00:00,signup
3157,2026-06-17 02:00:00,onboarding_started
3158,2026-01-30 00:00:00,signup
3159,2026-01-09 00:00:00,signup
3160,2026-03-05 00:00:00,signup
3160,2026-03-05 12:00:00,onboarding_started
3160,2026-03-05 23:00:00,onboarding_completed
3160,2026-03-07 23:00:00,project_created
3160,2026-03-08 23:00:00,teammate_invited
3160,2026-03-08 23:00:00,report_created
3160,2026-04-10 00:00:00,dashboard_viewed
3161,2026-06-10 00:00:00,signup
3161,2026-06-10 17:00:00,onboarding_started
3162,2026-04-30 00:00:00,signup
3162,2026-04-30 04:00:00,onboarding_started
3163,2026-02-21 00:00:00,signup
3164,2026-03-30 00:00:00,signup
3164,2026-03-30 15:00:00,onboarding_started
3164,2026-03-30 18:00:00,onboarding_completed
3165,2026-05-22 00:00:00,signup
3165,2026-05-22 21:00:00,onboarding_started
3165,2026-05-23 06:00:00,onboarding_completed
3165,2026-05-25 06:00:00,project_created
3165,2026-05-25 06:00:00,teammate_invited
3165,2026-05-31 06:00:00,report_created
3165,2026-06-27 00:00:00,dashboard_viewed
3166,2026-02-22 00:00:00,signup
3166,2026-02-22 11:00:00,onboarding_started
3166,2026-02-22 18:00:00,onboarding_completed
3166,2026-02-24 18:00:00,project_created
3166,2026-02-26 18:00:00,report_created
3167,2026-03-19 00:00:00,signup
3167,2026-03-19 06:00:00,onboarding_started
3167,2026-03-19 11:00:00,onboarding_completed
3168,2026-02-10 00:00:00,signup
3169,2026-03-09 00:00:00,signup
3169,2026-03-09 17:00:00,onboarding_started
3170,2026-01-08 00:00:00,signup
3170,2026-01-08 09:00:00,onboarding_started
3171,2026-01-02 00:00:00,signup
3171,2026-01-02 12:00:00,onboarding_started
3171,2026-01-02 21:00:00,onboarding_completed
3171,2026-01-05 21:00:00,project_created
3171,2026-02-11 00:00:00,dashboard_viewed
3172,2026-04-15 00:00:00,signup
3172,2026-04-15 11:00:00,onboarding_started
3172,2026-04-15 13:00:00,onboarding_completed
3173,2026-05-05 00:00:00,signup
3173,2026-05-05 07:00:00,onboarding_started
3174,2026-04-20 00:00:00,signup
3174,2026-04-20 05:00:00,onboarding_started
3174,2026-04-20 08:00:00,onboarding_completed
3174,2026-04-22 08:00:00,project_created
3174,2026-04-22 08:00:00,teammate_invited
3174,2026-04-26 08:00:00,integration_connected
3174,2026-05-24 00:00:00,dashboard_viewed
3175,2026-03-27 00:00:00,signup
3175,2026-03-27 06:00:00,onboarding_started
3175,2026-03-27 16:00:00,onboarding_completed
3175,2026-03-29 16:00:00,project_created
3175,2026-03-30 16:00:00,integration_connected
3175,2026-04-04 16:00:00,report_created
3176,2026-06-18 00:00:00,signup
3176,2026-06-18 20:00:00,onboarding_started
3176,2026-06-19 03:00:00,onboarding_completed
3176,2026-06-21 03:00:00,project_created
3176,2026-06-25 03:00:00,integration_connected
3176,2026-06-25 03:00:00,report_created
3177,2026-04-30 00:00:00,signup
3177,2026-04-30 04:00:00,onboarding_started
3177,2026-04-30 12:00:00,onboarding_completed
3177,2026-05-01 12:00:00,project_created
3177,2026-05-03 12:00:00,report_created
3178,2026-05-07 00:00:00,signup
3178,2026-05-07 19:00:00,onboarding_started
3178,2026-05-08 04:00:00,onboarding_completed
3179,2026-01-16 00:00:00,signup
3179,2026-01-16 12:00:00,onboarding_started
3179,2026-01-16 20:00:00,onboarding_completed
3179,2026-01-19 20:00:00,project_created
3179,2026-02-23 00:00:00,dashboard_viewed
3180,2026-03-03 00:00:00,signup
3181,2026-04-23 00:00:00,signup
3181,2026-04-23 02:00:00,onboarding_started
3182,2026-06-25 00:00:00,signup
3182,2026-06-25 08:00:00,onboarding_started
3182,2026-06-25 14:00:00,onboarding_completed
3183,2026-06-07 00:00:00,signup
3183,2026-06-07 02:00:00,onboarding_started
3183,2026-06-07 10:00:00,onboarding_completed
3183,2026-06-08 10:00:00,project_created
3184,2026-01-12 00:00:00,signup
3184,2026-01-12 21:00:00,onboarding_started
3184,2026-01-13 00:00:00,onboarding_completed
3184,2026-01-13 00:00:00,project_created
3184,2026-01-13 00:00:00,teammate_invited
3184,2026-01-15 00:00:00,integration_connected
3184,2026-01-19 00:00:00,report_created
3184,2026-02-11 00:00:00,dashboard_viewed
3185,2026-02-04 00:00:00,signup
3185,2026-02-04 02:00:00,onboarding_started
3186,2026-01-11 00:00:00,signup
3187,2026-03-05 00:00:00,signup
3187,2026-03-05 10:00:00,onboarding_started
3187,2026-03-05 17:00:00,onboarding_completed
3187,2026-03-07 17:00:00,project_created
3187,2026-04-06 00:00:00,dashboard_viewed
3188,2026-02-19 00:00:00,signup
3189,2026-05-29 00:00:00,signup
3189,2026-05-29 06:00:00,onboarding_started
3189,2026-05-29 08:00:00,onboarding_completed
3190,2026-03-10 00:00:00,signup
3190,2026-03-10 12:00:00,onboarding_started
3190,2026-03-10 19:00:00,onboarding_completed
3190,2026-03-11 19:00:00,project_created
3191,2026-02-17 00:00:00,signup
3191,2026-02-17 08:00:00,onboarding_started
3191,2026-02-17 15:00:00,onboarding_completed
3191,2026-02-17 15:00:00,project_created
3191,2026-02-18 15:00:00,teammate_invited
3192,2026-01-20 00:00:00,signup
3192,2026-01-20 04:00:00,onboarding_started
3192,2026-01-20 12:00:00,onboarding_completed
3192,2026-01-21 12:00:00,project_created
3193,2026-04-11 00:00:00,signup
3193,2026-04-11 19:00:00,onboarding_started
3193,2026-04-12 00:00:00,onboarding_completed
3193,2026-04-14 00:00:00,project_created
3194,2026-06-21 00:00:00,signup
3194,2026-06-21 10:00:00,onboarding_started
3194,2026-06-21 14:00:00,onboarding_completed
3194,2026-06-23 14:00:00,project_created
3194,2026-06-27 14:00:00,report_created
3194,2026-07-26 00:00:00,dashboard_viewed
3195,2026-06-10 00:00:00,signup
3195,2026-06-10 09:00:00,onboarding_started
3195,2026-06-10 20:00:00,onboarding_completed
3196,2026-05-17 00:00:00,signup
3196,2026-05-17 22:00:00,onboarding_started
3196,2026-05-18 05:00:00,onboarding_completed
3196,2026-05-18 05:00:00,project_created
3196,2026-05-22 05:00:00,report_created
3196,2026-06-16 00:00:00,dashboard_viewed
3197,2026-03-09 00:00:00,signup
3197,2026-03-09 02:00:00,onboarding_started
3197,2026-03-09 03:00:00,onboarding_completed
3197,2026-03-10 03:00:00,project_created
3198,2026-02-04 00:00:00,signup
3198,2026-02-04 14:00:00,onboarding_started
3198,2026-02-04 17:00:00,onboarding_completed
3199,2026-03-06 00:00:00,signup
3199,2026-03-06 07:00:00,onboarding_started
3199,2026-03-06 18:00:00,onboarding_completed
3200,2026-01-08 00:00:00,signup
3200,2026-01-08 20:00:00,onboarding_started
3200,2026-01-08 21:00:00,onboarding_completed
3201,2026-02-14 00:00:00,signup
3201,2026-02-14 16:00:00,onboarding_started
3201,2026-02-14 23:00:00,onboarding_completed
3201,2026-02-15 23:00:00,project_created
3201,2026-02-15 23:00:00,teammate_invited
3201,2026-03-26 00:00:00,dashboard_viewed
3202,2026-03-28 00:00:00,signup
3203,2026-06-24 00:00:00,signup
3203,2026-06-24 20:00:00,onboarding_started
3203,2026-06-25 05:00:00,onboarding_completed
3203,2026-06-27 05:00:00,project_created
3203,2026-06-29 05:00:00,teammate_invited
3203,2026-07-03 05:00:00,report_created
3204,2026-06-17 00:00:00,signup
3204,2026-06-17 10:00:00,onboarding_started
3204,2026-06-17 14:00:00,onboarding_completed
3204,2026-06-19 14:00:00,project_created
3204,2026-06-23 14:00:00,integration_connected
3204,2026-06-25 14:00:00,report_created
3205,2026-03-17 00:00:00,signup
3205,2026-03-17 10:00:00,onboarding_started
3205,2026-03-17 15:00:00,onboarding_completed
3205,2026-03-18 15:00:00,project_created
3205,2026-03-20 15:00:00,integration_connected
3206,2026-03-17 00:00:00,signup
3206,2026-03-17 12:00:00,onboarding_started
3206,2026-03-17 21:00:00,onboarding_completed
3206,2026-03-20 21:00:00,project_created
3207,2026-06-23 00:00:00,signup
3207,2026-06-23 05:00:00,onboarding_started
3208,2026-02-16 00:00:00,signup
3208,2026-02-16 03:00:00,onboarding_started
3208,2026-02-16 04:00:00,onboarding_completed
3208,2026-02-19 04:00:00,project_created
3208,2026-02-19 04:00:00,teammate_invited
3208,2026-02-21 04:00:00,report_created
3208,2026-02-23 04:00:00,integration_connected
3209,2026-01-15 00:00:00,signup
3209,2026-01-15 04:00:00,onboarding_started
3209,2026-01-15 13:00:00,onboarding_completed
3209,2026-01-16 13:00:00,project_created
3209,2026-01-16 13:00:00,teammate_invited
3209,2026-01-18 13:00:00,report_created
3209,2026-01-20 13:00:00,integration_connected
3209,2026-02-21 00:00:00,dashboard_viewed
3210,2026-04-15 00:00:00,signup
3210,2026-04-15 05:00:00,onboarding_started
3211,2026-05-27 00:00:00,signup
3211,2026-05-27 05:00:00,onboarding_started
3212,2026-01-26 00:00:00,signup
3212,2026-01-26 15:00:00,onboarding_started
3212,2026-01-26 23:00:00,onboarding_completed
3212,2026-01-27 23:00:00,project_created
3212,2026-03-01 00:00:00,dashboard_viewed
3213,2026-02-21 00:00:00,signup
3214,2026-04-03 00:00:00,signup
3214,2026-04-03 19:00:00,onboarding_started
3214,2026-04-04 02:00:00,onboarding_completed
3215,2026-05-30 00:00:00,signup
3215,2026-05-30 17:00:00,onboarding_started
3215,2026-05-30 20:00:00,onboarding_completed
3216,2026-01-21 00:00:00,signup
3216,2026-01-21 19:00:00,onboarding_started
3217,2026-02-20 00:00:00,signup
3217,2026-02-20 14:00:00,onboarding_started
3217,2026-02-20 18:00:00,onboarding_completed
3217,2026-02-22 18:00:00,project_created
3217,2026-02-23 18:00:00,report_created
3217,2026-02-26 18:00:00,integration_connected
3218,2026-02-07 00:00:00,signup
3218,2026-02-07 15:00:00,onboarding_started
3219,2026-01-20 00:00:00,signup
3219,2026-01-20 18:00:00,onboarding_started
3219,2026-01-21 03:00:00,onboarding_completed
3219,2026-01-23 03:00:00,project_created
3219,2026-01-23 03:00:00,teammate_invited
3219,2026-01-27 03:00:00,integration_connected
3219,2026-02-19 00:00:00,dashboard_viewed
3220,2026-06-06 00:00:00,signup
3220,2026-06-06 22:00:00,onboarding_started
3220,2026-06-07 00:00:00,onboarding_completed
3220,2026-06-07 00:00:00,project_created
3220,2026-06-10 00:00:00,report_created
3221,2026-06-28 00:00:00,signup
3221,2026-06-28 14:00:00,onboarding_started
3221,2026-06-28 20:00:00,onboarding_completed
3222,2026-05-12 00:00:00,signup
3223,2026-02-24 00:00:00,signup
3223,2026-02-24 02:00:00,onboarding_started
3223,2026-02-24 11:00:00,onboarding_completed
3224,2026-04-02 00:00:00,signup
3224,2026-04-02 16:00:00,onboarding_started
3224,2026-04-02 17:00:00,onboarding_completed
3224,2026-04-02 17:00:00,project_created
3224,2026-04-03 17:00:00,teammate_invited
3224,2026-04-03 17:00:00,integration_connected
3225,2026-01-28 00:00:00,signup
3225,2026-01-28 07:00:00,onboarding_started
3225,2026-01-28 17:00:00,onboarding_completed
3225,2026-01-31 17:00:00,project_created
3225,2026-02-03 17:00:00,report_created
3226,2026-01-04 00:00:00,signup
3227,2026-05-30 00:00:00,signup
3227,2026-05-30 19:00:00,onboarding_started
3227,2026-05-31 03:00:00,onboarding_completed
3228,2026-03-17 00:00:00,signup
3228,2026-03-17 16:00:00,onboarding_started
3228,2026-03-17 18:00:00,onboarding_completed
3229,2026-06-22 00:00:00,signup
3229,2026-06-22 06:00:00,onboarding_started
3229,2026-06-22 17:00:00,onboarding_completed
3229,2026-06-24 17:00:00,project_created
3229,2026-06-26 17:00:00,teammate_invited
3229,2026-06-27 17:00:00,integration_connected
3229,2026-07-23 00:00:00,dashboard_viewed
3230,2026-03-08 00:00:00,signup
3230,2026-03-08 02:00:00,onboarding_started
3230,2026-03-08 09:00:00,onboarding_completed
3230,2026-03-08 09:00:00,project_created
3230,2026-03-08 09:00:00,teammate_invited
3230,2026-03-13 09:00:00,report_created
3230,2026-04-15 00:00:00,dashboard_viewed
3231,2026-03-27 00:00:00,signup
3232,2026-06-11 00:00:00,signup
3232,2026-06-11 19:00:00,onboarding_started
3232,2026-06-12 04:00:00,onboarding_completed
3232,2026-06-13 04:00:00,project_created
3232,2026-06-14 04:00:00,teammate_invited
3232,2026-06-17 04:00:00,report_created
3233,2026-04-01 00:00:00,signup
3233,2026-04-01 20:00:00,onboarding_started
3233,2026-04-01 23:00:00,onboarding_completed
3233,2026-04-04 23:00:00,project_created
3233,2026-04-05 23:00:00,report_created
3233,2026-04-06 23:00:00,teammate_invited
3233,2026-05-09 00:00:00,dashboard_viewed
3234,2026-04-15 00:00:00,signup
3234,2026-04-15 12:00:00,onboarding_started
3234,2026-04-15 16:00:00,onboarding_completed
3234,2026-04-18 16:00:00,project_created
3234,2026-04-19 16:00:00,integration_connected
3234,2026-04-20 16:00:00,report_created
3235,2026-01-01 00:00:00,signup
3235,2026-01-01 05:00:00,onboarding_started
3235,2026-01-01 12:00:00,onboarding_completed
3236,2026-03-13 00:00:00,signup
3236,2026-03-13 14:00:00,onboarding_started
3236,2026-03-13 19:00:00,onboarding_completed
3236,2026-03-15 19:00:00,project_created
3236,2026-03-16 19:00:00,integration_connected
3236,2026-04-17 00:00:00,dashboard_viewed
3237,2026-03-28 00:00:00,signup
3237,2026-03-28 23:00:00,onboarding_started
3237,2026-03-29 07:00:00,onboarding_completed
3238,2026-06-15 00:00:00,signup
3238,2026-06-15 18:00:00,onboarding_started
3238,2026-06-16 01:00:00,onboarding_completed
3238,2026-06-16 01:00:00,project_created
3238,2026-06-17 01:00:00,teammate_invited
3238,2026-06-20 01:00:00,integration_connected
3238,2026-06-22 01:00:00,report_created
3238,2026-07-24 00:00:00,dashboard_viewed
3239,2026-01-06 00:00:00,signup
3239,2026-01-06 02:00:00,onboarding_started
3239,2026-01-06 06:00:00,onboarding_completed
3239,2026-01-07 06:00:00,project_created
3239,2026-01-08 06:00:00,teammate_invited
3239,2026-02-07 00:00:00,dashboard_viewed
3240,2026-06-02 00:00:00,signup
3240,2026-06-02 02:00:00,onboarding_started
3241,2026-05-25 00:00:00,signup
3241,2026-05-25 03:00:00,onboarding_started
3241,2026-05-25 07:00:00,onboarding_completed
3241,2026-05-28 07:00:00,project_created
3241,2026-05-29 07:00:00,teammate_invited
3241,2026-06-26 00:00:00,dashboard_viewed
3242,2026-03-02 00:00:00,signup
3242,2026-03-02 22:00:00,onboarding_started
3242,2026-03-03 00:00:00,onboarding_completed
3243,2026-01-12 00:00:00,signup
3244,2026-01-06 00:00:00,signup
3244,2026-01-06 09:00:00,onboarding_started
3244,2026-01-06 10:00:00,onboarding_completed
3244,2026-01-08 10:00:00,project_created
3245,2026-01-27 00:00:00,signup
3245,2026-01-27 07:00:00,onboarding_started
3246,2026-05-16 00:00:00,signup
3246,2026-05-16 19:00:00,onboarding_started
3246,2026-05-16 20:00:00,onboarding_completed
3247,2026-05-04 00:00:00,signup
3247,2026-05-04 21:00:00,onboarding_started
3247,2026-05-05 02:00:00,onboarding_completed
3247,2026-05-06 02:00:00,project_created
3247,2026-05-07 02:00:00,teammate_invited
3248,2026-04-16 00:00:00,signup
3249,2026-04-03 00:00:00,signup
3249,2026-04-03 06:00:00,onboarding_started
3249,2026-04-03 11:00:00,onboarding_completed
3250,2026-04-19 00:00:00,signup
3250,2026-04-19 23:00:00,onboarding_started
3250,2026-04-20 03:00:00,onboarding_completed
3251,2026-04-09 00:00:00,signup
3251,2026-04-09 11:00:00,onboarding_started
3251,2026-04-09 22:00:00,onboarding_completed
3252,2026-06-17 00:00:00,signup
3252,2026-06-17 13:00:00,onboarding_started
3252,2026-06-17 23:00:00,onboarding_completed
3252,2026-06-17 23:00:00,project_created
3253,2026-05-22 00:00:00,signup
3254,2026-02-04 00:00:00,signup
3254,2026-02-04 10:00:00,onboarding_started
3255,2026-06-25 00:00:00,signup
3255,2026-06-25 04:00:00,onboarding_started
3255,2026-06-25 05:00:00,onboarding_completed
3256,2026-03-25 00:00:00,signup
3256,2026-03-25 08:00:00,onboarding_started
3256,2026-03-25 11:00:00,onboarding_completed
3257,2026-02-25 00:00:00,signup
3257,2026-02-25 08:00:00,onboarding_started
3258,2026-06-26 00:00:00,signup
3259,2026-05-21 00:00:00,signup
3259,2026-05-21 02:00:00,onboarding_started
3259,2026-05-21 10:00:00,onboarding_completed
3259,2026-05-23 10:00:00,project_created
3259,2026-05-24 10:00:00,teammate_invited
3259,2026-05-24 10:00:00,report_created
3259,2026-06-29 00:00:00,dashboard_viewed
3260,2026-02-18 00:00:00,signup
3260,2026-02-18 10:00:00,onboarding_started
3260,2026-02-18 20:00:00,onboarding_completed
3260,2026-02-20 20:00:00,project_created
3260,2026-02-21 20:00:00,integration_connected
3260,2026-02-22 20:00:00,teammate_invited
3260,2026-02-25 20:00:00,report_created
3261,2026-02-15 00:00:00,signup
3261,2026-02-15 13:00:00,onboarding_started
3261,2026-02-15 21:00:00,onboarding_completed
3261,2026-02-15 21:00:00,project_created
3262,2026-04-23 00:00:00,signup
3262,2026-04-23 13:00:00,onboarding_started
3262,2026-04-23 18:00:00,onboarding_completed
3263,2026-05-16 00:00:00,signup
3264,2026-02-12 00:00:00,signup
3264,2026-02-12 02:00:00,onboarding_started
3264,2026-02-12 10:00:00,onboarding_completed
3264,2026-02-15 10:00:00,project_created
3264,2026-02-16 10:00:00,integration_connected
3264,2026-03-23 00:00:00,dashboard_viewed
3265,2026-05-28 00:00:00,signup
3265,2026-05-28 17:00:00,onboarding_started
3265,2026-05-29 01:00:00,onboarding_completed
3265,2026-05-31 01:00:00,project_created
3265,2026-05-31 01:00:00,teammate_invited
3265,2026-06-03 01:00:00,report_created
3265,2026-07-07 00:00:00,dashboard_viewed
3266,2026-05-04 00:00:00,signup
3266,2026-05-04 05:00:00,onboarding_started
3267,2026-04-07 00:00:00,signup
3267,2026-04-07 01:00:00,onboarding_started
3267,2026-04-07 10:00:00,onboarding_completed
3267,2026-04-09 10:00:00,project_created
3267,2026-04-10 10:00:00,integration_connected
3267,2026-04-12 10:00:00,report_created
3268,2026-03-31 00:00:00,signup
3268,2026-03-31 22:00:00,onboarding_started
3269,2026-02-08 00:00:00,signup
3269,2026-02-08 12:00:00,onboarding_started
3269,2026-02-08 17:00:00,onboarding_completed
3270,2026-03-26 00:00:00,signup
3270,2026-03-26 16:00:00,onboarding_started
3270,2026-03-27 03:00:00,onboarding_completed
3271,2026-06-26 00:00:00,signup
3271,2026-06-26 15:00:00,onboarding_started
3271,2026-06-26 23:00:00,onboarding_completed
3271,2026-06-26 23:00:00,project_created
3271,2026-06-28 23:00:00,report_created
3272,2026-03-03 00:00:00,signup
3272,2026-03-03 13:00:00,onboarding_started
3272,2026-03-03 17:00:00,onboarding_completed
3272,2026-03-03 17:00:00,project_created
3272,2026-03-06 17:00:00,report_created
3273,2026-04-16 00:00:00,signup
3273,2026-04-16 06:00:00,onboarding_started
3273,2026-04-16 07:00:00,onboarding_completed
3274,2026-04-17 00:00:00,signup
3274,2026-04-17 20:00:00,onboarding_started
3275,2026-02-23 00:00:00,signup
3275,2026-02-23 19:00:00,onboarding_started
3276,2026-05-06 00:00:00,signup
3276,2026-05-06 05:00:00,onboarding_started
3276,2026-05-06 14:00:00,onboarding_completed
3276,2026-05-06 14:00:00,project_created
3277,2026-01-09 00:00:00,signup
3277,2026-01-09 23:00:00,onboarding_started
3278,2026-03-29 00:00:00,signup
3278,2026-03-29 14:00:00,onboarding_started
3278,2026-03-29 17:00:00,onboarding_completed
3278,2026-03-29 17:00:00,project_created
3279,2026-02-06 00:00:00,signup
3279,2026-02-06 23:00:00,onboarding_started
3279,2026-02-07 01:00:00,onboarding_completed
3280,2026-02-18 00:00:00,signup
3280,2026-02-18 03:00:00,onboarding_started
3280,2026-02-18 04:00:00,onboarding_completed
3280,2026-02-21 04:00:00,project_created
3280,2026-02-24 04:00:00,report_created
3281,2026-02-10 00:00:00,signup
3281,2026-02-10 18:00:00,onboarding_started
3281,2026-02-10 21:00:00,onboarding_completed
3281,2026-02-11 21:00:00,project_created
3281,2026-02-11 21:00:00,teammate_invited
3282,2026-01-17 00:00:00,signup
3282,2026-01-17 05:00:00,onboarding_started
3283,2026-03-29 00:00:00,signup
3283,2026-03-29 04:00:00,onboarding_started
3283,2026-03-29 13:00:00,onboarding_completed
3283,2026-03-30 13:00:00,project_created
3283,2026-04-01 13:00:00,teammate_invited
3283,2026-04-28 00:00:00,dashboard_viewed
3284,2026-01-21 00:00:00,signup
3284,2026-01-21 13:00:00,onboarding_started
3284,2026-01-21 14:00:00,onboarding_completed
3285,2026-02-20 00:00:00,signup
3285,2026-02-20 14:00:00,onboarding_started
3285,2026-02-20 23:00:00,onboarding_completed
3285,2026-02-23 23:00:00,project_created
3285,2026-02-24 23:00:00,teammate_invited
3286,2026-02-28 00:00:00,signup
3286,2026-02-28 18:00:00,onboarding_started
3286,2026-02-28 19:00:00,onboarding_completed
3286,2026-03-03 19:00:00,project_created
3286,2026-03-09 19:00:00,report_created
3287,2026-06-16 00:00:00,signup
3287,2026-06-16 01:00:00,onboarding_started
3287,2026-06-16 10:00:00,onboarding_completed
3287,2026-06-16 10:00:00,project_created
3287,2026-06-21 10:00:00,report_created
3288,2026-02-10 00:00:00,signup
3288,2026-02-10 14:00:00,onboarding_started
3288,2026-02-10 19:00:00,onboarding_completed
3289,2026-02-08 00:00:00,signup
3289,2026-02-08 09:00:00,onboarding_started
3289,2026-02-08 19:00:00,onboarding_completed
3289,2026-02-11 19:00:00,project_created
3289,2026-02-11 19:00:00,teammate_invited
3289,2026-02-17 19:00:00,report_created
3290,2026-05-21 00:00:00,signup
3290,2026-05-21 23:00:00,onboarding_started
3290,2026-05-22 05:00:00,onboarding_completed
3290,2026-05-25 05:00:00,project_created
3290,2026-05-26 05:00:00,teammate_invited
3290,2026-06-28 00:00:00,dashboard_viewed
3291,2026-01-11 00:00:00,signup
3291,2026-01-11 12:00:00,onboarding_started
3291,2026-01-11 14:00:00,onboarding_completed
3291,2026-01-12 14:00:00,project_created
3292,2026-05-27 00:00:00,signup
3292,2026-05-27 13:00:00,onboarding_started
3292,2026-05-27 17:00:00,onboarding_completed
3293,2026-05-19 00:00:00,signup
3294,2026-03-18 00:00:00,signup
3294,2026-03-18 11:00:00,onboarding_started
3295,2026-05-07 00:00:00,signup
3296,2026-02-15 00:00:00,signup
3296,2026-02-15 18:00:00,onboarding_started
3296,2026-02-16 05:00:00,onboarding_completed
3297,2026-02-14 00:00:00,signup
3297,2026-02-14 05:00:00,onboarding_started
3297,2026-02-14 13:00:00,onboarding_completed
3297,2026-02-16 13:00:00,project_created
3297,2026-02-17 13:00:00,integration_connected
3297,2026-02-17 13:00:00,report_created
3298,2026-01-01 00:00:00,signup
3298,2026-01-01 03:00:00,onboarding_started
3298,2026-01-01 04:00:00,onboarding_completed
3298,2026-01-02 04:00:00,project_created
3298,2026-01-02 04:00:00,teammate_invited
3298,2026-01-08 04:00:00,report_created
3298,2026-02-09 00:00:00,dashboard_viewed
3299,2026-06-17 00:00:00,signup
3300,2026-04-18 00:00:00,signup
3300,2026-04-18 06:00:00,onboarding_started
3301,2026-01-19 00:00:00,signup
3301,2026-01-19 19:00:00,onboarding_started
3302,2026-03-17 00:00:00,signup
3302,2026-03-17 04:00:00,onboarding_started
3302,2026-03-17 13:00:00,onboarding_completed
3302,2026-03-17 13:00:00,project_created
3303,2026-03-13 00:00:00,signup
3304,2026-04-19 00:00:00,signup
3304,2026-04-19 09:00:00,onboarding_started
3304,2026-04-19 18:00:00,onboarding_completed
3304,2026-04-19 18:00:00,project_created
3304,2026-04-19 18:00:00,integration_connected
3304,2026-04-20 18:00:00,teammate_invited
3305,2026-01-12 00:00:00,signup
3305,2026-01-12 01:00:00,onboarding_started
3305,2026-01-12 08:00:00,onboarding_completed
3305,2026-01-13 08:00:00,project_created
3305,2026-01-13 08:00:00,integration_connected
3305,2026-01-19 08:00:00,report_created
3306,2026-06-10 00:00:00,signup
3306,2026-06-10 23:00:00,onboarding_started
3306,2026-06-11 08:00:00,onboarding_completed
3307,2026-02-14 00:00:00,signup
3307,2026-02-14 17:00:00,onboarding_started
3307,2026-02-15 04:00:00,onboarding_completed
3307,2026-02-16 04:00:00,project_created
3307,2026-02-16 04:00:00,integration_connected
3307,2026-02-18 04:00:00,teammate_invited
3307,2026-02-18 04:00:00,report_created
3308,2026-03-31 00:00:00,signup
3308,2026-03-31 19:00:00,onboarding_started
3309,2026-04-13 00:00:00,signup
3309,2026-04-13 03:00:00,onboarding_started
3309,2026-04-13 07:00:00,onboarding_completed
3309,2026-04-14 07:00:00,project_created
3309,2026-04-20 07:00:00,report_created
3309,2026-05-14 00:00:00,dashboard_viewed
3310,2026-01-08 00:00:00,signup
3310,2026-01-08 22:00:00,onboarding_started
3310,2026-01-09 04:00:00,onboarding_completed
3311,2026-06-02 00:00:00,signup
3311,2026-06-02 12:00:00,onboarding_started
3311,2026-06-02 14:00:00,onboarding_completed
3312,2026-04-01 00:00:00,signup
3312,2026-04-01 12:00:00,onboarding_started
3312,2026-04-01 16:00:00,onboarding_completed
3312,2026-04-04 16:00:00,project_created
3312,2026-04-06 16:00:00,report_created
3313,2026-06-23 00:00:00,signup
3313,2026-06-23 23:00:00,onboarding_started
3313,2026-06-24 03:00:00,onboarding_completed
3314,2026-03-28 00:00:00,signup
3314,2026-03-28 23:00:00,onboarding_started
3314,2026-03-29 06:00:00,onboarding_completed
3314,2026-04-01 06:00:00,project_created
3314,2026-04-01 06:00:00,teammate_invited
3315,2026-06-07 00:00:00,signup
3315,2026-06-07 17:00:00,onboarding_started
3315,2026-06-07 21:00:00,onboarding_completed
3315,2026-06-07 21:00:00,project_created
3316,2026-06-24 00:00:00,signup
3316,2026-06-24 17:00:00,onboarding_started
3316,2026-06-24 23:00:00,onboarding_completed
3316,2026-06-27 23:00:00,project_created
3316,2026-06-29 23:00:00,teammate_invited
3316,2026-07-02 23:00:00,report_created
3316,2026-08-01 00:00:00,dashboard_viewed
3317,2026-06-26 00:00:00,signup
3317,2026-06-26 10:00:00,onboarding_started
3317,2026-06-26 15:00:00,onboarding_completed
3317,2026-06-29 15:00:00,project_created
3317,2026-08-03 00:00:00,dashboard_viewed
3318,2026-06-24 00:00:00,signup
3318,2026-06-24 05:00:00,onboarding_started
3319,2026-03-25 00:00:00,signup
3320,2026-03-23 00:00:00,signup
3320,2026-03-23 10:00:00,onboarding_started
3320,2026-03-23 18:00:00,onboarding_completed
3321,2026-05-26 00:00:00,signup
3321,2026-05-26 22:00:00,onboarding_started
3321,2026-05-27 08:00:00,onboarding_completed
3322,2026-03-09 00:00:00,signup
3322,2026-03-09 14:00:00,onboarding_started
3322,2026-03-09 23:00:00,onboarding_completed
3323,2026-06-10 00:00:00,signup
3323,2026-06-10 09:00:00,onboarding_started
3323,2026-06-10 14:00:00,onboarding_completed
3323,2026-06-13 14:00:00,project_created
3323,2026-06-14 14:00:00,teammate_invited
3323,2026-06-15 14:00:00,report_created
3324,2026-05-07 00:00:00,signup
3324,2026-05-07 05:00:00,onboarding_started
3325,2026-06-13 00:00:00,signup
3325,2026-06-13 10:00:00,onboarding_started
3325,2026-06-13 21:00:00,onboarding_completed
3325,2026-06-15 21:00:00,project_created
3325,2026-06-17 21:00:00,teammate_invited
3325,2026-07-20 00:00:00,dashboard_viewed
3326,2026-03-23 00:00:00,signup
3327,2026-05-27 00:00:00,signup
3327,2026-05-27 04:00:00,onboarding_started
3328,2026-06-05 00:00:00,signup
3328,2026-06-05 19:00:00,onboarding_started
3328,2026-06-06 03:00:00,onboarding_completed
3328,2026-06-08 03:00:00,project_created
3329,2026-06-17 00:00:00,signup
3329,2026-06-17 07:00:00,onboarding_started
3329,2026-06-17 16:00:00,onboarding_completed
3329,2026-06-18 16:00:00,project_created
3330,2026-03-25 00:00:00,signup
3330,2026-03-25 14:00:00,onboarding_started
3330,2026-03-25 20:00:00,onboarding_completed
3330,2026-03-26 20:00:00,project_created
3330,2026-03-30 20:00:00,report_created
3330,2026-04-28 00:00:00,dashboard_viewed
3331,2026-04-23 00:00:00,signup
3331,2026-04-23 09:00:00,onboarding_started
3331,2026-04-23 12:00:00,onboarding_completed
3331,2026-04-26 12:00:00,project_created
3331,2026-05-01 12:00:00,report_created
3332,2026-03-17 00:00:00,signup
3332,2026-03-17 11:00:00,onboarding_started
3332,2026-03-17 17:00:00,onboarding_completed
3332,2026-03-17 17:00:00,project_created
3332,2026-03-18 17:00:00,report_created
3333,2026-05-02 00:00:00,signup
3333,2026-05-02 11:00:00,onboarding_started
3333,2026-05-02 16:00:00,onboarding_completed
3334,2026-05-23 00:00:00,signup
3334,2026-05-23 13:00:00,onboarding_started
3334,2026-05-23 17:00:00,onboarding_completed
3334,2026-05-25 17:00:00,project_created
3334,2026-05-29 17:00:00,integration_connected
3334,2026-05-31 17:00:00,report_created
3334,2026-07-02 00:00:00,dashboard_viewed
3335,2026-02-10 00:00:00,signup
3335,2026-02-10 03:00:00,onboarding_started
3335,2026-02-10 08:00:00,onboarding_completed
3336,2026-06-16 00:00:00,signup
3336,2026-06-16 22:00:00,onboarding_started
3336,2026-06-17 05:00:00,onboarding_completed
3336,2026-06-20 05:00:00,project_created
3336,2026-06-22 05:00:00,report_created
3337,2026-01-02 00:00:00,signup
3338,2026-01-29 00:00:00,signup
3339,2026-04-15 00:00:00,signup
3339,2026-04-15 15:00:00,onboarding_started
3339,2026-04-15 18:00:00,onboarding_completed
3340,2026-02-20 00:00:00,signup
3341,2026-03-16 00:00:00,signup
3341,2026-03-16 19:00:00,onboarding_started
3342,2026-01-10 00:00:00,signup
3342,2026-01-10 12:00:00,onboarding_started
3342,2026-01-10 20:00:00,onboarding_completed
3342,2026-01-11 20:00:00,project_created
3342,2026-01-15 20:00:00,report_created
3343,2026-05-22 00:00:00,signup
3343,2026-05-22 08:00:00,onboarding_started
3343,2026-05-22 19:00:00,onboarding_completed
3343,2026-05-23 19:00:00,project_created
3343,2026-05-26 19:00:00,report_created
3344,2026-02-20 00:00:00,signup
3344,2026-02-20 04:00:00,onboarding_started
3344,2026-02-20 07:00:00,onboarding_completed
3344,2026-02-22 07:00:00,project_created
3344,2026-02-23 07:00:00,teammate_invited
3345,2026-04-28 00:00:00,signup
3345,2026-04-28 14:00:00,onboarding_started
3346,2026-05-01 00:00:00,signup
3347,2026-02-08 00:00:00,signup
3347,2026-02-08 07:00:00,onboarding_started
3347,2026-02-08 16:00:00,onboarding_completed
3347,2026-02-09 16:00:00,project_created
3348,2026-01-28 00:00:00,signup
3348,2026-01-28 03:00:00,onboarding_started
3348,2026-01-28 11:00:00,onboarding_completed
3348,2026-01-30 11:00:00,project_created
3348,2026-02-01 11:00:00,report_created
3349,2026-01-03 00:00:00,signup
3349,2026-01-03 23:00:00,onboarding_started
3349,2026-01-04 00:00:00,onboarding_completed
3349,2026-01-07 00:00:00,project_created
3349,2026-01-07 00:00:00,teammate_invited
3349,2026-01-07 00:00:00,integration_connected
3349,2026-01-12 00:00:00,report_created
3349,2026-02-04 00:00:00,dashboard_viewed
3350,2026-03-25 00:00:00,signup
3350,2026-03-25 18:00:00,onboarding_started
3350,2026-03-25 22:00:00,onboarding_completed
3351,2026-06-04 00:00:00,signup
3351,2026-06-04 20:00:00,onboarding_started
3352,2026-04-27 00:00:00,signup
3352,2026-04-27 07:00:00,onboarding_started
3352,2026-04-27 17:00:00,onboarding_completed
3352,2026-04-28 17:00:00,project_created
3352,2026-04-29 17:00:00,integration_connected
3353,2026-01-02 00:00:00,signup
3353,2026-01-02 09:00:00,onboarding_started
3353,2026-01-02 10:00:00,onboarding_completed
3354,2026-04-03 00:00:00,signup
3354,2026-04-03 07:00:00,onboarding_started
3354,2026-04-03 08:00:00,onboarding_completed
3354,2026-04-06 08:00:00,project_created
3354,2026-04-06 08:00:00,teammate_invited
3354,2026-04-09 08:00:00,integration_connected
3354,2026-05-08 00:00:00,dashboard_viewed
3355,2026-06-15 00:00:00,signup
3356,2026-05-11 00:00:00,signup
3356,2026-05-11 07:00:00,onboarding_started
3357,2026-05-24 00:00:00,signup
3357,2026-05-24 20:00:00,onboarding_started
3357,2026-05-25 02:00:00,onboarding_completed
3357,2026-05-25 02:00:00,project_created
3357,2026-05-26 02:00:00,teammate_invited
3357,2026-05-29 02:00:00,integration_connected
3357,2026-05-31 02:00:00,report_created
3357,2026-07-03 00:00:00,dashboard_viewed
3358,2026-04-04 00:00:00,signup
3358,2026-04-04 09:00:00,onboarding_started
3358,2026-04-04 13:00:00,onboarding_completed
3358,2026-04-07 13:00:00,project_created
3358,2026-04-10 13:00:00,report_created
3358,2026-04-11 13:00:00,integration_connected
3358,2026-05-10 00:00:00,dashboard_viewed
3359,2026-02-09 00:00:00,signup
3359,2026-02-09 13:00:00,onboarding_started
3359,2026-02-09 21:00:00,onboarding_completed
3359,2026-02-09 21:00:00,project_created
3359,2026-02-11 21:00:00,teammate_invited
3359,2026-03-14 00:00:00,dashboard_viewed
3360,2026-01-02 00:00:00,signup
3360,2026-01-02 12:00:00,onboarding_started
3360,2026-01-02 23:00:00,onboarding_completed
3360,2026-01-04 23:00:00,project_created
3360,2026-01-04 23:00:00,teammate_invited
3360,2026-01-08 23:00:00,report_created
3361,2026-03-22 00:00:00,signup
3361,2026-03-22 11:00:00,onboarding_started
3362,2026-06-18 00:00:00,signup
3363,2026-01-12 00:00:00,signup
3363,2026-01-12 14:00:00,onboarding_started
3363,2026-01-12 15:00:00,onboarding_completed
3363,2026-01-14 15:00:00,project_created
3363,2026-01-16 15:00:00,teammate_invited
3363,2026-02-14 00:00:00,dashboard_viewed
3364,2026-06-12 00:00:00,signup
3364,2026-06-12 17:00:00,onboarding_started
3364,2026-06-12 22:00:00,onboarding_completed
3364,2026-06-14 22:00:00,project_created
3364,2026-06-15 22:00:00,teammate_invited
3364,2026-06-15 22:00:00,report_created
3364,2026-07-12 00:00:00,dashboard_viewed
3365,2026-03-06 00:00:00,signup
3365,2026-03-06 12:00:00,onboarding_started
3365,2026-03-06 20:00:00,onboarding_completed
3366,2026-02-24 00:00:00,signup
3366,2026-02-24 23:00:00,onboarding_started
3366,2026-02-25 06:00:00,onboarding_completed
3367,2026-02-14 00:00:00,signup
3367,2026-02-14 15:00:00,onboarding_started
3367,2026-02-14 19:00:00,onboarding_completed
3367,2026-02-14 19:00:00,project_created
3367,2026-02-15 19:00:00,report_created
3367,2026-03-21 00:00:00,dashboard_viewed
3368,2026-04-11 00:00:00,signup
3368,2026-04-11 19:00:00,onboarding_started
3368,2026-04-12 00:00:00,onboarding_completed
3369,2026-03-03 00:00:00,signup
3369,2026-03-03 13:00:00,onboarding_started
3369,2026-03-03 15:00:00,onboarding_completed
3370,2026-02-18 00:00:00,signup
3370,2026-02-18 11:00:00,onboarding_started
3370,2026-02-18 16:00:00,onboarding_completed
3370,2026-02-19 16:00:00,project_created
3370,2026-02-19 16:00:00,teammate_invited
3370,2026-03-30 00:00:00,dashboard_viewed
3371,2026-05-07 00:00:00,signup
3371,2026-05-07 10:00:00,onboarding_started
3371,2026-05-07 19:00:00,onboarding_completed
3371,2026-05-09 19:00:00,project_created
3371,2026-05-11 19:00:00,teammate_invited
3371,2026-05-12 19:00:00,integration_connected
3371,2026-06-10 00:00:00,dashboard_viewed
3372,2026-06-02 00:00:00,signup
3372,2026-06-02 13:00:00,onboarding_started
3372,2026-06-02 20:00:00,onboarding_completed
3373,2026-01-23 00:00:00,signup
3373,2026-01-23 16:00:00,onboarding_started
3373,2026-01-23 22:00:00,onboarding_completed
3374,2026-06-01 00:00:00,signup
3374,2026-06-01 23:00:00,onboarding_started
3374,2026-06-02 03:00:00,onboarding_completed
3375,2026-02-07 00:00:00,signup
3375,2026-02-07 02:00:00,onboarding_started
3375,2026-02-07 08:00:00,onboarding_completed
3375,2026-02-09 08:00:00,project_created
3375,2026-02-10 08:00:00,teammate_invited
3376,2026-01-28 00:00:00,signup
3376,2026-01-28 14:00:00,onboarding_started
3376,2026-01-28 20:00:00,onboarding_completed
3377,2026-01-21 00:00:00,signup
3378,2026-04-17 00:00:00,signup
3379,2026-05-26 00:00:00,signup
3379,2026-05-26 02:00:00,onboarding_started
3379,2026-05-26 13:00:00,onboarding_completed
3379,2026-05-29 13:00:00,project_created
3379,2026-05-30 13:00:00,teammate_invited
3379,2026-06-04 13:00:00,report_created
3380,2026-06-13 00:00:00,signup
3380,2026-06-13 03:00:00,onboarding_started
3380,2026-06-13 08:00:00,onboarding_completed
3381,2026-04-09 00:00:00,signup
3381,2026-04-09 20:00:00,onboarding_started
3382,2026-06-22 00:00:00,signup
3382,2026-06-22 02:00:00,onboarding_started
3383,2026-04-29 00:00:00,signup
3383,2026-04-29 02:00:00,onboarding_started
3383,2026-04-29 10:00:00,onboarding_completed
3384,2026-03-14 00:00:00,signup
3384,2026-03-14 08:00:00,onboarding_started
3384,2026-03-14 17:00:00,onboarding_completed
3385,2026-06-30 00:00:00,signup
3386,2026-05-02 00:00:00,signup
3386,2026-05-02 09:00:00,onboarding_started
3387,2026-01-30 00:00:00,signup
3387,2026-01-30 06:00:00,onboarding_started
3387,2026-01-30 16:00:00,onboarding_completed
3387,2026-01-31 16:00:00,project_created
3387,2026-02-04 16:00:00,report_created
3388,2026-04-18 00:00:00,signup
3388,2026-04-18 07:00:00,onboarding_started
3389,2026-04-08 00:00:00,signup
3389,2026-04-08 10:00:00,onboarding_started
3390,2026-02-01 00:00:00,signup
3390,2026-02-01 04:00:00,onboarding_started
3390,2026-02-01 13:00:00,onboarding_completed
3390,2026-02-04 13:00:00,project_created
3390,2026-02-04 13:00:00,teammate_invited
3390,2026-02-10 13:00:00,report_created
3390,2026-03-06 00:00:00,dashboard_viewed
3391,2026-06-05 00:00:00,signup
3391,2026-06-05 20:00:00,onboarding_started
3392,2026-06-21 00:00:00,signup
3392,2026-06-21 20:00:00,onboarding_started
3392,2026-06-22 02:00:00,onboarding_completed
3393,2026-03-20 00:00:00,signup
3393,2026-03-20 03:00:00,onboarding_started
3393,2026-03-20 10:00:00,onboarding_completed
3393,2026-03-21 10:00:00,project_created
3393,2026-03-27 10:00:00,report_created
3394,2026-02-10 00:00:00,signup
3394,2026-02-10 20:00:00,onboarding_started
3394,2026-02-11 02:00:00,onboarding_completed
3395,2026-03-04 00:00:00,signup
3395,2026-03-04 09:00:00,onboarding_started
3395,2026-03-04 13:00:00,onboarding_completed
3396,2026-01-23 00:00:00,signup
3396,2026-01-23 19:00:00,onboarding_started
3396,2026-01-24 03:00:00,onboarding_completed
3397,2026-04-14 00:00:00,signup
3397,2026-04-14 17:00:00,onboarding_started
3397,2026-04-15 04:00:00,onboarding_completed
3398,2026-03-16 00:00:00,signup
3399,2026-02-17 00:00:00,signup
3399,2026-02-17 16:00:00,onboarding_started
3399,2026-02-18 00:00:00,onboarding_completed
3399,2026-02-18 00:00:00,project_created
3399,2026-02-19 00:00:00,integration_connected
3400,2026-06-09 00:00:00,signup
3400,2026-06-09 04:00:00,onboarding_started
3400,2026-06-09 14:00:00,onboarding_completed
3400,2026-06-11 14:00:00,project_created
3400,2026-06-12 14:00:00,teammate_invited
3400,2026-06-14 14:00:00,report_created
3401,2026-02-26 00:00:00,signup
3401,2026-02-26 15:00:00,onboarding_started
3401,2026-02-26 18:00:00,onboarding_completed
3402,2026-04-28 00:00:00,signup
3402,2026-04-28 04:00:00,onboarding_started
3402,2026-04-28 14:00:00,onboarding_completed
3402,2026-04-28 14:00:00,project_created
3402,2026-04-28 14:00:00,teammate_invited
3402,2026-05-02 14:00:00,integration_connected
3402,2026-06-05 00:00:00,dashboard_viewed
3403,2026-04-10 00:00:00,signup
3403,2026-04-10 02:00:00,onboarding_started
3403,2026-04-10 03:00:00,onboarding_completed
3403,2026-04-13 03:00:00,project_created
3404,2026-05-04 00:00:00,signup
3404,2026-05-04 04:00:00,onboarding_started
3405,2026-06-10 00:00:00,signup
3406,2026-06-01 00:00:00,signup
3406,2026-06-01 04:00:00,onboarding_started
3406,2026-06-01 15:00:00,onboarding_completed
3407,2026-06-16 00:00:00,signup
3407,2026-06-16 03:00:00,onboarding_started
3407,2026-06-16 11:00:00,onboarding_completed
3407,2026-06-17 11:00:00,project_created
3407,2026-06-19 11:00:00,teammate_invited
3407,2026-07-25 00:00:00,dashboard_viewed
3408,2026-02-03 00:00:00,signup
3408,2026-02-03 04:00:00,onboarding_started
3408,2026-02-03 06:00:00,onboarding_completed
3408,2026-02-06 06:00:00,project_created
3408,2026-02-09 06:00:00,integration_connected
3408,2026-02-12 06:00:00,report_created
3409,2026-06-05 00:00:00,signup
3409,2026-06-05 11:00:00,onboarding_started
3410,2026-06-14 00:00:00,signup
3410,2026-06-14 10:00:00,onboarding_started
3410,2026-06-14 16:00:00,onboarding_completed
3411,2026-01-07 00:00:00,signup
3411,2026-01-07 05:00:00,onboarding_started
3412,2026-06-14 00:00:00,signup
3412,2026-06-14 06:00:00,onboarding_started
3413,2026-02-25 00:00:00,signup
3413,2026-02-25 21:00:00,onboarding_started
3414,2026-03-06 00:00:00,signup
3414,2026-03-06 05:00:00,onboarding_started
3414,2026-03-06 13:00:00,onboarding_completed
3414,2026-03-08 13:00:00,project_created
3414,2026-03-10 13:00:00,teammate_invited
3415,2026-02-16 00:00:00,signup
3415,2026-02-16 17:00:00,onboarding_started
3416,2026-05-28 00:00:00,signup
3416,2026-05-28 12:00:00,onboarding_started
3416,2026-05-28 17:00:00,onboarding_completed
3416,2026-05-30 17:00:00,project_created
3417,2026-01-19 00:00:00,signup
3417,2026-01-19 04:00:00,onboarding_started
3417,2026-01-19 07:00:00,onboarding_completed
3418,2026-06-06 00:00:00,signup
3418,2026-06-06 18:00:00,onboarding_started
3419,2026-05-26 00:00:00,signup
3419,2026-05-26 02:00:00,onboarding_started
3420,2026-06-12 00:00:00,signup
3420,2026-06-12 04:00:00,onboarding_started
3421,2026-06-20 00:00:00,signup
3421,2026-06-20 13:00:00,onboarding_started
3422,2026-05-06 00:00:00,signup
3422,2026-05-06 12:00:00,onboarding_started
3423,2026-05-19 00:00:00,signup
3423,2026-05-19 14:00:00,onboarding_started
3424,2026-02-18 00:00:00,signup
3424,2026-02-18 11:00:00,onboarding_started
3424,2026-02-18 16:00:00,onboarding_completed
3425,2026-04-23 00:00:00,signup
3425,2026-04-23 06:00:00,onboarding_started
3425,2026-04-23 17:00:00,onboarding_completed
3426,2026-02-07 00:00:00,signup
3426,2026-02-07 05:00:00,onboarding_started
3426,2026-02-07 09:00:00,onboarding_completed
3426,2026-02-10 09:00:00,project_created
3426,2026-02-11 09:00:00,teammate_invited
3426,2026-02-11 09:00:00,integration_connected
3426,2026-02-13 09:00:00,report_created
3426,2026-03-18 00:00:00,dashboard_viewed
3427,2026-03-05 00:00:00,signup
3427,2026-03-05 05:00:00,onboarding_started
3427,2026-03-05 13:00:00,onboarding_completed
3428,2026-03-10 00:00:00,signup
3428,2026-03-10 20:00:00,onboarding_started
3428,2026-03-11 02:00:00,onboarding_completed
3428,2026-03-12 02:00:00,project_created
3428,2026-03-14 02:00:00,teammate_invited
3428,2026-03-17 02:00:00,report_created
3429,2026-05-16 00:00:00,signup
3429,2026-05-16 18:00:00,onboarding_started
3430,2026-06-11 00:00:00,signup
3430,2026-06-11 17:00:00,onboarding_started
3431,2026-06-25 00:00:00,signup
3431,2026-06-25 18:00:00,onboarding_started
3431,2026-06-26 02:00:00,onboarding_completed
3431,2026-06-28 02:00:00,project_created
3431,2026-06-30 02:00:00,teammate_invited
3432,2026-04-26 00:00:00,signup
3432,2026-04-26 05:00:00,onboarding_started
3433,2026-03-06 00:00:00,signup
3433,2026-03-06 14:00:00,onboarding_started
3433,2026-03-06 21:00:00,onboarding_completed
3433,2026-03-07 21:00:00,project_created
3433,2026-03-08 21:00:00,teammate_invited
3434,2026-01-31 00:00:00,signup
3434,2026-01-31 02:00:00,onboarding_started
3434,2026-01-31 06:00:00,onboarding_completed
3434,2026-02-02 06:00:00,project_created
3434,2026-02-03 06:00:00,teammate_invited
3435,2026-05-12 00:00:00,signup
3435,2026-05-12 20:00:00,onboarding_started
3436,2026-04-23 00:00:00,signup
3436,2026-04-23 14:00:00,onboarding_started
3436,2026-04-23 20:00:00,onboarding_completed
3436,2026-04-23 20:00:00,project_created
3436,2026-04-23 20:00:00,teammate_invited
3436,2026-04-24 20:00:00,report_created
3436,2026-05-31 00:00:00,dashboard_viewed
3437,2026-04-19 00:00:00,signup
3437,2026-04-19 06:00:00,onboarding_started
3437,2026-04-19 16:00:00,onboarding_completed
3437,2026-04-19 16:00:00,project_created
3437,2026-04-22 16:00:00,integration_connected
3437,2026-04-24 16:00:00,report_created
3438,2026-06-27 00:00:00,signup
3439,2026-03-10 00:00:00,signup
3439,2026-03-10 11:00:00,onboarding_started
3440,2026-06-07 00:00:00,signup
3440,2026-06-07 15:00:00,onboarding_started
3440,2026-06-07 23:00:00,onboarding_completed
3440,2026-06-10 23:00:00,project_created
3440,2026-06-11 23:00:00,integration_connected
3440,2026-07-16 00:00:00,dashboard_viewed
3441,2026-04-30 00:00:00,signup
3441,2026-04-30 17:00:00,onboarding_started
3442,2026-03-29 00:00:00,signup
3442,2026-03-29 05:00:00,onboarding_started
3442,2026-03-29 12:00:00,onboarding_completed
3442,2026-03-29 12:00:00,project_created
3442,2026-03-31 12:00:00,teammate_invited
3442,2026-04-01 12:00:00,integration_connected
3442,2026-04-29 00:00:00,dashboard_viewed
3443,2026-03-08 00:00:00,signup
3443,2026-03-08 12:00:00,onboarding_started
3443,2026-03-08 17:00:00,onboarding_completed
3443,2026-03-11 17:00:00,project_created
3443,2026-03-12 17:00:00,integration_connected
3443,2026-03-12 17:00:00,report_created
3444,2026-03-16 00:00:00,signup
3444,2026-03-16 15:00:00,onboarding_started
3444,2026-03-17 02:00:00,onboarding_completed
3444,2026-03-20 02:00:00,project_created
3444,2026-03-20 02:00:00,teammate_invited
3444,2026-04-25 00:00:00,dashboard_viewed
3445,2026-02-14 00:00:00,signup
3445,2026-02-14 20:00:00,onboarding_started
3445,2026-02-15 04:00:00,onboarding_completed
3445,2026-02-15 04:00:00,project_created
3445,2026-02-20 04:00:00,report_created
3446,2026-01-04 00:00:00,signup
3446,2026-01-04 05:00:00,onboarding_started
3446,2026-01-04 06:00:00,onboarding_completed
3447,2026-06-03 00:00:00,signup
3447,2026-06-03 15:00:00,onboarding_started
3448,2026-06-04 00:00:00,signup
3448,2026-06-04 17:00:00,onboarding_started
3448,2026-06-05 01:00:00,onboarding_completed
3449,2026-06-23 00:00:00,signup
3449,2026-06-23 19:00:00,onboarding_started
3449,2026-06-23 20:00:00,onboarding_completed
3449,2026-06-23 20:00:00,project_created
3449,2026-07-26 00:00:00,dashboard_viewed
3450,2026-04-17 00:00:00,signup
3450,2026-04-17 02:00:00,onboarding_started
3451,2026-02-20 00:00:00,signup
3451,2026-02-20 15:00:00,onboarding_started
3451,2026-02-20 17:00:00,onboarding_completed
3452,2026-02-19 00:00:00,signup
3452,2026-02-19 10:00:00,onboarding_started
3453,2026-01-06 00:00:00,signup
3453,2026-01-06 11:00:00,onboarding_started
3454,2026-02-28 00:00:00,signup
3454,2026-02-28 01:00:00,onboarding_started
3454,2026-02-28 10:00:00,onboarding_completed
3455,2026-05-05 00:00:00,signup
3455,2026-05-05 23:00:00,onboarding_started
3455,2026-05-06 01:00:00,onboarding_completed
3455,2026-05-09 01:00:00,project_created
3455,2026-05-10 01:00:00,teammate_invited
3455,2026-05-12 01:00:00,integration_connected
3455,2026-06-08 00:00:00,dashboard_viewed
3456,2026-05-23 00:00:00,signup
3457,2026-01-30 00:00:00,signup
3457,2026-01-30 09:00:00,onboarding_started
3457,2026-01-30 20:00:00,onboarding_completed
3457,2026-02-01 20:00:00,project_created
3458,2026-06-19 00:00:00,signup
3458,2026-06-19 09:00:00,onboarding_started
3458,2026-06-19 13:00:00,onboarding_completed
3459,2026-05-02 00:00:00,signup
3459,2026-05-02 07:00:00,onboarding_started
3459,2026-05-02 16:00:00,onboarding_completed
3459,2026-05-05 16:00:00,project_created
3459,2026-05-07 16:00:00,teammate_invited
3460,2026-05-05 00:00:00,signup
3460,2026-05-05 14:00:00,onboarding_started
3460,2026-05-05 16:00:00,onboarding_completed
3460,2026-05-08 16:00:00,project_created
3460,2026-05-08 16:00:00,teammate_invited
3460,2026-05-09 16:00:00,integration_connected
3460,2026-05-14 16:00:00,report_created
3461,2026-02-06 00:00:00,signup
3462,2026-06-19 00:00:00,signup
3462,2026-06-19 22:00:00,onboarding_started
3462,2026-06-20 05:00:00,onboarding_completed
3462,2026-06-21 05:00:00,project_created
3463,2026-05-04 00:00:00,signup
3463,2026-05-04 16:00:00,onboarding_started
3463,2026-05-04 21:00:00,onboarding_completed
3463,2026-05-06 21:00:00,project_created
3463,2026-06-08 00:00:00,dashboard_viewed
3464,2026-04-11 00:00:00,signup
3464,2026-04-11 02:00:00,onboarding_started
3465,2026-02-04 00:00:00,signup
3465,2026-02-04 20:00:00,onboarding_started
3465,2026-02-05 03:00:00,onboarding_completed
3465,2026-02-07 03:00:00,project_created
3465,2026-02-07 03:00:00,integration_connected
3465,2026-02-08 03:00:00,teammate_invited
3465,2026-02-10 03:00:00,report_created
3466,2026-03-28 00:00:00,signup
3466,2026-03-28 23:00:00,onboarding_started
3466,2026-03-29 10:00:00,onboarding_completed
3466,2026-03-31 10:00:00,project_created
3466,2026-04-02 10:00:00,teammate_invited
3466,2026-04-05 10:00:00,report_created
3466,2026-04-29 00:00:00,dashboard_viewed
3467,2026-05-14 00:00:00,signup
3468,2026-01-18 00:00:00,signup
3469,2026-04-23 00:00:00,signup
3469,2026-04-23 14:00:00,onboarding_started
3469,2026-04-23 17:00:00,onboarding_completed
3470,2026-01-29 00:00:00,signup
3471,2026-03-18 00:00:00,signup
3471,2026-03-18 09:00:00,onboarding_started
3471,2026-03-18 16:00:00,onboarding_completed
3472,2026-02-28 00:00:00,signup
3472,2026-02-28 05:00:00,onboarding_started
3472,2026-02-28 13:00:00,onboarding_completed
3472,2026-03-02 13:00:00,project_created
3472,2026-03-05 13:00:00,report_created
3472,2026-04-08 00:00:00,dashboard_viewed
3473,2026-06-24 00:00:00,signup
3473,2026-06-24 11:00:00,onboarding_started
3473,2026-06-24 16:00:00,onboarding_completed
3473,2026-06-25 16:00:00,project_created
3473,2026-07-01 16:00:00,report_created
3474,2026-05-06 00:00:00,signup
3474,2026-05-06 15:00:00,onboarding_started
3474,2026-05-06 18:00:00,onboarding_completed
3474,2026-05-09 18:00:00,project_created
3474,2026-05-11 18:00:00,teammate_invited
3474,2026-06-10 00:00:00,dashboard_viewed
3475,2026-05-25 00:00:00,signup
3475,2026-05-25 07:00:00,onboarding_started
3476,2026-04-19 00:00:00,signup
3476,2026-04-19 01:00:00,onboarding_started
3476,2026-04-19 05:00:00,onboarding_completed
3477,2026-01-22 00:00:00,signup
3478,2026-03-09 00:00:00,signup
3478,2026-03-09 05:00:00,onboarding_started
3478,2026-03-09 09:00:00,onboarding_completed
3479,2026-03-10 00:00:00,signup
3479,2026-03-10 13:00:00,onboarding_started
3479,2026-03-10 17:00:00,onboarding_completed
3479,2026-03-12 17:00:00,project_created
3479,2026-03-13 17:00:00,report_created
3479,2026-04-18 00:00:00,dashboard_viewed
3480,2026-06-14 00:00:00,signup
3480,2026-06-14 13:00:00,onboarding_started
3481,2026-02-18 00:00:00,signup
3481,2026-02-18 21:00:00,onboarding_started
3481,2026-02-19 03:00:00,onboarding_completed
3482,2026-05-21 00:00:00,signup
3482,2026-05-21 18:00:00,onboarding_started
3482,2026-05-21 23:00:00,onboarding_completed
3482,2026-05-24 23:00:00,project_created
3482,2026-05-25 23:00:00,teammate_invited
3482,2026-05-25 23:00:00,report_created
3482,2026-05-26 23:00:00,integration_connected
3483,2026-06-11 00:00:00,signup
3483,2026-06-11 07:00:00,onboarding_started
3484,2026-04-19 00:00:00,signup
3484,2026-04-19 09:00:00,onboarding_started
3484,2026-04-19 10:00:00,onboarding_completed
3484,2026-04-21 10:00:00,project_created
3484,2026-04-23 10:00:00,teammate_invited
3484,2026-04-23 10:00:00,report_created
3484,2026-05-27 00:00:00,dashboard_viewed
3485,2026-03-27 00:00:00,signup
3485,2026-03-27 15:00:00,onboarding_started
3485,2026-03-28 00:00:00,onboarding_completed
3485,2026-03-31 00:00:00,project_created
3485,2026-03-31 00:00:00,teammate_invited
3485,2026-03-31 00:00:00,integration_connected
3485,2026-04-01 00:00:00,report_created
3485,2026-05-05 00:00:00,dashboard_viewed
3486,2026-02-22 00:00:00,signup
3487,2026-05-03 00:00:00,signup
3487,2026-05-03 13:00:00,onboarding_started
3487,2026-05-03 19:00:00,onboarding_completed
3487,2026-05-04 19:00:00,project_created
3487,2026-05-05 19:00:00,teammate_invited
3487,2026-05-06 19:00:00,integration_connected
3488,2026-03-28 00:00:00,signup
3488,2026-03-28 18:00:00,onboarding_started
3489,2026-06-28 00:00:00,signup
3490,2026-05-11 00:00:00,signup
3490,2026-05-11 18:00:00,onboarding_started
3490,2026-05-11 22:00:00,onboarding_completed
3490,2026-05-11 22:00:00,project_created
3490,2026-05-13 22:00:00,teammate_invited
3490,2026-05-13 22:00:00,report_created
3491,2026-02-11 00:00:00,signup
3491,2026-02-11 14:00:00,onboarding_started
3491,2026-02-11 22:00:00,onboarding_completed
3491,2026-02-13 22:00:00,project_created
3492,2026-04-08 00:00:00,signup
3492,2026-04-08 23:00:00,onboarding_started
3492,2026-04-09 06:00:00,onboarding_completed
3492,2026-04-12 06:00:00,project_created
3492,2026-04-14 06:00:00,integration_connected
3492,2026-05-13 00:00:00,dashboard_viewed
3493,2026-06-09 00:00:00,signup
3493,2026-06-09 14:00:00,onboarding_started
3494,2026-04-19 00:00:00,signup
3494,2026-04-19 06:00:00,onboarding_started
3495,2026-02-20 00:00:00,signup
3495,2026-02-20 19:00:00,onboarding_started
3496,2026-03-26 00:00:00,signup
3496,2026-03-26 16:00:00,onboarding_started
3496,2026-03-26 21:00:00,onboarding_completed
3496,2026-03-26 21:00:00,project_created
3496,2026-03-27 21:00:00,integration_connected
3496,2026-04-26 00:00:00,dashboard_viewed
3497,2026-06-23 00:00:00,signup
3497,2026-06-23 10:00:00,onboarding_started
3497,2026-06-23 18:00:00,onboarding_completed
3497,2026-06-23 18:00:00,project_created
3497,2026-06-27 18:00:00,integration_connected
3497,2026-07-24 00:00:00,dashboard_viewed
3498,2026-05-07 00:00:00,signup
3498,2026-05-07 01:00:00,onboarding_started
3498,2026-05-07 10:00:00,onboarding_completed
3498,2026-05-10 10:00:00,project_created
3498,2026-05-11 10:00:00,report_created
3498,2026-05-12 10:00:00,teammate_invited
3498,2026-06-16 00:00:00,dashboard_viewed
3499,2026-01-21 00:00:00,signup
3499,2026-01-21 01:00:00,onboarding_started
3499,2026-01-21 08:00:00,onboarding_completed
3499,2026-01-22 08:00:00,project_created
3499,2026-01-23 08:00:00,teammate_invited
3499,2026-02-25 00:00:00,dashboard_viewed
3500,2026-02-13 00:00:00,signup
3500,2026-02-13 11:00:00,onboarding_started
3501,2026-05-19 00:00:00,signup
3502,2026-04-13 00:00:00,signup
3502,2026-04-13 13:00:00,onboarding_started
3502,2026-04-13 19:00:00,onboarding_completed
3502,2026-04-16 19:00:00,project_created
3502,2026-04-16 19:00:00,teammate_invited
3502,2026-04-18 19:00:00,report_created
3502,2026-04-19 19:00:00,integration_connected
3503,2026-03-09 00:00:00,signup
3503,2026-03-09 05:00:00,onboarding_started
3503,2026-03-09 08:00:00,onboarding_completed
3504,2026-05-09 00:00:00,signup
3504,2026-05-09 12:00:00,onboarding_started
3504,2026-05-09 14:00:00,onboarding_completed
3504,2026-05-11 14:00:00,project_created
3504,2026-05-11 14:00:00,teammate_invited
3505,2026-04-02 00:00:00,signup
3505,2026-04-02 02:00:00,onboarding_started
3506,2026-01-24 00:00:00,signup
3506,2026-01-24 05:00:00,onboarding_started
3506,2026-01-24 14:00:00,onboarding_completed
3506,2026-01-27 14:00:00,project_created
3506,2026-01-28 14:00:00,integration_connected
3506,2026-01-31 14:00:00,report_created
3506,2026-03-01 00:00:00,dashboard_viewed
3507,2026-05-05 00:00:00,signup
3507,2026-05-05 02:00:00,onboarding_started
3507,2026-05-05 05:00:00,onboarding_completed
3508,2026-05-21 00:00:00,signup
3508,2026-05-21 15:00:00,onboarding_started
3508,2026-05-21 22:00:00,onboarding_completed
3508,2026-05-23 22:00:00,project_created
3508,2026-05-24 22:00:00,report_created
3509,2026-04-21 00:00:00,signup
3509,2026-04-21 02:00:00,onboarding_started
3509,2026-04-21 10:00:00,onboarding_completed
3510,2026-04-08 00:00:00,signup
3510,2026-04-08 12:00:00,onboarding_started
3511,2026-05-19 00:00:00,signup
3511,2026-05-19 17:00:00,onboarding_started
3512,2026-06-28 00:00:00,signup
3512,2026-06-28 17:00:00,onboarding_started
3513,2026-01-17 00:00:00,signup
3513,2026-01-17 21:00:00,onboarding_started
3513,2026-01-18 08:00:00,onboarding_completed
3514,2026-04-09 00:00:00,signup
3514,2026-04-09 03:00:00,onboarding_started
3515,2026-03-23 00:00:00,signup
3515,2026-03-23 09:00:00,onboarding_started
3515,2026-03-23 10:00:00,onboarding_completed
3515,2026-03-25 10:00:00,project_created
3515,2026-03-26 10:00:00,integration_connected
3515,2026-03-28 10:00:00,report_created
3516,2026-04-14 00:00:00,signup
3516,2026-04-14 11:00:00,onboarding_started
3516,2026-04-14 14:00:00,onboarding_completed
3517,2026-06-01 00:00:00,signup
3517,2026-06-01 12:00:00,onboarding_started
3517,2026-06-01 17:00:00,onboarding_completed
3517,2026-06-02 17:00:00,project_created
3517,2026-06-04 17:00:00,report_created
3517,2026-07-09 00:00:00,dashboard_viewed
3518,2026-01-19 00:00:00,signup
3518,2026-01-19 08:00:00,onboarding_started
3519,2026-06-14 00:00:00,signup
3519,2026-06-14 15:00:00,onboarding_started
3519,2026-06-15 01:00:00,onboarding_completed
3520,2026-03-26 00:00:00,signup
3521,2026-01-08 00:00:00,signup
3521,2026-01-08 16:00:00,onboarding_started
3521,2026-01-09 00:00:00,onboarding_completed
3521,2026-01-10 00:00:00,project_created
3521,2026-01-10 00:00:00,teammate_invited
3521,2026-01-14 00:00:00,integration_connected
3521,2026-02-11 00:00:00,dashboard_viewed
3522,2026-01-28 00:00:00,signup
3523,2026-01-05 00:00:00,signup
3523,2026-01-05 18:00:00,onboarding_started
3523,2026-01-05 23:00:00,onboarding_completed
3524,2026-05-25 00:00:00,signup
3524,2026-05-25 17:00:00,onboarding_started
3525,2026-04-11 00:00:00,signup
3525,2026-04-11 21:00:00,onboarding_started
3526,2026-06-13 00:00:00,signup
3527,2026-04-28 00:00:00,signup
3527,2026-04-28 18:00:00,onboarding_started
3527,2026-04-29 04:00:00,onboarding_completed
3528,2026-05-27 00:00:00,signup
3528,2026-05-27 07:00:00,onboarding_started
3529,2026-03-05 00:00:00,signup
3530,2026-04-01 00:00:00,signup
3530,2026-04-01 12:00:00,onboarding_started
3530,2026-04-01 14:00:00,onboarding_completed
3530,2026-04-04 14:00:00,project_created
3530,2026-04-06 14:00:00,teammate_invited
3531,2026-04-27 00:00:00,signup
3531,2026-04-27 05:00:00,onboarding_started
3531,2026-04-27 10:00:00,onboarding_completed
3532,2026-04-08 00:00:00,signup
3533,2026-01-11 00:00:00,signup
3533,2026-01-11 18:00:00,onboarding_started
3533,2026-01-12 05:00:00,onboarding_completed
3533,2026-01-15 05:00:00,project_created
3533,2026-01-15 05:00:00,teammate_invited
3533,2026-01-19 05:00:00,report_created
3533,2026-02-18 00:00:00,dashboard_viewed
3534,2026-02-23 00:00:00,signup
3534,2026-02-23 02:00:00,onboarding_started
3534,2026-02-23 11:00:00,onboarding_completed
3534,2026-02-24 11:00:00,project_created
3534,2026-02-26 11:00:00,teammate_invited
3534,2026-02-26 11:00:00,integration_connected
3535,2026-06-22 00:00:00,signup
3536,2026-02-16 00:00:00,signup
3536,2026-02-16 19:00:00,onboarding_started
3537,2026-05-20 00:00:00,signup
3537,2026-05-20 06:00:00,onboarding_started
3538,2026-05-29 00:00:00,signup
3538,2026-05-29 08:00:00,onboarding_started
3538,2026-05-29 09:00:00,onboarding_completed
3538,2026-05-31 09:00:00,project_created
3538,2026-05-31 09:00:00,integration_connected
3538,2026-06-01 09:00:00,teammate_invited
3539,2026-05-19 00:00:00,signup
3539,2026-05-19 07:00:00,onboarding_started
3540,2026-01-05 00:00:00,signup
3540,2026-01-05 07:00:00,onboarding_started
3541,2026-01-20 00:00:00,signup
3542,2026-06-18 00:00:00,signup
3542,2026-06-18 13:00:00,onboarding_started
3542,2026-06-18 14:00:00,onboarding_completed
3543,2026-02-15 00:00:00,signup
3543,2026-02-15 13:00:00,onboarding_started
3543,2026-02-15 21:00:00,onboarding_completed
3543,2026-02-15 21:00:00,project_created
3543,2026-02-16 21:00:00,teammate_invited
3543,2026-02-18 21:00:00,integration_connected
3544,2026-01-12 00:00:00,signup
3544,2026-01-12 15:00:00,onboarding_started
3545,2026-03-11 00:00:00,signup
3545,2026-03-11 18:00:00,onboarding_started
3545,2026-03-11 21:00:00,onboarding_completed
3545,2026-03-11 21:00:00,project_created
3545,2026-03-11 21:00:00,teammate_invited
3545,2026-03-13 21:00:00,integration_connected
3546,2026-01-17 00:00:00,signup
3546,2026-01-17 10:00:00,onboarding_started
3546,2026-01-17 17:00:00,onboarding_completed
3547,2026-04-25 00:00:00,signup
3547,2026-04-25 08:00:00,onboarding_started
3548,2026-05-27 00:00:00,signup
3548,2026-05-27 08:00:00,onboarding_started
3548,2026-05-27 09:00:00,onboarding_completed
3548,2026-05-28 09:00:00,project_created
3549,2026-06-03 00:00:00,signup
3549,2026-06-03 22:00:00,onboarding_started
3550,2026-02-17 00:00:00,signup
3550,2026-02-17 05:00:00,onboarding_started
3550,2026-02-17 09:00:00,onboarding_completed
3550,2026-02-17 09:00:00,project_created
3550,2026-02-19 09:00:00,integration_connected
3551,2026-04-18 00:00:00,signup
3551,2026-04-18 15:00:00,onboarding_started
3551,2026-04-18 23:00:00,onboarding_completed
3552,2026-02-21 00:00:00,signup
3552,2026-02-21 18:00:00,onboarding_started
3552,2026-02-22 04:00:00,onboarding_completed
3552,2026-02-22 04:00:00,project_created
3552,2026-02-26 04:00:00,report_created
3553,2026-04-06 00:00:00,signup
3553,2026-04-06 07:00:00,onboarding_started
3553,2026-04-06 12:00:00,onboarding_completed
3553,2026-04-08 12:00:00,project_created
3553,2026-04-10 12:00:00,teammate_invited
3553,2026-05-14 00:00:00,dashboard_viewed
3554,2026-03-11 00:00:00,signup
3554,2026-03-11 19:00:00,onboarding_started
3554,2026-03-12 01:00:00,onboarding_completed
3554,2026-03-14 01:00:00,project_created
3554,2026-03-16 01:00:00,teammate_invited
3554,2026-04-16 00:00:00,dashboard_viewed
3555,2026-04-12 00:00:00,signup
3555,2026-04-12 19:00:00,onboarding_started
3555,2026-04-12 20:00:00,onboarding_completed
3555,2026-04-14 20:00:00,project_created
3556,2026-03-16 00:00:00,signup
3557,2026-06-10 00:00:00,signup
3557,2026-06-10 19:00:00,onboarding_started
3557,2026-06-11 00:00:00,onboarding_completed
3557,2026-06-11 00:00:00,project_created
3557,2026-06-11 00:00:00,teammate_invited
3558,2026-05-31 00:00:00,signup
3558,2026-05-31 03:00:00,onboarding_started
3559,2026-05-23 00:00:00,signup
3559,2026-05-23 22:00:00,onboarding_started
3560,2026-06-04 00:00:00,signup
3560,2026-06-04 08:00:00,onboarding_started
3560,2026-06-04 18:00:00,onboarding_completed
3560,2026-06-04 18:00:00,project_created
3560,2026-06-04 18:00:00,teammate_invited
3560,2026-07-05 00:00:00,dashboard_viewed
3561,2026-06-28 00:00:00,signup
3561,2026-06-28 01:00:00,onboarding_started
3561,2026-06-28 06:00:00,onboarding_completed
3561,2026-06-29 06:00:00,project_created
3562,2026-06-30 00:00:00,signup
3562,2026-06-30 15:00:00,onboarding_started
3563,2026-03-23 00:00:00,signup
3563,2026-03-23 22:00:00,onboarding_started
3564,2026-04-02 00:00:00,signup
3564,2026-04-02 07:00:00,onboarding_started
3564,2026-04-02 09:00:00,onboarding_completed
3565,2026-06-28 00:00:00,signup
3565,2026-06-28 10:00:00,onboarding_started
3565,2026-06-28 15:00:00,onboarding_completed
3566,2026-06-24 00:00:00,signup
3566,2026-06-24 13:00:00,onboarding_started
3566,2026-06-24 16:00:00,onboarding_completed
3566,2026-06-26 16:00:00,project_created
3566,2026-08-02 00:00:00,dashboard_viewed
3567,2026-01-04 00:00:00,signup
3567,2026-01-04 22:00:00,onboarding_started
3567,2026-01-05 01:00:00,onboarding_completed
3567,2026-01-07 01:00:00,project_created
3568,2026-05-15 00:00:00,signup
3568,2026-05-15 06:00:00,onboarding_started
3568,2026-05-15 17:00:00,onboarding_completed
3569,2026-04-19 00:00:00,signup
3569,2026-04-19 20:00:00,onboarding_started
3569,2026-04-20 05:00:00,onboarding_completed
3569,2026-04-20 05:00:00,project_created
3569,2026-04-22 05:00:00,teammate_invited
3569,2026-04-23 05:00:00,integration_connected
3569,2026-05-29 00:00:00,dashboard_viewed
3570,2026-06-12 00:00:00,signup
3570,2026-06-12 21:00:00,onboarding_started
3570,2026-06-13 02:00:00,onboarding_completed
3571,2026-02-17 00:00:00,signup
3572,2026-03-14 00:00:00,signup
3572,2026-03-14 11:00:00,onboarding_started
3572,2026-03-14 18:00:00,onboarding_completed
3572,2026-03-17 18:00:00,project_created
3572,2026-03-19 18:00:00,integration_connected
3573,2026-03-13 00:00:00,signup
3573,2026-03-13 11:00:00,onboarding_started
3573,2026-03-13 21:00:00,onboarding_completed
3573,2026-03-15 21:00:00,project_created
3574,2026-04-26 00:00:00,signup
3574,2026-04-26 16:00:00,onboarding_started
3575,2026-06-22 00:00:00,signup
3575,2026-06-22 10:00:00,onboarding_started
3575,2026-06-22 16:00:00,onboarding_completed
3576,2026-03-22 00:00:00,signup
3576,2026-03-22 20:00:00,onboarding_started
3576,2026-03-23 03:00:00,onboarding_completed
3576,2026-03-26 03:00:00,project_created
3576,2026-03-26 03:00:00,integration_connected
3576,2026-03-28 03:00:00,teammate_invited
3576,2026-03-28 03:00:00,report_created
3576,2026-05-01 00:00:00,dashboard_viewed
3577,2026-03-22 00:00:00,signup
3577,2026-03-22 12:00:00,onboarding_started
3577,2026-03-22 13:00:00,onboarding_completed
3577,2026-03-24 13:00:00,project_created
3577,2026-03-26 13:00:00,teammate_invited
3577,2026-04-23 00:00:00,dashboard_viewed
3578,2026-04-23 00:00:00,signup
3578,2026-04-23 14:00:00,onboarding_started
3578,2026-04-23 16:00:00,onboarding_completed
3578,2026-04-24 16:00:00,project_created
3578,2026-04-25 16:00:00,teammate_invited
3579,2026-04-06 00:00:00,signup
3579,2026-04-06 19:00:00,onboarding_started
3579,2026-04-07 00:00:00,onboarding_completed
3579,2026-04-09 00:00:00,project_created
3579,2026-04-11 00:00:00,integration_connected
3579,2026-04-15 00:00:00,report_created
3580,2026-03-13 00:00:00,signup
3580,2026-03-13 05:00:00,onboarding_started
3581,2026-05-27 00:00:00,signup
3582,2026-03-04 00:00:00,signup
3582,2026-03-04 09:00:00,onboarding_started
3582,2026-03-04 11:00:00,onboarding_completed
3583,2026-02-07 00:00:00,signup
3583,2026-02-07 02:00:00,onboarding_started
3584,2026-03-08 00:00:00,signup
3584,2026-03-08 19:00:00,onboarding_started
3584,2026-03-08 20:00:00,onboarding_completed
3585,2026-03-10 00:00:00,signup
3586,2026-01-13 00:00:00,signup
3587,2026-06-24 00:00:00,signup
3587,2026-06-24 03:00:00,onboarding_started
3587,2026-06-24 08:00:00,onboarding_completed
3587,2026-06-25 08:00:00,project_created
3587,2026-07-24 00:00:00,dashboard_viewed
3588,2026-01-31 00:00:00,signup
3588,2026-01-31 05:00:00,onboarding_started
3588,2026-01-31 16:00:00,onboarding_completed
3588,2026-02-03 16:00:00,project_created
3588,2026-02-04 16:00:00,teammate_invited
3588,2026-02-04 16:00:00,integration_connected
3589,2026-04-24 00:00:00,signup
3590,2026-01-22 00:00:00,signup
3590,2026-01-22 01:00:00,onboarding_started
3590,2026-01-22 05:00:00,onboarding_completed
3590,2026-01-24 05:00:00,project_created
3591,2026-04-03 00:00:00,signup
3591,2026-04-03 07:00:00,onboarding_started
3591,2026-04-03 15:00:00,onboarding_completed
3592,2026-06-20 00:00:00,signup
3592,2026-06-20 02:00:00,onboarding_started
3593,2026-03-08 00:00:00,signup
3594,2026-02-23 00:00:00,signup
3594,2026-02-23 23:00:00,onboarding_started
3595,2026-05-18 00:00:00,signup
3595,2026-05-18 07:00:00,onboarding_started
3595,2026-05-18 08:00:00,onboarding_completed
3596,2026-02-11 00:00:00,signup
3596,2026-02-11 01:00:00,onboarding_started
3597,2026-03-05 00:00:00,signup
3597,2026-03-05 14:00:00,onboarding_started
3597,2026-03-05 18:00:00,onboarding_completed
3597,2026-03-07 18:00:00,project_created
3597,2026-03-09 18:00:00,teammate_invited
3597,2026-03-10 18:00:00,integration_connected
3597,2026-04-10 00:00:00,dashboard_viewed
3598,2026-05-06 00:00:00,signup
3598,2026-05-06 08:00:00,onboarding_started
3598,2026-05-06 19:00:00,onboarding_completed
3598,2026-05-08 19:00:00,project_created
3599,2026-01-21 00:00:00,signup
3599,2026-01-21 06:00:00,onboarding_started
3600,2026-06-18 00:00:00,signup
3601,2026-06-01 00:00:00,signup
3601,2026-06-01 13:00:00,onboarding_started
3601,2026-06-01 20:00:00,onboarding_completed
3601,2026-06-03 20:00:00,project_created
3601,2026-06-04 20:00:00,report_created
3602,2026-02-04 00:00:00,signup
3603,2026-01-30 00:00:00,signup
3603,2026-01-30 19:00:00,onboarding_started
3604,2026-02-26 00:00:00,signup
3604,2026-02-26 16:00:00,onboarding_started
3605,2026-02-16 00:00:00,signup
3605,2026-02-16 23:00:00,onboarding_started
3605,2026-02-17 05:00:00,onboarding_completed
3605,2026-02-19 05:00:00,project_created
3605,2026-02-23 05:00:00,integration_connected
3605,2026-03-28 00:00:00,dashboard_viewed
3606,2026-06-12 00:00:00,signup
3606,2026-06-12 22:00:00,onboarding_started
3606,2026-06-13 06:00:00,onboarding_completed
3606,2026-06-15 06:00:00,project_created
3606,2026-06-17 06:00:00,teammate_invited
3606,2026-07-21 00:00:00,dashboard_viewed
3607,2026-01-19 00:00:00,signup
3607,2026-01-19 16:00:00,onboarding_started
3607,2026-01-19 17:00:00,onboarding_completed
3607,2026-01-22 17:00:00,project_created
3607,2026-01-26 17:00:00,report_created
3608,2026-04-24 00:00:00,signup
3608,2026-04-24 14:00:00,onboarding_started
3608,2026-04-25 00:00:00,onboarding_completed
3608,2026-04-28 00:00:00,project_created
3608,2026-05-02 00:00:00,integration_connected
3609,2026-01-08 00:00:00,signup
3609,2026-01-08 23:00:00,onboarding_started
3609,2026-01-09 04:00:00,onboarding_completed
3609,2026-01-09 04:00:00,project_created
3609,2026-01-09 04:00:00,teammate_invited
3609,2026-01-15 04:00:00,report_created
3609,2026-02-12 00:00:00,dashboard_viewed
3610,2026-01-26 00:00:00,signup
3610,2026-01-26 06:00:00,onboarding_started
3610,2026-01-26 12:00:00,onboarding_completed
3610,2026-01-26 12:00:00,project_created
3610,2026-01-28 12:00:00,teammate_invited
3610,2026-01-30 12:00:00,integration_connected
3611,2026-04-23 00:00:00,signup
3612,2026-03-12 00:00:00,signup
3612,2026-03-12 13:00:00,onboarding_started
3612,2026-03-12 15:00:00,onboarding_completed
3613,2026-01-30 00:00:00,signup
3613,2026-01-30 12:00:00,onboarding_started
3613,2026-01-30 18:00:00,onboarding_completed
3613,2026-02-01 18:00:00,project_created
3613,2026-02-01 18:00:00,integration_connected
3614,2026-05-15 00:00:00,signup
3615,2026-03-08 00:00:00,signup
3615,2026-03-08 04:00:00,onboarding_started
3615,2026-03-08 05:00:00,onboarding_completed
3615,2026-03-11 05:00:00,project_created
3615,2026-03-13 05:00:00,report_created
3616,2026-03-06 00:00:00,signup
3616,2026-03-06 16:00:00,onboarding_started
3617,2026-02-05 00:00:00,signup
3617,2026-02-05 10:00:00,onboarding_started
3617,2026-02-05 16:00:00,onboarding_completed
3617,2026-02-06 16:00:00,project_created
3617,2026-02-10 16:00:00,report_created
3617,2026-03-10 00:00:00,dashboard_viewed
3618,2026-01-25 00:00:00,signup
3618,2026-01-25 23:00:00,onboarding_started
3618,2026-01-26 02:00:00,onboarding_completed
3618,2026-01-26 02:00:00,project_created
3618,2026-01-27 02:00:00,integration_connected
3619,2026-02-06 00:00:00,signup
3619,2026-02-06 19:00:00,onboarding_started
3619,2026-02-06 23:00:00,onboarding_completed
3620,2026-01-01 00:00:00,signup
3620,2026-01-01 09:00:00,onboarding_started
3620,2026-01-01 12:00:00,onboarding_completed
3620,2026-01-03 12:00:00,project_created
3620,2026-01-03 12:00:00,teammate_invited
3620,2026-01-03 12:00:00,integration_connected
3620,2026-01-05 12:00:00,report_created
3621,2026-05-23 00:00:00,signup
3622,2026-02-06 00:00:00,signup
3622,2026-02-06 03:00:00,onboarding_started
3622,2026-02-06 10:00:00,onboarding_completed
3623,2026-05-21 00:00:00,signup
3624,2026-05-16 00:00:00,signup
3624,2026-05-16 05:00:00,onboarding_started
3624,2026-05-16 07:00:00,onboarding_completed
3624,2026-05-19 07:00:00,project_created
3624,2026-05-20 07:00:00,teammate_invited
3625,2026-05-13 00:00:00,signup
3626,2026-05-08 00:00:00,signup
3626,2026-05-08 03:00:00,onboarding_started
3626,2026-05-08 07:00:00,onboarding_completed
3627,2026-05-07 00:00:00,signup
3627,2026-05-07 16:00:00,onboarding_started
3627,2026-05-08 02:00:00,onboarding_completed
3627,2026-05-08 02:00:00,project_created
3627,2026-05-09 02:00:00,teammate_invited
3627,2026-05-09 02:00:00,report_created
3627,2026-05-11 02:00:00,integration_connected
3627,2026-06-08 00:00:00,dashboard_viewed
3628,2026-01-01 00:00:00,signup
3628,2026-01-01 20:00:00,onboarding_started
3628,2026-01-01 22:00:00,onboarding_completed
3628,2026-01-02 22:00:00,project_created
3628,2026-02-03 00:00:00,dashboard_viewed
3629,2026-06-13 00:00:00,signup
3630,2026-02-04 00:00:00,signup
3630,2026-02-04 13:00:00,onboarding_started
3630,2026-02-04 17:00:00,onboarding_completed
3630,2026-02-06 17:00:00,project_created
3630,2026-02-06 17:00:00,teammate_invited
3630,2026-03-06 00:00:00,dashboard_viewed
3631,2026-04-14 00:00:00,signup
3631,2026-04-14 14:00:00,onboarding_started
3632,2026-01-23 00:00:00,signup
3632,2026-01-23 23:00:00,onboarding_started
3633,2026-01-09 00:00:00,signup
3634,2026-02-03 00:00:00,signup
3634,2026-02-03 08:00:00,onboarding_started
3634,2026-02-03 13:00:00,onboarding_completed
3634,2026-02-05 13:00:00,project_created
3634,2026-02-05 13:00:00,teammate_invited
3634,2026-02-06 13:00:00,report_created
3635,2026-06-23 00:00:00,signup
3635,2026-06-23 11:00:00,onboarding_started
3635,2026-06-23 13:00:00,onboarding_completed
3635,2026-06-25 13:00:00,project_created
3636,2026-05-08 00:00:00,signup
3636,2026-05-08 05:00:00,onboarding_started
3637,2026-01-04 00:00:00,signup
3637,2026-01-04 20:00:00,onboarding_started
3638,2026-06-07 00:00:00,signup
3638,2026-06-07 11:00:00,onboarding_started
3639,2026-04-12 00:00:00,signup
3639,2026-04-12 15:00:00,onboarding_started
3639,2026-04-12 19:00:00,onboarding_completed
3639,2026-04-12 19:00:00,project_created
3639,2026-04-12 19:00:00,teammate_invited
3639,2026-04-13 19:00:00,integration_connected
3639,2026-04-17 19:00:00,report_created
3639,2026-05-17 00:00:00,dashboard_viewed
3640,2026-03-16 00:00:00,signup
3640,2026-03-16 09:00:00,onboarding_started
3640,2026-03-16 14:00:00,onboarding_completed
3640,2026-03-19 14:00:00,project_created
3640,2026-03-20 14:00:00,report_created
3641,2026-04-09 00:00:00,signup
3642,2026-03-13 00:00:00,signup
3642,2026-03-13 09:00:00,onboarding_started
3642,2026-03-13 20:00:00,onboarding_completed
3642,2026-03-14 20:00:00,project_created
3642,2026-03-15 20:00:00,teammate_invited
3642,2026-03-17 20:00:00,integration_connected
3642,2026-04-15 00:00:00,dashboard_viewed
3643,2026-01-03 00:00:00,signup
3643,2026-01-03 13:00:00,onboarding_started
3644,2026-05-22 00:00:00,signup
3645,2026-06-22 00:00:00,signup
3645,2026-06-22 18:00:00,onboarding_started
3645,2026-06-23 01:00:00,onboarding_completed
3645,2026-06-26 01:00:00,project_created
3645,2026-07-01 01:00:00,report_created
3646,2026-02-03 00:00:00,signup
3646,2026-02-03 19:00:00,onboarding_started
3646,2026-02-04 03:00:00,onboarding_completed
3647,2026-02-14 00:00:00,signup
3647,2026-02-14 18:00:00,onboarding_started
3647,2026-02-14 21:00:00,onboarding_completed
3647,2026-02-14 21:00:00,project_created
3647,2026-02-15 21:00:00,teammate_invited
3647,2026-03-23 00:00:00,dashboard_viewed
3648,2026-03-02 00:00:00,signup
3648,2026-03-02 09:00:00,onboarding_started
3649,2026-03-24 00:00:00,signup
3649,2026-03-24 17:00:00,onboarding_started
3649,2026-03-25 00:00:00,onboarding_completed
3650,2026-05-03 00:00:00,signup
3650,2026-05-03 12:00:00,onboarding_started
3650,2026-05-03 22:00:00,onboarding_completed
3650,2026-05-04 22:00:00,project_created
3651,2026-04-12 00:00:00,signup
3651,2026-04-12 04:00:00,onboarding_started
3652,2026-01-16 00:00:00,signup
3652,2026-01-16 01:00:00,onboarding_started
3653,2026-03-07 00:00:00,signup
3653,2026-03-07 07:00:00,onboarding_started
3653,2026-03-07 08:00:00,onboarding_completed
3653,2026-03-09 08:00:00,project_created
3653,2026-03-10 08:00:00,report_created
3653,2026-03-11 08:00:00,teammate_invited
3653,2026-03-13 08:00:00,integration_connected
3654,2026-06-17 00:00:00,signup
3655,2026-05-25 00:00:00,signup
3655,2026-05-25 23:00:00,onboarding_started
3655,2026-05-26 06:00:00,onboarding_completed
3655,2026-05-29 06:00:00,project_created
3655,2026-05-31 06:00:00,integration_connected
3656,2026-04-29 00:00:00,signup
3656,2026-04-29 14:00:00,onboarding_started
3657,2026-06-11 00:00:00,signup
3657,2026-06-11 12:00:00,onboarding_started
3658,2026-05-04 00:00:00,signup
3658,2026-05-04 11:00:00,onboarding_started
3658,2026-05-04 20:00:00,onboarding_completed
3658,2026-05-06 20:00:00,project_created
3659,2026-05-24 00:00:00,signup
3659,2026-05-24 15:00:00,onboarding_started
3659,2026-05-24 18:00:00,onboarding_completed
3659,2026-05-25 18:00:00,project_created
3660,2026-04-12 00:00:00,signup
3660,2026-04-12 04:00:00,onboarding_started
3660,2026-04-12 09:00:00,onboarding_completed
3660,2026-04-14 09:00:00,project_created
3660,2026-04-14 09:00:00,integration_connected
3660,2026-04-15 09:00:00,teammate_invited
3660,2026-04-15 09:00:00,report_created
3661,2026-03-07 00:00:00,signup
3661,2026-03-07 07:00:00,onboarding_started
3662,2026-01-13 00:00:00,signup
3662,2026-01-13 06:00:00,onboarding_started
3662,2026-01-13 10:00:00,onboarding_completed
3662,2026-01-16 10:00:00,project_created
3662,2026-01-18 10:00:00,report_created
3663,2026-04-21 00:00:00,signup
3663,2026-04-21 08:00:00,onboarding_started
3663,2026-04-21 15:00:00,onboarding_completed
3663,2026-04-23 15:00:00,project_created
3663,2026-04-24 15:00:00,teammate_invited
3663,2026-04-27 15:00:00,report_created
3663,2026-05-26 00:00:00,dashboard_viewed
3664,2026-06-08 00:00:00,signup
3664,2026-06-08 09:00:00,onboarding_started
3664,2026-06-08 13:00:00,onboarding_completed
3664,2026-06-08 13:00:00,project_created
3664,2026-06-09 13:00:00,report_created
3664,2026-06-10 13:00:00,teammate_invited
3664,2026-06-11 13:00:00,integration_connected
3664,2026-07-17 00:00:00,dashboard_viewed
3665,2026-02-03 00:00:00,signup
3665,2026-02-03 07:00:00,onboarding_started
3665,2026-02-03 10:00:00,onboarding_completed
3665,2026-02-04 10:00:00,project_created
3666,2026-02-08 00:00:00,signup
3667,2026-05-16 00:00:00,signup
3667,2026-05-16 18:00:00,onboarding_started
3667,2026-05-16 19:00:00,onboarding_completed
3667,2026-05-19 19:00:00,project_created
3667,2026-05-25 19:00:00,report_created
3667,2026-06-25 00:00:00,dashboard_viewed
3668,2026-04-30 00:00:00,signup
3668,2026-04-30 02:00:00,onboarding_started
3668,2026-04-30 04:00:00,onboarding_completed
3669,2026-05-06 00:00:00,signup
3669,2026-05-06 09:00:00,onboarding_started
3669,2026-05-06 16:00:00,onboarding_completed
3669,2026-05-07 16:00:00,project_created
3670,2026-02-24 00:00:00,signup
3670,2026-02-24 13:00:00,onboarding_started
3670,2026-02-24 18:00:00,onboarding_completed
3670,2026-02-24 18:00:00,project_created
3670,2026-02-27 18:00:00,integration_connected
3671,2026-01-27 00:00:00,signup
3671,2026-01-27 17:00:00,onboarding_started
3671,2026-01-27 20:00:00,onboarding_completed
3672,2026-04-28 00:00:00,signup
3673,2026-02-22 00:00:00,signup
3674,2026-02-08 00:00:00,signup
3674,2026-02-08 22:00:00,onboarding_started
3674,2026-02-09 05:00:00,onboarding_completed
3674,2026-02-11 05:00:00,project_created
3674,2026-02-13 05:00:00,teammate_invited
3674,2026-03-18 00:00:00,dashboard_viewed
3675,2026-03-06 00:00:00,signup
3675,2026-03-06 05:00:00,onboarding_started
3676,2026-05-25 00:00:00,signup
3676,2026-05-25 22:00:00,onboarding_started
3677,2026-06-07 00:00:00,signup
3677,2026-06-07 01:00:00,onboarding_started
3678,2026-06-30 00:00:00,signup
3679,2026-01-13 00:00:00,signup
3679,2026-01-13 21:00:00,onboarding_started
3679,2026-01-14 04:00:00,onboarding_completed
3680,2026-01-21 00:00:00,signup
3680,2026-01-21 13:00:00,onboarding_started
3680,2026-01-21 16:00:00,onboarding_completed
3681,2026-05-27 00:00:00,signup
3682,2026-02-22 00:00:00,signup
3682,2026-02-22 19:00:00,onboarding_started
3683,2026-01-19 00:00:00,signup
3683,2026-01-19 17:00:00,onboarding_started
3683,2026-01-20 03:00:00,onboarding_completed
3684,2026-02-26 00:00:00,signup
3684,2026-02-26 06:00:00,onboarding_started
3685,2026-01-25 00:00:00,signup
3685,2026-01-25 10:00:00,onboarding_started
3686,2026-01-31 00:00:00,signup
3686,2026-01-31 23:00:00,onboarding_started
3686,2026-02-01 07:00:00,onboarding_completed
3686,2026-02-02 07:00:00,project_created
3686,2026-02-03 07:00:00,teammate_invited
3686,2026-02-05 07:00:00,report_created
3686,2026-03-05 00:00:00,dashboard_viewed
3687,2026-03-22 00:00:00,signup
3687,2026-03-22 23:00:00,onboarding_started
3688,2026-01-23 00:00:00,signup
3688,2026-01-23 18:00:00,onboarding_started
3688,2026-01-23 23:00:00,onboarding_completed
3688,2026-01-23 23:00:00,project_created
3688,2026-01-23 23:00:00,teammate_invited
3688,2026-01-25 23:00:00,report_created
3689,2026-02-01 00:00:00,signup
3689,2026-02-01 10:00:00,onboarding_started
3690,2026-03-15 00:00:00,signup
3690,2026-03-15 21:00:00,onboarding_started
3690,2026-03-16 03:00:00,onboarding_completed
3690,2026-03-17 03:00:00,project_created
3690,2026-03-18 03:00:00,teammate_invited
3690,2026-03-18 03:00:00,report_created
3690,2026-04-23 00:00:00,dashboard_viewed
3691,2026-01-10 00:00:00,signup
3691,2026-01-10 07:00:00,onboarding_started
3692,2026-02-23 00:00:00,signup
3692,2026-02-23 02:00:00,onboarding_started
3692,2026-02-23 03:00:00,onboarding_completed
3692,2026-02-26 03:00:00,project_created
3692,2026-02-28 03:00:00,teammate_invited
3692,2026-03-03 03:00:00,report_created
3693,2026-02-21 00:00:00,signup
3693,2026-02-21 03:00:00,onboarding_started
3693,2026-02-21 07:00:00,onboarding_completed
3693,2026-02-21 07:00:00,project_created
3693,2026-02-25 07:00:00,report_created
3694,2026-05-28 00:00:00,signup
3695,2026-06-09 00:00:00,signup
3695,2026-06-09 01:00:00,onboarding_started
3696,2026-04-24 00:00:00,signup
3696,2026-04-24 20:00:00,onboarding_started
3697,2026-01-14 00:00:00,signup
3697,2026-01-14 12:00:00,onboarding_started
3697,2026-01-14 23:00:00,onboarding_completed
3697,2026-01-17 23:00:00,project_created
3697,2026-01-23 23:00:00,report_created
3697,2026-02-18 00:00:00,dashboard_viewed
3698,2026-06-27 00:00:00,signup
3698,2026-06-27 23:00:00,onboarding_started
3698,2026-06-28 04:00:00,onboarding_completed
3698,2026-06-28 04:00:00,project_created
3699,2026-06-05 00:00:00,signup
3699,2026-06-05 23:00:00,onboarding_started
3699,2026-06-06 07:00:00,onboarding_completed
3699,2026-06-09 07:00:00,project_created
3699,2026-06-09 07:00:00,teammate_invited
3699,2026-06-12 07:00:00,report_created
3699,2026-07-05 00:00:00,dashboard_viewed
3700,2026-04-20 00:00:00,signup
3700,2026-04-20 14:00:00,onboarding_started
3700,2026-04-20 20:00:00,onboarding_completed
3700,2026-04-23 20:00:00,project_created
3700,2026-04-29 20:00:00,report_created
3700,2026-05-29 00:00:00,dashboard_viewed
3701,2026-02-22 00:00:00,signup
3701,2026-02-22 04:00:00,onboarding_started
3702,2026-06-01 00:00:00,signup
3702,2026-06-01 19:00:00,onboarding_started
3702,2026-06-02 01:00:00,onboarding_completed
3702,2026-06-04 01:00:00,project_created
3703,2026-03-20 00:00:00,signup
3704,2026-01-22 00:00:00,signup
3704,2026-01-22 21:00:00,onboarding_started
3704,2026-01-23 05:00:00,onboarding_completed
3704,2026-01-24 05:00:00,project_created
3704,2026-01-24 05:00:00,integration_connected
3704,2026-01-29 05:00:00,report_created
3705,2026-01-30 00:00:00,signup
3705,2026-01-30 06:00:00,onboarding_started
3705,2026-01-30 12:00:00,onboarding_completed
3705,2026-02-02 12:00:00,project_created
3705,2026-02-02 12:00:00,teammate_invited
3705,2026-02-03 12:00:00,integration_connected
3705,2026-02-03 12:00:00,report_created
3706,2026-01-04 00:00:00,signup
3706,2026-01-04 13:00:00,onboarding_started
3706,2026-01-04 22:00:00,onboarding_completed
3706,2026-01-06 22:00:00,project_created
3706,2026-01-06 22:00:00,teammate_invited
3707,2026-02-28 00:00:00,signup
3707,2026-02-28 11:00:00,onboarding_started
3707,2026-02-28 16:00:00,onboarding_completed
3708,2026-01-08 00:00:00,signup
3708,2026-01-08 20:00:00,onboarding_started
3708,2026-01-09 04:00:00,onboarding_completed
3709,2026-01-12 00:00:00,signup
3709,2026-01-12 20:00:00,onboarding_started
3709,2026-01-13 02:00:00,onboarding_completed
3710,2026-04-29 00:00:00,signup
3710,2026-04-29 10:00:00,onboarding_started
3710,2026-04-29 19:00:00,onboarding_completed
3710,2026-05-01 19:00:00,project_created
3710,2026-05-02 19:00:00,teammate_invited
3710,2026-05-04 19:00:00,report_created
3710,2026-06-01 00:00:00,dashboard_viewed
3711,2026-06-08 00:00:00,signup
3711,2026-06-08 03:00:00,onboarding_started
3711,2026-06-08 10:00:00,onboarding_completed
3711,2026-06-09 10:00:00,project_created
3711,2026-06-10 10:00:00,teammate_invited
3711,2026-06-10 10:00:00,report_created
3711,2026-06-13 10:00:00,integration_connected
3711,2026-07-11 00:00:00,dashboard_viewed
3712,2026-02-03 00:00:00,signup
3712,2026-02-03 20:00:00,onboarding_started
3712,2026-02-04 05:00:00,onboarding_completed
3713,2026-03-23 00:00:00,signup
3713,2026-03-23 13:00:00,onboarding_started
3713,2026-03-23 22:00:00,onboarding_completed
3713,2026-03-24 22:00:00,project_created
3713,2026-03-24 22:00:00,teammate_invited
3713,2026-03-25 22:00:00,report_created
3713,2026-04-24 00:00:00,dashboard_viewed
3714,2026-04-08 00:00:00,signup
3714,2026-04-08 22:00:00,onboarding_started
3715,2026-05-07 00:00:00,signup
3715,2026-05-07 23:00:00,onboarding_started
3715,2026-05-08 04:00:00,onboarding_completed
3716,2026-03-16 00:00:00,signup
3716,2026-03-16 14:00:00,onboarding_started
3717,2026-04-15 00:00:00,signup
3717,2026-04-15 21:00:00,onboarding_started
3717,2026-04-16 04:00:00,onboarding_completed
3718,2026-02-18 00:00:00,signup
3718,2026-02-18 17:00:00,onboarding_started
3718,2026-02-18 19:00:00,onboarding_completed
3719,2026-03-20 00:00:00,signup
3719,2026-03-20 12:00:00,onboarding_started
3720,2026-04-03 00:00:00,signup
3720,2026-04-03 02:00:00,onboarding_started
3720,2026-04-03 08:00:00,onboarding_completed
3720,2026-04-03 08:00:00,project_created
3720,2026-04-05 08:00:00,teammate_invited
3721,2026-06-03 00:00:00,signup
3721,2026-06-03 18:00:00,onboarding_started
3721,2026-06-03 23:00:00,onboarding_completed
3721,2026-06-05 23:00:00,project_created
3721,2026-06-07 23:00:00,teammate_invited
3721,2026-07-10 00:00:00,dashboard_viewed
3722,2026-01-18 00:00:00,signup
3723,2026-04-06 00:00:00,signup
3723,2026-04-06 03:00:00,onboarding_started
3724,2026-02-07 00:00:00,signup
3724,2026-02-07 16:00:00,onboarding_started
3724,2026-02-08 03:00:00,onboarding_completed
3725,2026-03-28 00:00:00,signup
3725,2026-03-28 13:00:00,onboarding_started
3725,2026-03-28 15:00:00,onboarding_completed
3726,2026-03-29 00:00:00,signup
3726,2026-03-29 13:00:00,onboarding_started
3727,2026-02-19 00:00:00,signup
3727,2026-02-19 21:00:00,onboarding_started
3728,2026-01-08 00:00:00,signup
3729,2026-06-18 00:00:00,signup
3729,2026-06-18 12:00:00,onboarding_started
3729,2026-06-18 22:00:00,onboarding_completed
3729,2026-06-19 22:00:00,project_created
3730,2026-05-14 00:00:00,signup
3730,2026-05-14 23:00:00,onboarding_started
3731,2026-03-10 00:00:00,signup
3731,2026-03-10 11:00:00,onboarding_started
3731,2026-03-10 17:00:00,onboarding_completed
3731,2026-03-12 17:00:00,project_created
3731,2026-03-17 17:00:00,report_created
3732,2026-06-21 00:00:00,signup
3733,2026-05-01 00:00:00,signup
3733,2026-05-01 10:00:00,onboarding_started
3733,2026-05-01 17:00:00,onboarding_completed
3733,2026-05-02 17:00:00,project_created
3734,2026-03-05 00:00:00,signup
3734,2026-03-05 07:00:00,onboarding_started
3734,2026-03-05 12:00:00,onboarding_completed
3734,2026-03-08 12:00:00,project_created
3734,2026-03-12 12:00:00,report_created
3735,2026-06-06 00:00:00,signup
3735,2026-06-06 14:00:00,onboarding_started
3735,2026-06-06 22:00:00,onboarding_completed
3735,2026-06-06 22:00:00,project_created
3735,2026-06-11 22:00:00,report_created
3736,2026-06-05 00:00:00,signup
3736,2026-06-05 13:00:00,onboarding_started
3737,2026-05-19 00:00:00,signup
3737,2026-05-19 21:00:00,onboarding_started
3738,2026-05-01 00:00:00,signup
3738,2026-05-01 08:00:00,onboarding_started
3738,2026-05-01 18:00:00,onboarding_completed
3738,2026-05-03 18:00:00,project_created
3738,2026-05-07 18:00:00,report_created
3738,2026-06-04 00:00:00,dashboard_viewed
3739,2026-03-06 00:00:00,signup
3739,2026-03-06 23:00:00,onboarding_started
3740,2026-04-17 00:00:00,signup
3740,2026-04-17 23:00:00,onboarding_started
3740,2026-04-18 06:00:00,onboarding_completed
3740,2026-04-21 06:00:00,project_created
3740,2026-04-21 06:00:00,teammate_invited
3740,2026-04-25 06:00:00,report_created
3741,2026-05-27 00:00:00,signup
3741,2026-05-27 18:00:00,onboarding_started
3742,2026-05-17 00:00:00,signup
3742,2026-05-17 14:00:00,onboarding_started
3743,2026-06-04 00:00:00,signup
3743,2026-06-04 22:00:00,onboarding_started
3744,2026-06-11 00:00:00,signup
3744,2026-06-11 17:00:00,onboarding_started
3744,2026-06-12 01:00:00,onboarding_completed
3744,2026-06-14 01:00:00,project_created
3744,2026-06-14 01:00:00,teammate_invited
3744,2026-06-19 01:00:00,report_created
3744,2026-07-12 00:00:00,dashboard_viewed
3745,2026-06-21 00:00:00,signup
3745,2026-06-21 02:00:00,onboarding_started
3746,2026-04-10 00:00:00,signup
3746,2026-04-10 11:00:00,onboarding_started
3746,2026-04-10 19:00:00,onboarding_completed
3746,2026-04-11 19:00:00,project_created
3746,2026-04-12 19:00:00,teammate_invited
3746,2026-04-14 19:00:00,report_created
3747,2026-03-23 00:00:00,signup
3748,2026-05-23 00:00:00,signup
3748,2026-05-23 07:00:00,onboarding_started
3748,2026-05-23 18:00:00,onboarding_completed
3749,2026-02-20 00:00:00,signup
3749,2026-02-20 15:00:00,onboarding_started
3750,2026-05-21 00:00:00,signup
3750,2026-05-21 04:00:00,onboarding_started
3750,2026-05-21 09:00:00,onboarding_completed
3750,2026-05-22 09:00:00,project_created
3750,2026-05-23 09:00:00,teammate_invited
3750,2026-05-25 09:00:00,report_created
3750,2026-06-26 00:00:00,dashboard_viewed
3751,2026-03-24 00:00:00,signup
3752,2026-06-26 00:00:00,signup
3752,2026-06-26 16:00:00,onboarding_started
3752,2026-06-26 23:00:00,onboarding_completed
3753,2026-04-22 00:00:00,signup
3753,2026-04-22 15:00:00,onboarding_started
3753,2026-04-23 00:00:00,onboarding_completed
3753,2026-04-25 00:00:00,project_created
3753,2026-04-25 00:00:00,integration_connected
3753,2026-04-27 00:00:00,report_created
3754,2026-02-25 00:00:00,signup
3754,2026-02-25 05:00:00,onboarding_started
3754,2026-02-25 06:00:00,onboarding_completed
3755,2026-06-28 00:00:00,signup
3756,2026-06-14 00:00:00,signup
3757,2026-05-25 00:00:00,signup
3757,2026-05-25 14:00:00,onboarding_started
3757,2026-05-25 15:00:00,onboarding_completed
3757,2026-05-28 15:00:00,project_created
3758,2026-06-06 00:00:00,signup
3759,2026-06-10 00:00:00,signup
3759,2026-06-10 13:00:00,onboarding_started
3760,2026-03-01 00:00:00,signup
3760,2026-03-01 14:00:00,onboarding_started
3760,2026-03-01 19:00:00,onboarding_completed
3761,2026-04-30 00:00:00,signup
3761,2026-04-30 03:00:00,onboarding_started
3761,2026-04-30 05:00:00,onboarding_completed
3762,2026-05-18 00:00:00,signup
3762,2026-05-18 02:00:00,onboarding_started
3762,2026-05-18 07:00:00,onboarding_completed
3762,2026-05-20 07:00:00,project_created
3762,2026-06-26 00:00:00,dashboard_viewed
3763,2026-06-24 00:00:00,signup
3763,2026-06-24 15:00:00,onboarding_started
3763,2026-06-24 21:00:00,onboarding_completed
3763,2026-06-25 21:00:00,project_created
3763,2026-06-26 21:00:00,report_created
3763,2026-06-28 21:00:00,integration_connected
3764,2026-01-23 00:00:00,signup
3764,2026-01-23 07:00:00,onboarding_started
3764,2026-01-23 09:00:00,onboarding_completed
3764,2026-01-25 09:00:00,project_created
3764,2026-01-28 09:00:00,report_created
3765,2026-05-29 00:00:00,signup
3765,2026-05-29 16:00:00,onboarding_started
3765,2026-05-29 23:00:00,onboarding_completed
3765,2026-06-01 23:00:00,project_created
3765,2026-06-02 23:00:00,teammate_invited
3765,2026-06-06 23:00:00,report_created
3765,2026-07-07 00:00:00,dashboard_viewed
3766,2026-01-13 00:00:00,signup
3766,2026-01-13 19:00:00,onboarding_started
3766,2026-01-14 05:00:00,onboarding_completed
3766,2026-01-14 05:00:00,project_created
3766,2026-01-15 05:00:00,teammate_invited
3766,2026-01-18 05:00:00,integration_connected
3766,2026-01-20 05:00:00,report_created
3767,2026-04-11 00:00:00,signup
3768,2026-06-10 00:00:00,signup
3768,2026-06-10 13:00:00,onboarding_started
3768,2026-06-10 14:00:00,onboarding_completed
3768,2026-06-10 14:00:00,project_created
3768,2026-06-14 14:00:00,integration_connected
3768,2026-07-12 00:00:00,dashboard_viewed
3769,2026-01-24 00:00:00,signup
3769,2026-01-24 08:00:00,onboarding_started
3769,2026-01-24 13:00:00,onboarding_completed
3770,2026-04-18 00:00:00,signup
3771,2026-01-11 00:00:00,signup
3772,2026-01-17 00:00:00,signup
3772,2026-01-17 02:00:00,onboarding_started
3773,2026-06-24 00:00:00,signup
3773,2026-06-24 05:00:00,onboarding_started
3774,2026-01-25 00:00:00,signup
3774,2026-01-25 11:00:00,onboarding_started
3774,2026-01-25 19:00:00,onboarding_completed
3774,2026-01-28 19:00:00,project_created
3774,2026-01-29 19:00:00,teammate_invited
3774,2026-01-31 19:00:00,report_created
3775,2026-04-04 00:00:00,signup
3775,2026-04-04 11:00:00,onboarding_started
3775,2026-04-04 13:00:00,onboarding_completed
3775,2026-04-07 13:00:00,project_created
3775,2026-04-07 13:00:00,teammate_invited
3775,2026-04-11 13:00:00,report_created
3775,2026-05-07 00:00:00,dashboard_viewed
3776,2026-01-21 00:00:00,signup
3777,2026-03-25 00:00:00,signup
3777,2026-03-25 02:00:00,onboarding_started
3777,2026-03-25 11:00:00,onboarding_completed
3777,2026-03-25 11:00:00,project_created
3777,2026-04-29 00:00:00,dashboard_viewed
3778,2026-05-20 00:00:00,signup
3778,2026-05-20 20:00:00,onboarding_started
3778,2026-05-21 02:00:00,onboarding_completed
3779,2026-02-06 00:00:00,signup
3780,2026-02-11 00:00:00,signup
3780,2026-02-11 11:00:00,onboarding_started
3780,2026-02-11 17:00:00,onboarding_completed
3781,2026-05-25 00:00:00,signup
3781,2026-05-25 13:00:00,onboarding_started
3781,2026-05-25 19:00:00,onboarding_completed
3781,2026-05-26 19:00:00,project_created
3781,2026-07-02 00:00:00,dashboard_viewed
3782,2026-04-11 00:00:00,signup
3782,2026-04-11 15:00:00,onboarding_started
3782,2026-04-11 17:00:00,onboarding_completed
3783,2026-02-17 00:00:00,signup
3783,2026-02-17 12:00:00,onboarding_started
3783,2026-02-17 19:00:00,onboarding_completed
3783,2026-02-17 19:00:00,project_created
3783,2026-02-17 19:00:00,teammate_invited
3783,2026-02-21 19:00:00,integration_connected
3783,2026-03-19 00:00:00,dashboard_viewed
3784,2026-04-13 00:00:00,signup
3784,2026-04-13 05:00:00,onboarding_started
3784,2026-04-13 14:00:00,onboarding_completed
3784,2026-04-13 14:00:00,project_created
3784,2026-04-13 14:00:00,teammate_invited
3785,2026-01-28 00:00:00,signup
3785,2026-01-28 23:00:00,onboarding_started
3786,2026-02-10 00:00:00,signup
3787,2026-04-09 00:00:00,signup
3788,2026-02-16 00:00:00,signup
3788,2026-02-16 23:00:00,onboarding_started
3788,2026-02-17 04:00:00,onboarding_completed
3788,2026-02-18 04:00:00,project_created
3789,2026-05-26 00:00:00,signup
3789,2026-05-26 23:00:00,onboarding_started
3789,2026-05-27 04:00:00,onboarding_completed
3789,2026-05-30 04:00:00,project_created
3789,2026-05-31 04:00:00,teammate_invited
3790,2026-04-15 00:00:00,signup
3790,2026-04-15 06:00:00,onboarding_started
3790,2026-04-15 12:00:00,onboarding_completed
3790,2026-04-15 12:00:00,project_created
3790,2026-04-16 12:00:00,teammate_invited
3790,2026-04-19 12:00:00,integration_connected
3790,2026-05-20 00:00:00,dashboard_viewed
3791,2026-05-04 00:00:00,signup
3791,2026-05-04 01:00:00,onboarding_started
3792,2026-01-13 00:00:00,signup
3792,2026-01-13 08:00:00,onboarding_started
3792,2026-01-13 18:00:00,onboarding_completed
3792,2026-01-16 18:00:00,project_created
3793,2026-05-21 00:00:00,signup
3793,2026-05-21 06:00:00,onboarding_started
3793,2026-05-21 08:00:00,onboarding_completed
3794,2026-04-10 00:00:00,signup
3794,2026-04-10 17:00:00,onboarding_started
3794,2026-04-11 01:00:00,onboarding_completed
3794,2026-04-14 01:00:00,project_created
3794,2026-04-15 01:00:00,teammate_invited
3794,2026-05-12 00:00:00,dashboard_viewed
3795,2026-01-31 00:00:00,signup
3795,2026-01-31 21:00:00,onboarding_started
3796,2026-05-10 00:00:00,signup
3796,2026-05-10 08:00:00,onboarding_started
3796,2026-05-10 17:00:00,onboarding_completed
3797,2026-01-16 00:00:00,signup
3798,2026-05-17 00:00:00,signup
3798,2026-05-17 21:00:00,onboarding_started
3798,2026-05-18 01:00:00,onboarding_completed
3798,2026-05-21 01:00:00,project_created
3798,2026-05-25 01:00:00,integration_connected
3799,2026-03-14 00:00:00,signup
3799,2026-03-14 19:00:00,onboarding_started
3799,2026-03-15 01:00:00,onboarding_completed
3800,2026-06-15 00:00:00,signup
3800,2026-06-15 13:00:00,onboarding_started
3800,2026-06-15 18:00:00,onboarding_completed
3800,2026-06-16 18:00:00,project_created
3800,2026-07-19 00:00:00,dashboard_viewed
3801,2026-02-23 00:00:00,signup
3801,2026-02-23 04:00:00,onboarding_started
3801,2026-02-23 06:00:00,onboarding_completed
3801,2026-02-24 06:00:00,project_created
3801,2026-02-24 06:00:00,teammate_invited
3801,2026-02-25 06:00:00,integration_connected
3801,2026-02-25 06:00:00,report_created
3801,2026-04-04 00:00:00,dashboard_viewed
3802,2026-04-10 00:00:00,signup
3802,2026-04-10 19:00:00,onboarding_started
3802,2026-04-11 05:00:00,onboarding_completed
3802,2026-04-12 05:00:00,project_created
3803,2026-04-19 00:00:00,signup
3803,2026-04-19 08:00:00,onboarding_started
3803,2026-04-19 19:00:00,onboarding_completed
3804,2026-03-28 00:00:00,signup
3804,2026-03-28 04:00:00,onboarding_started
3804,2026-03-28 10:00:00,onboarding_completed
3804,2026-03-31 10:00:00,project_created
3804,2026-04-30 00:00:00,dashboard_viewed
3805,2026-06-22 00:00:00,signup
3805,2026-06-22 17:00:00,onboarding_started
3806,2026-06-11 00:00:00,signup
3806,2026-06-11 23:00:00,onboarding_started
3806,2026-06-12 08:00:00,onboarding_completed
3806,2026-06-15 08:00:00,project_created
3806,2026-06-16 08:00:00,teammate_invited
3806,2026-06-20 08:00:00,report_created
3806,2026-07-14 00:00:00,dashboard_viewed
3807,2026-05-17 00:00:00,signup
3807,2026-05-17 08:00:00,onboarding_started
3807,2026-05-17 18:00:00,onboarding_completed
3807,2026-05-20 18:00:00,project_created
3807,2026-05-20 18:00:00,teammate_invited
3807,2026-05-23 18:00:00,report_created
3808,2026-01-08 00:00:00,signup
3808,2026-01-08 20:00:00,onboarding_started
3809,2026-01-07 00:00:00,signup
3809,2026-01-07 09:00:00,onboarding_started
3809,2026-01-07 14:00:00,onboarding_completed
3809,2026-01-07 14:00:00,project_created
3809,2026-01-11 14:00:00,report_created
3809,2026-02-11 00:00:00,dashboard_viewed
3810,2026-02-05 00:00:00,signup
3810,2026-02-05 07:00:00,onboarding_started
3810,2026-02-05 11:00:00,onboarding_completed
3810,2026-02-08 11:00:00,project_created
3810,2026-02-09 11:00:00,integration_connected
3810,2026-02-10 11:00:00,report_created
3811,2026-01-18 00:00:00,signup
3811,2026-01-18 10:00:00,onboarding_started
3811,2026-01-18 15:00:00,onboarding_completed
3812,2026-01-03 00:00:00,signup
3813,2026-01-28 00:00:00,signup
3813,2026-01-28 14:00:00,onboarding_started
3814,2026-03-11 00:00:00,signup
3814,2026-03-11 03:00:00,onboarding_started
3814,2026-03-11 07:00:00,onboarding_completed
3815,2026-06-21 00:00:00,signup
3815,2026-06-21 11:00:00,onboarding_started
3815,2026-06-21 19:00:00,onboarding_completed
3816,2026-05-29 00:00:00,signup
3816,2026-05-29 03:00:00,onboarding_started
3816,2026-05-29 11:00:00,onboarding_completed
3816,2026-05-31 11:00:00,project_created
3817,2026-01-28 00:00:00,signup
3818,2026-02-23 00:00:00,signup
3818,2026-02-23 07:00:00,onboarding_started
3818,2026-02-23 08:00:00,onboarding_completed
3818,2026-02-23 08:00:00,project_created
3818,2026-02-25 08:00:00,teammate_invited
3818,2026-02-27 08:00:00,integration_connected
3818,2026-04-02 00:00:00,dashboard_viewed
3819,2026-03-06 00:00:00,signup
3819,2026-03-06 02:00:00,onboarding_started
3819,2026-03-06 05:00:00,onboarding_completed
3819,2026-03-06 05:00:00,project_created
3820,2026-04-10 00:00:00,signup
3821,2026-01-21 00:00:00,signup
3821,2026-01-21 02:00:00,onboarding_started
3822,2026-01-13 00:00:00,signup
3823,2026-02-26 00:00:00,signup
3823,2026-02-26 15:00:00,onboarding_started
3824,2026-02-18 00:00:00,signup
3824,2026-02-18 22:00:00,onboarding_started
3824,2026-02-19 02:00:00,onboarding_completed
3824,2026-02-21 02:00:00,project_created
3824,2026-02-21 02:00:00,integration_connected
3824,2026-03-22 00:00:00,dashboard_viewed
3825,2026-04-28 00:00:00,signup
3825,2026-04-28 15:00:00,onboarding_started
3825,2026-04-28 20:00:00,onboarding_completed
3825,2026-05-01 20:00:00,project_created
3825,2026-05-02 20:00:00,teammate_invited
3825,2026-05-04 20:00:00,report_created
3825,2026-06-05 00:00:00,dashboard_viewed
3826,2026-02-23 00:00:00,signup
3826,2026-02-23 22:00:00,onboarding_started
3826,2026-02-24 03:00:00,onboarding_completed
3826,2026-02-27 03:00:00,project_created
3826,2026-03-01 03:00:00,teammate_invited
3826,2026-03-05 03:00:00,report_created
3826,2026-04-02 00:00:00,dashboard_viewed
3827,2026-05-18 00:00:00,signup
3827,2026-05-18 09:00:00,onboarding_started
3827,2026-05-18 11:00:00,onboarding_completed
3827,2026-05-19 11:00:00,project_created
3827,2026-05-20 11:00:00,teammate_invited
3827,2026-05-23 11:00:00,report_created
3827,2026-06-21 00:00:00,dashboard_viewed
3828,2026-02-22 00:00:00,signup
3828,2026-02-22 08:00:00,onboarding_started
3828,2026-02-22 09:00:00,onboarding_completed
3828,2026-02-22 09:00:00,project_created
3828,2026-02-24 09:00:00,report_created
3829,2026-02-13 00:00:00,signup
3829,2026-02-13 13:00:00,onboarding_started
3830,2026-02-16 00:00:00,signup
3830,2026-02-16 08:00:00,onboarding_started
3830,2026-02-16 18:00:00,onboarding_completed
3831,2026-02-22 00:00:00,signup
3831,2026-02-22 17:00:00,onboarding_started
3831,2026-02-23 04:00:00,onboarding_completed
3832,2026-03-15 00:00:00,signup
3832,2026-03-15 18:00:00,onboarding_started
3832,2026-03-16 00:00:00,onboarding_completed
3832,2026-03-17 00:00:00,project_created
3832,2026-03-19 00:00:00,teammate_invited
3832,2026-03-20 00:00:00,integration_connected
3832,2026-03-20 00:00:00,report_created
3833,2026-02-15 00:00:00,signup
3833,2026-02-15 05:00:00,onboarding_started
3833,2026-02-15 14:00:00,onboarding_completed
3833,2026-02-16 14:00:00,project_created
3833,2026-03-19 00:00:00,dashboard_viewed
3834,2026-01-13 00:00:00,signup
3834,2026-01-13 01:00:00,onboarding_started
3834,2026-01-13 09:00:00,onboarding_completed
3834,2026-01-14 09:00:00,project_created
3834,2026-01-20 09:00:00,report_created
3835,2026-06-14 00:00:00,signup
3835,2026-06-14 03:00:00,onboarding_started
3835,2026-06-14 14:00:00,onboarding_completed
3835,2026-06-14 14:00:00,project_created
3835,2026-06-16 14:00:00,teammate_invited
3835,2026-06-19 14:00:00,report_created
3835,2026-07-21 00:00:00,dashboard_viewed
3836,2026-04-12 00:00:00,signup
3836,2026-04-12 16:00:00,onboarding_started
3836,2026-04-12 21:00:00,onboarding_completed
3836,2026-04-14 21:00:00,project_created
3836,2026-04-14 21:00:00,teammate_invited
3837,2026-01-24 00:00:00,signup
3837,2026-01-24 09:00:00,onboarding_started
3837,2026-01-24 16:00:00,onboarding_completed
3838,2026-01-02 00:00:00,signup
3839,2026-03-22 00:00:00,signup
3840,2026-04-10 00:00:00,signup
3841,2026-05-22 00:00:00,signup
3841,2026-05-22 19:00:00,onboarding_started
3842,2026-05-18 00:00:00,signup
3842,2026-05-18 21:00:00,onboarding_started
3842,2026-05-19 05:00:00,onboarding_completed
3842,2026-05-22 05:00:00,project_created
3842,2026-05-24 05:00:00,report_created
3843,2026-06-12 00:00:00,signup
3843,2026-06-12 12:00:00,onboarding_started
3843,2026-06-12 20:00:00,onboarding_completed
3843,2026-06-14 20:00:00,project_created
3843,2026-06-16 20:00:00,integration_connected
3844,2026-06-02 00:00:00,signup
3844,2026-06-02 13:00:00,onboarding_started
3845,2026-05-11 00:00:00,signup
3845,2026-05-11 21:00:00,onboarding_started
3846,2026-04-21 00:00:00,signup
3846,2026-04-21 19:00:00,onboarding_started
3846,2026-04-22 02:00:00,onboarding_completed
3846,2026-04-22 02:00:00,project_created
3847,2026-04-12 00:00:00,signup
3848,2026-01-17 00:00:00,signup
3849,2026-01-12 00:00:00,signup
3849,2026-01-12 22:00:00,onboarding_started
3849,2026-01-13 09:00:00,onboarding_completed
3849,2026-01-15 09:00:00,project_created
3849,2026-01-16 09:00:00,integration_connected
3849,2026-01-16 09:00:00,report_created
3850,2026-04-26 00:00:00,signup
3850,2026-04-26 08:00:00,onboarding_started
3850,2026-04-26 14:00:00,onboarding_completed
3850,2026-04-29 14:00:00,project_created
3850,2026-04-29 14:00:00,teammate_invited
3850,2026-04-29 14:00:00,integration_connected
3850,2026-05-02 14:00:00,report_created
3851,2026-01-24 00:00:00,signup
3851,2026-01-24 19:00:00,onboarding_started
3851,2026-01-25 02:00:00,onboarding_completed
3851,2026-01-28 02:00:00,project_created
3851,2026-01-30 02:00:00,teammate_invited
3852,2026-01-29 00:00:00,signup
3852,2026-01-29 16:00:00,onboarding_started
3853,2026-06-20 00:00:00,signup
3853,2026-06-20 23:00:00,onboarding_started
3853,2026-06-21 00:00:00,onboarding_completed
3853,2026-06-24 00:00:00,project_created
3853,2026-06-27 00:00:00,report_created
3854,2026-06-02 00:00:00,signup
3854,2026-06-02 22:00:00,onboarding_started
3854,2026-06-02 23:00:00,onboarding_completed
3855,2026-05-02 00:00:00,signup
3856,2026-03-31 00:00:00,signup
3856,2026-03-31 04:00:00,onboarding_started
3856,2026-03-31 13:00:00,onboarding_completed
3856,2026-04-01 13:00:00,project_created
3857,2026-03-06 00:00:00,signup
3857,2026-03-06 04:00:00,onboarding_started
3857,2026-03-06 05:00:00,onboarding_completed
3857,2026-03-08 05:00:00,project_created
3857,2026-03-14 05:00:00,report_created
3858,2026-03-25 00:00:00,signup
3858,2026-03-25 06:00:00,onboarding_started
3858,2026-03-25 12:00:00,onboarding_completed
3858,2026-03-27 12:00:00,project_created
3858,2026-03-28 12:00:00,teammate_invited
3858,2026-04-02 12:00:00,report_created
3858,2026-05-03 00:00:00,dashboard_viewed
3859,2026-04-29 00:00:00,signup
3859,2026-04-29 18:00:00,onboarding_started
3859,2026-04-30 04:00:00,onboarding_completed
3860,2026-06-05 00:00:00,signup
3861,2026-01-16 00:00:00,signup
3861,2026-01-16 23:00:00,onboarding_started
3861,2026-01-17 05:00:00,onboarding_completed
3862,2026-06-24 00:00:00,signup
3863,2026-04-14 00:00:00,signup
3864,2026-04-02 00:00:00,signup
3865,2026-01-27 00:00:00,signup
3865,2026-01-27 09:00:00,onboarding_started
3865,2026-01-27 20:00:00,onboarding_completed
3865,2026-01-29 20:00:00,project_created
3865,2026-01-31 20:00:00,teammate_invited
3865,2026-03-05 00:00:00,dashboard_viewed
3866,2026-06-30 00:00:00,signup
3866,2026-06-30 13:00:00,onboarding_started
3866,2026-06-30 19:00:00,onboarding_completed
3866,2026-06-30 19:00:00,project_created
3866,2026-07-06 19:00:00,report_created
3866,2026-08-02 00:00:00,dashboard_viewed
3867,2026-06-19 00:00:00,signup
3867,2026-06-19 21:00:00,onboarding_started
3867,2026-06-20 07:00:00,onboarding_completed
3867,2026-06-23 07:00:00,project_created
3867,2026-06-28 07:00:00,report_created
3868,2026-06-24 00:00:00,signup
3868,2026-06-24 21:00:00,onboarding_started
3868,2026-06-25 07:00:00,onboarding_completed
3868,2026-06-26 07:00:00,project_created
3868,2026-06-27 07:00:00,teammate_invited
3868,2026-07-02 07:00:00,report_created
3869,2026-06-11 00:00:00,signup
3869,2026-06-11 06:00:00,onboarding_started
3869,2026-06-11 13:00:00,onboarding_completed
3869,2026-06-11 13:00:00,project_created
3869,2026-06-16 13:00:00,report_created
3870,2026-06-14 00:00:00,signup
3870,2026-06-14 04:00:00,onboarding_started
3870,2026-06-14 15:00:00,onboarding_completed
3870,2026-06-17 15:00:00,project_created
3870,2026-07-24 00:00:00,dashboard_viewed
3871,2026-05-14 00:00:00,signup
3871,2026-05-14 23:00:00,onboarding_started
3871,2026-05-15 01:00:00,onboarding_completed
3871,2026-05-16 01:00:00,project_created
3871,2026-05-16 01:00:00,teammate_invited
3871,2026-05-18 01:00:00,report_created
3872,2026-05-15 00:00:00,signup
3872,2026-05-15 01:00:00,onboarding_started
3872,2026-05-15 02:00:00,onboarding_completed
3872,2026-05-18 02:00:00,project_created
3872,2026-05-20 02:00:00,integration_connected
3872,2026-05-22 02:00:00,report_created
3873,2026-06-02 00:00:00,signup
3874,2026-02-02 00:00:00,signup
3875,2026-02-24 00:00:00,signup
3875,2026-02-24 20:00:00,onboarding_started
3875,2026-02-24 21:00:00,onboarding_completed
3875,2026-02-25 21:00:00,project_created
3875,2026-02-25 21:00:00,integration_connected
3875,2026-02-26 21:00:00,teammate_invited
3875,2026-02-26 21:00:00,report_created
3875,2026-03-28 00:00:00,dashboard_viewed
3876,2026-01-07 00:00:00,signup
3876,2026-01-07 02:00:00,onboarding_started
3877,2026-02-26 00:00:00,signup
3877,2026-02-26 12:00:00,onboarding_started
3877,2026-02-26 21:00:00,onboarding_completed
3878,2026-05-06 00:00:00,signup
3878,2026-05-06 17:00:00,onboarding_started
3879,2026-01-12 00:00:00,signup
3880,2026-01-16 00:00:00,signup
3881,2026-02-12 00:00:00,signup
3881,2026-02-12 15:00:00,onboarding_started
3881,2026-02-12 19:00:00,onboarding_completed
3881,2026-02-13 19:00:00,project_created
3881,2026-02-14 19:00:00,teammate_invited
3881,2026-02-16 19:00:00,report_created
3881,2026-03-22 00:00:00,dashboard_viewed
3882,2026-04-27 00:00:00,signup
3882,2026-04-27 12:00:00,onboarding_started
3882,2026-04-27 20:00:00,onboarding_completed
3883,2026-05-15 00:00:00,signup
3883,2026-05-15 21:00:00,onboarding_started
3883,2026-05-15 22:00:00,onboarding_completed
3883,2026-05-16 22:00:00,project_created
3884,2026-04-21 00:00:00,signup
3885,2026-02-20 00:00:00,signup
3886,2026-06-09 00:00:00,signup
3886,2026-06-09 22:00:00,onboarding_started
3886,2026-06-10 04:00:00,onboarding_completed
3887,2026-03-16 00:00:00,signup
3887,2026-03-16 14:00:00,onboarding_started
3887,2026-03-16 20:00:00,onboarding_completed
3888,2026-01-08 00:00:00,signup
3888,2026-01-08 11:00:00,onboarding_started
3888,2026-01-08 12:00:00,onboarding_completed
3888,2026-01-08 12:00:00,project_created
3888,2026-01-10 12:00:00,teammate_invited
3888,2026-02-16 00:00:00,dashboard_viewed
3889,2026-02-14 00:00:00,signup
3889,2026-02-14 17:00:00,onboarding_started
3890,2026-02-28 00:00:00,signup
3890,2026-02-28 23:00:00,onboarding_started
3890,2026-03-01 05:00:00,onboarding_completed
3890,2026-03-01 05:00:00,project_created
3891,2026-05-12 00:00:00,signup
3891,2026-05-12 06:00:00,onboarding_started
3891,2026-05-12 12:00:00,onboarding_completed
3892,2026-04-14 00:00:00,signup
3892,2026-04-14 03:00:00,onboarding_started
3893,2026-06-06 00:00:00,signup
3893,2026-06-06 07:00:00,onboarding_started
3893,2026-06-06 16:00:00,onboarding_completed
3893,2026-06-06 16:00:00,project_created
3893,2026-06-07 16:00:00,report_created
3893,2026-06-08 16:00:00,teammate_invited
3893,2026-06-09 16:00:00,integration_connected
3894,2026-06-06 00:00:00,signup
3894,2026-06-06 06:00:00,onboarding_started
3894,2026-06-06 11:00:00,onboarding_completed
3894,2026-06-08 11:00:00,project_created
3894,2026-06-13 11:00:00,report_created
3895,2026-04-08 00:00:00,signup
3895,2026-04-08 01:00:00,onboarding_started
3895,2026-04-08 09:00:00,onboarding_completed
3895,2026-04-11 09:00:00,project_created
3895,2026-04-13 09:00:00,integration_connected
3896,2026-06-05 00:00:00,signup
3896,2026-06-05 10:00:00,onboarding_started
3897,2026-03-20 00:00:00,signup
3897,2026-03-20 23:00:00,onboarding_started
3897,2026-03-21 08:00:00,onboarding_completed
3898,2026-05-04 00:00:00,signup
3898,2026-05-04 11:00:00,onboarding_started
3899,2026-06-21 00:00:00,signup
3899,2026-06-21 12:00:00,onboarding_started
3899,2026-06-21 18:00:00,onboarding_completed
3900,2026-01-04 00:00:00,signup
3900,2026-01-04 15:00:00,onboarding_started
3900,2026-01-04 18:00:00,onboarding_completed
3900,2026-01-04 18:00:00,project_created
3900,2026-01-06 18:00:00,report_created
3901,2026-03-31 00:00:00,signup
3901,2026-03-31 04:00:00,onboarding_started
3901,2026-03-31 14:00:00,onboarding_completed
3901,2026-04-02 14:00:00,project_created
3902,2026-04-14 00:00:00,signup
3902,2026-04-14 18:00:00,onboarding_started
3902,2026-04-15 00:00:00,onboarding_completed
3902,2026-04-16 00:00:00,project_created
3902,2026-04-16 00:00:00,teammate_invited
3902,2026-05-24 00:00:00,dashboard_viewed
3903,2026-05-17 00:00:00,signup
3903,2026-05-17 12:00:00,onboarding_started
3903,2026-05-17 22:00:00,onboarding_completed
3904,2026-04-29 00:00:00,signup
3904,2026-04-29 05:00:00,onboarding_started
3904,2026-04-29 13:00:00,onboarding_completed
3905,2026-05-13 00:00:00,signup
3905,2026-05-13 05:00:00,onboarding_started
3905,2026-05-13 16:00:00,onboarding_completed
3905,2026-05-15 16:00:00,project_created
3905,2026-05-16 16:00:00,teammate_invited
3906,2026-02-25 00:00:00,signup
3906,2026-02-25 13:00:00,onboarding_started
3906,2026-02-25 20:00:00,onboarding_completed
3907,2026-04-06 00:00:00,signup
3907,2026-04-06 15:00:00,onboarding_started
3907,2026-04-06 20:00:00,onboarding_completed
3907,2026-04-08 20:00:00,project_created
3907,2026-04-10 20:00:00,report_created
3907,2026-05-15 00:00:00,dashboard_viewed
3908,2026-06-27 00:00:00,signup
3909,2026-03-16 00:00:00,signup
3909,2026-03-16 21:00:00,onboarding_started
3909,2026-03-17 01:00:00,onboarding_completed
3909,2026-03-19 01:00:00,project_created
3909,2026-03-22 01:00:00,integration_connected
3909,2026-03-23 01:00:00,report_created
3910,2026-05-23 00:00:00,signup
3910,2026-05-23 11:00:00,onboarding_started
3910,2026-05-23 20:00:00,onboarding_completed
3910,2026-05-26 20:00:00,project_created
3911,2026-02-01 00:00:00,signup
3911,2026-02-01 03:00:00,onboarding_started
3911,2026-02-01 09:00:00,onboarding_completed
3911,2026-02-04 09:00:00,project_created
3911,2026-02-06 09:00:00,report_created
3912,2026-01-28 00:00:00,signup
3912,2026-01-28 08:00:00,onboarding_started
3913,2026-01-22 00:00:00,signup
3913,2026-01-22 21:00:00,onboarding_started
3913,2026-01-23 02:00:00,onboarding_completed
3913,2026-01-26 02:00:00,project_created
3913,2026-01-29 02:00:00,report_created
3913,2026-03-02 00:00:00,dashboard_viewed
3914,2026-01-17 00:00:00,signup
3914,2026-01-17 09:00:00,onboarding_started
3914,2026-01-17 14:00:00,onboarding_completed
3914,2026-01-18 14:00:00,project_created
3914,2026-01-20 14:00:00,report_created
3915,2026-02-28 00:00:00,signup
3915,2026-02-28 18:00:00,onboarding_started
3916,2026-03-31 00:00:00,signup
3916,2026-03-31 05:00:00,onboarding_started
3917,2026-04-16 00:00:00,signup
3917,2026-04-16 05:00:00,onboarding_started
3917,2026-04-16 11:00:00,onboarding_completed
3917,2026-04-17 11:00:00,project_created
3917,2026-04-18 11:00:00,integration_connected
3917,2026-04-23 11:00:00,report_created
3918,2026-01-26 00:00:00,signup
3918,2026-01-26 04:00:00,onboarding_started
3919,2026-01-25 00:00:00,signup
3919,2026-01-25 10:00:00,onboarding_started
3919,2026-01-25 11:00:00,onboarding_completed
3919,2026-01-27 11:00:00,project_created
3919,2026-01-28 11:00:00,report_created
3919,2026-01-30 11:00:00,integration_connected
3920,2026-05-18 00:00:00,signup
3920,2026-05-18 03:00:00,onboarding_started
3921,2026-02-14 00:00:00,signup
3921,2026-02-14 14:00:00,onboarding_started
3921,2026-02-14 17:00:00,onboarding_completed
3921,2026-02-14 17:00:00,project_created
3922,2026-03-24 00:00:00,signup
3922,2026-03-24 06:00:00,onboarding_started
3922,2026-03-24 14:00:00,onboarding_completed
3923,2026-01-11 00:00:00,signup
3923,2026-01-11 16:00:00,onboarding_started
3923,2026-01-11 21:00:00,onboarding_completed
3923,2026-01-11 21:00:00,project_created
3923,2026-01-15 21:00:00,integration_connected
3924,2026-06-30 00:00:00,signup
3924,2026-06-30 11:00:00,onboarding_started
3924,2026-06-30 13:00:00,onboarding_completed
3925,2026-04-14 00:00:00,signup
3926,2026-03-09 00:00:00,signup
3926,2026-03-09 14:00:00,onboarding_started
3926,2026-03-09 19:00:00,onboarding_completed
3926,2026-03-10 19:00:00,project_created
3926,2026-03-10 19:00:00,teammate_invited
3926,2026-03-11 19:00:00,report_created
3927,2026-04-05 00:00:00,signup
3928,2026-06-05 00:00:00,signup
3928,2026-06-05 02:00:00,onboarding_started
3928,2026-06-05 13:00:00,onboarding_completed
3928,2026-06-07 13:00:00,project_created
3928,2026-06-10 13:00:00,report_created
3929,2026-03-06 00:00:00,signup
3929,2026-03-06 11:00:00,onboarding_started
3929,2026-03-06 15:00:00,onboarding_completed
3929,2026-03-08 15:00:00,project_created
3929,2026-03-08 15:00:00,teammate_invited
3930,2026-02-18 00:00:00,signup
3930,2026-02-18 06:00:00,onboarding_started
3931,2026-06-24 00:00:00,signup
3931,2026-06-24 16:00:00,onboarding_started
3931,2026-06-25 02:00:00,onboarding_completed
3931,2026-06-26 02:00:00,project_created
3931,2026-06-28 02:00:00,integration_connected
3931,2026-06-28 02:00:00,report_created
3932,2026-02-21 00:00:00,signup
3932,2026-02-21 17:00:00,onboarding_started
3932,2026-02-21 21:00:00,onboarding_completed
3933,2026-04-12 00:00:00,signup
3933,2026-04-12 18:00:00,onboarding_started
3933,2026-04-13 05:00:00,onboarding_completed
3934,2026-02-26 00:00:00,signup
3934,2026-02-26 20:00:00,onboarding_started
3935,2026-02-16 00:00:00,signup
3935,2026-02-16 01:00:00,onboarding_started
3935,2026-02-16 06:00:00,onboarding_completed
3936,2026-06-08 00:00:00,signup
3937,2026-06-23 00:00:00,signup
3937,2026-06-23 14:00:00,onboarding_started
3937,2026-06-23 16:00:00,onboarding_completed
3938,2026-01-26 00:00:00,signup
3938,2026-01-26 14:00:00,onboarding_started
3938,2026-01-26 20:00:00,onboarding_completed
3938,2026-01-26 20:00:00,project_created
3938,2026-01-28 20:00:00,teammate_invited
3938,2026-03-02 00:00:00,dashboard_viewed
3939,2026-04-24 00:00:00,signup
3940,2026-01-05 00:00:00,signup
3940,2026-01-05 11:00:00,onboarding_started
3941,2026-03-25 00:00:00,signup
3941,2026-03-25 14:00:00,onboarding_started
3941,2026-03-25 23:00:00,onboarding_completed
3942,2026-02-21 00:00:00,signup
3943,2026-04-15 00:00:00,signup
3944,2026-02-23 00:00:00,signup
3944,2026-02-23 14:00:00,onboarding_started
3945,2026-06-10 00:00:00,signup
3946,2026-06-27 00:00:00,signup
3946,2026-06-27 02:00:00,onboarding_started
3946,2026-06-27 06:00:00,onboarding_completed
3947,2026-06-15 00:00:00,signup
3947,2026-06-15 01:00:00,onboarding_started
3947,2026-06-15 05:00:00,onboarding_completed
3947,2026-06-17 05:00:00,project_created
3947,2026-06-18 05:00:00,report_created
3947,2026-06-19 05:00:00,teammate_invited
3948,2026-06-04 00:00:00,signup
3948,2026-06-04 09:00:00,onboarding_started
3949,2026-01-15 00:00:00,signup
3949,2026-01-15 01:00:00,onboarding_started
3950,2026-03-02 00:00:00,signup
3950,2026-03-02 22:00:00,onboarding_started
3950,2026-03-03 06:00:00,onboarding_completed
3950,2026-03-04 06:00:00,project_created
3951,2026-05-02 00:00:00,signup
3951,2026-05-02 02:00:00,onboarding_started
3952,2026-01-21 00:00:00,signup
3952,2026-01-21 18:00:00,onboarding_started
3952,2026-01-21 23:00:00,onboarding_completed
3952,2026-01-24 23:00:00,project_created
3952,2026-01-27 23:00:00,integration_connected
3953,2026-02-15 00:00:00,signup
3954,2026-05-14 00:00:00,signup
3954,2026-05-14 06:00:00,onboarding_started
3955,2026-02-07 00:00:00,signup
3956,2026-03-03 00:00:00,signup
3956,2026-03-03 01:00:00,onboarding_started
3956,2026-03-03 09:00:00,onboarding_completed
3957,2026-03-27 00:00:00,signup
3957,2026-03-27 16:00:00,onboarding_started
3957,2026-03-27 20:00:00,onboarding_completed
3958,2026-03-19 00:00:00,signup
3958,2026-03-19 03:00:00,onboarding_started
3958,2026-03-19 07:00:00,onboarding_completed
3959,2026-02-15 00:00:00,signup
3959,2026-02-15 15:00:00,onboarding_started
3959,2026-02-15 20:00:00,onboarding_completed
3959,2026-02-16 20:00:00,project_created
3959,2026-02-17 20:00:00,teammate_invited
3960,2026-05-21 00:00:00,signup
3960,2026-05-21 02:00:00,onboarding_started
3960,2026-05-21 13:00:00,onboarding_completed
3960,2026-05-21 13:00:00,project_created
3960,2026-05-21 13:00:00,teammate_invited
3961,2026-01-03 00:00:00,signup
3961,2026-01-03 16:00:00,onboarding_started
3962,2026-01-06 00:00:00,signup
3962,2026-01-06 02:00:00,onboarding_started
3963,2026-04-03 00:00:00,signup
3963,2026-04-03 11:00:00,onboarding_started
3963,2026-04-03 22:00:00,onboarding_completed
3963,2026-04-05 22:00:00,project_created
3963,2026-04-07 22:00:00,integration_connected
3963,2026-05-07 00:00:00,dashboard_viewed
3964,2026-01-08 00:00:00,signup
3965,2026-06-21 00:00:00,signup
3965,2026-06-21 20:00:00,onboarding_started
3965,2026-06-22 03:00:00,onboarding_completed
3965,2026-06-23 03:00:00,project_created
3965,2026-06-24 03:00:00,report_created
3966,2026-04-18 00:00:00,signup
3966,2026-04-18 12:00:00,onboarding_started
3966,2026-04-18 20:00:00,onboarding_completed
3967,2026-06-10 00:00:00,signup
3967,2026-06-10 20:00:00,onboarding_started
3967,2026-06-11 06:00:00,onboarding_completed
3968,2026-03-16 00:00:00,signup
3968,2026-03-16 18:00:00,onboarding_started
3968,2026-03-17 05:00:00,onboarding_completed
3968,2026-03-17 05:00:00,project_created
3968,2026-03-22 05:00:00,report_created
3969,2026-03-18 00:00:00,signup
3969,2026-03-18 10:00:00,onboarding_started
3969,2026-03-18 15:00:00,onboarding_completed
3969,2026-03-20 15:00:00,project_created
3969,2026-04-23 00:00:00,dashboard_viewed
3970,2026-02-19 00:00:00,signup
3970,2026-02-19 18:00:00,onboarding_started
3970,2026-02-20 01:00:00,onboarding_completed
3970,2026-02-21 01:00:00,project_created
3970,2026-02-23 01:00:00,report_created
3971,2026-01-11 00:00:00,signup
3971,2026-01-11 21:00:00,onboarding_started
3971,2026-01-12 06:00:00,onboarding_completed
3971,2026-01-14 06:00:00,project_created
3971,2026-01-17 06:00:00,report_created
3971,2026-01-18 06:00:00,integration_connected
3972,2026-04-05 00:00:00,signup
3972,2026-04-05 03:00:00,onboarding_started
3972,2026-04-05 11:00:00,onboarding_completed
3972,2026-04-06 11:00:00,project_created
3972,2026-04-06 11:00:00,teammate_invited
3972,2026-04-10 11:00:00,report_created
3973,2026-06-05 00:00:00,signup
3973,2026-06-05 14:00:00,onboarding_started
3973,2026-06-05 23:00:00,onboarding_completed
3974,2026-03-11 00:00:00,signup
3975,2026-06-18 00:00:00,signup
3975,2026-06-18 09:00:00,onboarding_started
3976,2026-01-16 00:00:00,signup
3976,2026-01-16 14:00:00,onboarding_started
3976,2026-01-17 01:00:00,onboarding_completed
3976,2026-01-20 01:00:00,project_created
3976,2026-01-24 01:00:00,report_created
3977,2026-03-09 00:00:00,signup
3977,2026-03-09 21:00:00,onboarding_started
3977,2026-03-09 22:00:00,onboarding_completed
3977,2026-03-12 22:00:00,project_created
3977,2026-03-18 22:00:00,report_created
3978,2026-04-09 00:00:00,signup
3978,2026-04-09 01:00:00,onboarding_started
3978,2026-04-09 10:00:00,onboarding_completed
3978,2026-04-12 10:00:00,project_created
3978,2026-04-13 10:00:00,report_created
3978,2026-05-18 00:00:00,dashboard_viewed
3979,2026-02-17 00:00:00,signup
3979,2026-02-17 21:00:00,onboarding_started
3979,2026-02-17 23:00:00,onboarding_completed
3979,2026-02-18 23:00:00,project_created
3979,2026-02-19 23:00:00,report_created
3979,2026-02-20 23:00:00,teammate_invited
3980,2026-03-05 00:00:00,signup
3980,2026-03-05 04:00:00,onboarding_started
3981,2026-03-31 00:00:00,signup
3981,2026-03-31 11:00:00,onboarding_started
3981,2026-03-31 13:00:00,onboarding_completed
3982,2026-03-17 00:00:00,signup
3982,2026-03-17 20:00:00,onboarding_started
3982,2026-03-17 21:00:00,onboarding_completed
3982,2026-03-18 21:00:00,project_created
3982,2026-03-23 21:00:00,report_created
3983,2026-05-19 00:00:00,signup
3983,2026-05-19 01:00:00,onboarding_started
3983,2026-05-19 04:00:00,onboarding_completed
3983,2026-05-22 04:00:00,project_created
3983,2026-05-22 04:00:00,teammate_invited
3983,2026-05-26 04:00:00,integration_connected
3983,2026-05-27 04:00:00,report_created
3983,2026-06-20 00:00:00,dashboard_viewed
3984,2026-04-11 00:00:00,signup
3984,2026-04-11 07:00:00,onboarding_started
3984,2026-04-11 15:00:00,onboarding_completed
3985,2026-03-30 00:00:00,signup
3985,2026-03-30 18:00:00,onboarding_started
3985,2026-03-31 05:00:00,onboarding_completed
3985,2026-04-02 05:00:00,project_created
3985,2026-04-04 05:00:00,integration_connected
3986,2026-01-18 00:00:00,signup
3986,2026-01-18 10:00:00,onboarding_started
3986,2026-01-18 17:00:00,onboarding_completed
3986,2026-01-18 17:00:00,project_created
3987,2026-01-19 00:00:00,signup
3987,2026-01-19 10:00:00,onboarding_started
3987,2026-01-19 19:00:00,onboarding_completed
3987,2026-01-19 19:00:00,project_created
3988,2026-02-24 00:00:00,signup
3988,2026-02-24 13:00:00,onboarding_started
3988,2026-02-24 17:00:00,onboarding_completed
3989,2026-04-12 00:00:00,signup
3989,2026-04-12 15:00:00,onboarding_started
3989,2026-04-12 21:00:00,onboarding_completed
3989,2026-04-12 21:00:00,project_created
3989,2026-04-14 21:00:00,teammate_invited
3989,2026-04-14 21:00:00,report_created
3989,2026-05-19 00:00:00,dashboard_viewed
3990,2026-04-28 00:00:00,signup
3990,2026-04-28 22:00:00,onboarding_started
3990,2026-04-29 06:00:00,onboarding_completed
3990,2026-05-02 06:00:00,project_created
3990,2026-05-03 06:00:00,teammate_invited
3990,2026-05-05 06:00:00,integration_connected
3990,2026-05-08 06:00:00,report_created
3990,2026-05-28 00:00:00,dashboard_viewed
3991,2026-06-03 00:00:00,signup
3991,2026-06-03 21:00:00,onboarding_started
3992,2026-05-14 00:00:00,signup
3992,2026-05-14 13:00:00,onboarding_started
3993,2026-01-04 00:00:00,signup
3993,2026-01-04 16:00:00,onboarding_started
3993,2026-01-05 03:00:00,onboarding_completed
3993,2026-01-05 03:00:00,project_created
3993,2026-01-08 03:00:00,integration_connected
3993,2026-01-10 03:00:00,report_created
3994,2026-04-18 00:00:00,signup
3994,2026-04-18 18:00:00,onboarding_started
3994,2026-04-18 21:00:00,onboarding_completed
3994,2026-04-19 21:00:00,project_created
3994,2026-04-21 21:00:00,teammate_invited
3994,2026-04-22 21:00:00,integration_connected
3994,2026-04-22 21:00:00,report_created
3995,2026-04-25 00:00:00,signup
3996,2026-01-29 00:00:00,signup
3996,2026-01-29 20:00:00,onboarding_started
3996,2026-01-30 01:00:00,onboarding_completed
3996,2026-01-30 01:00:00,project_created
3996,2026-01-31 01:00:00,report_created
3996,2026-02-01 01:00:00,teammate_invited
3997,2026-02-28 00:00:00,signup
3997,2026-02-28 10:00:00,onboarding_started
3997,2026-02-28 15:00:00,onboarding_completed
3997,2026-03-03 15:00:00,project_created
3997,2026-03-05 15:00:00,integration_connected
3997,2026-04-02 00:00:00,dashboard_viewed
3998,2026-05-05 00:00:00,signup
3998,2026-05-05 17:00:00,onboarding_started
3999,2026-04-08 00:00:00,signup
4000,2026-01-17 00:00:00,signup
4001,2026-04-17 00:00:00,signup
4001,2026-04-17 16:00:00,onboarding_started
4001,2026-04-18 01:00:00,onboarding_completed
4002,2026-02-12 00:00:00,signup
4002,2026-02-12 04:00:00,onboarding_started
4002,2026-02-12 11:00:00,onboarding_completed
4002,2026-02-13 11:00:00,project_created
4002,2026-02-15 11:00:00,teammate_invited
4002,2026-02-18 11:00:00,report_created
4003,2026-03-21 00:00:00,signup
4003,2026-03-21 23:00:00,onboarding_started
4004,2026-06-11 00:00:00,signup
4004,2026-06-11 06:00:00,onboarding_started
4004,2026-06-11 15:00:00,onboarding_completed
4005,2026-01-08 00:00:00,signup
4005,2026-01-08 18:00:00,onboarding_started
4005,2026-01-08 19:00:00,onboarding_completed
4005,2026-01-08 19:00:00,project_created
4005,2026-01-10 19:00:00,teammate_invited
4005,2026-01-10 19:00:00,report_created
4006,2026-05-21 00:00:00,signup
4007,2026-04-16 00:00:00,signup
4007,2026-04-16 02:00:00,onboarding_started
4007,2026-04-16 04:00:00,onboarding_completed
4007,2026-04-18 04:00:00,project_created
4007,2026-04-18 04:00:00,integration_connected
4007,2026-04-19 04:00:00,report_created
4007,2026-04-20 04:00:00,teammate_invited
4007,2026-05-19 00:00:00,dashboard_viewed
4008,2026-01-08 00:00:00,signup
4008,2026-01-08 09:00:00,onboarding_started
4009,2026-04-06 00:00:00,signup
4009,2026-04-06 02:00:00,onboarding_started
4009,2026-04-06 11:00:00,onboarding_completed
4009,2026-04-07 11:00:00,project_created
4009,2026-04-10 11:00:00,integration_connected
4009,2026-05-11 00:00:00,dashboard_viewed
4010,2026-04-04 00:00:00,signup
4010,2026-04-04 10:00:00,onboarding_started
4010,2026-04-04 14:00:00,onboarding_completed
4011,2026-03-06 00:00:00,signup
4011,2026-03-06 11:00:00,onboarding_started
4011,2026-03-06 13:00:00,onboarding_completed
4011,2026-03-06 13:00:00,project_created
4011,2026-03-07 13:00:00,teammate_invited
4011,2026-03-08 13:00:00,report_created
4011,2026-04-06 00:00:00,dashboard_viewed
4012,2026-06-20 00:00:00,signup
4012,2026-06-20 22:00:00,onboarding_started
4012,2026-06-21 04:00:00,onboarding_completed
4012,2026-06-23 04:00:00,project_created
4012,2026-06-24 04:00:00,teammate_invited
4013,2026-02-08 00:00:00,signup
4013,2026-02-08 11:00:00,onboarding_started
4014,2026-03-22 00:00:00,signup
4014,2026-03-22 13:00:00,onboarding_started
4014,2026-03-22 14:00:00,onboarding_completed
4014,2026-03-23 14:00:00,project_created
4014,2026-03-25 14:00:00,teammate_invited
4014,2026-04-30 00:00:00,dashboard_viewed
4015,2026-03-25 00:00:00,signup
4015,2026-03-25 06:00:00,onboarding_started
4015,2026-03-25 16:00:00,onboarding_completed
4016,2026-03-29 00:00:00,signup
4016,2026-03-29 10:00:00,onboarding_started
4016,2026-03-29 11:00:00,onboarding_completed
4017,2026-03-27 00:00:00,signup
4017,2026-03-27 22:00:00,onboarding_started
4017,2026-03-28 05:00:00,onboarding_completed
4017,2026-03-28 05:00:00,project_created
4017,2026-03-29 05:00:00,integration_connected
4018,2026-04-03 00:00:00,signup
4018,2026-04-03 22:00:00,onboarding_started
4019,2026-03-27 00:00:00,signup
4020,2026-02-13 00:00:00,signup
4020,2026-02-13 12:00:00,onboarding_started
4020,2026-02-13 17:00:00,onboarding_completed
4020,2026-02-15 17:00:00,project_created
4021,2026-05-17 00:00:00,signup
4021,2026-05-17 04:00:00,onboarding_started
4021,2026-05-17 15:00:00,onboarding_completed
4022,2026-06-14 00:00:00,signup
4023,2026-03-15 00:00:00,signup
4023,2026-03-15 10:00:00,onboarding_started
4023,2026-03-15 18:00:00,onboarding_completed
4024,2026-02-05 00:00:00,signup
4024,2026-02-05 22:00:00,onboarding_started
4025,2026-04-11 00:00:00,signup
4025,2026-04-11 17:00:00,onboarding_started
4025,2026-04-11 20:00:00,onboarding_completed
4026,2026-06-05 00:00:00,signup
4026,2026-06-05 04:00:00,onboarding_started
4027,2026-06-19 00:00:00,signup
4028,2026-06-20 00:00:00,signup
4028,2026-06-20 19:00:00,onboarding_started
4028,2026-06-20 21:00:00,onboarding_completed
4029,2026-06-19 00:00:00,signup
4029,2026-06-19 21:00:00,onboarding_started
4029,2026-06-19 22:00:00,onboarding_completed
4029,2026-06-19 22:00:00,project_created
4029,2026-06-21 22:00:00,teammate_invited
4029,2026-06-23 22:00:00,report_created
4030,2026-04-14 00:00:00,signup
4031,2026-03-07 00:00:00,signup
4032,2026-02-24 00:00:00,signup
4032,2026-02-24 21:00:00,onboarding_started
4032,2026-02-24 23:00:00,onboarding_completed
4033,2026-06-25 00:00:00,signup
4033,2026-06-25 21:00:00,onboarding_started
4033,2026-06-26 03:00:00,onboarding_completed
4033,2026-06-27 03:00:00,project_created
4033,2026-06-27 03:00:00,teammate_invited
4034,2026-04-01 00:00:00,signup
4034,2026-04-01 05:00:00,onboarding_started
4034,2026-04-01 16:00:00,onboarding_completed
4034,2026-04-02 16:00:00,project_created
4034,2026-04-03 16:00:00,teammate_invited
4034,2026-04-06 16:00:00,integration_connected
4034,2026-05-10 00:00:00,dashboard_viewed
4035,2026-01-22 00:00:00,signup
4035,2026-01-22 07:00:00,onboarding_started
4035,2026-01-22 10:00:00,onboarding_completed
4036,2026-04-11 00:00:00,signup
4036,2026-04-11 04:00:00,onboarding_started
4036,2026-04-11 12:00:00,onboarding_completed
4036,2026-04-14 12:00:00,project_created
4037,2026-06-04 00:00:00,signup
4037,2026-06-04 20:00:00,onboarding_started
4037,2026-06-05 00:00:00,onboarding_completed
4037,2026-06-05 00:00:00,project_created
4037,2026-06-06 00:00:00,teammate_invited
4037,2026-06-06 00:00:00,report_created
4037,2026-06-07 00:00:00,integration_connected
4037,2026-07-09 00:00:00,dashboard_viewed
4038,2026-05-01 00:00:00,signup
4038,2026-05-01 13:00:00,onboarding_started
4039,2026-04-03 00:00:00,signup
4040,2026-04-18 00:00:00,signup
4040,2026-04-18 07:00:00,onboarding_started
4040,2026-04-18 18:00:00,onboarding_completed
4040,2026-04-18 18:00:00,project_created
4040,2026-04-22 18:00:00,report_created
4041,2026-05-21 00:00:00,signup
4041,2026-05-21 08:00:00,onboarding_started
4041,2026-05-21 17:00:00,onboarding_completed
4041,2026-05-21 17:00:00,project_created
4041,2026-05-22 17:00:00,report_created
4041,2026-06-30 00:00:00,dashboard_viewed
4042,2026-06-22 00:00:00,signup
4043,2026-01-10 00:00:00,signup
4043,2026-01-10 20:00:00,onboarding_started
4043,2026-01-11 03:00:00,onboarding_completed
4043,2026-01-14 03:00:00,project_created
4043,2026-01-14 03:00:00,teammate_invited
4044,2026-01-09 00:00:00,signup
4045,2026-06-04 00:00:00,signup
4045,2026-06-04 09:00:00,onboarding_started
4045,2026-06-04 19:00:00,onboarding_completed
4045,2026-06-04 19:00:00,project_created
4045,2026-06-04 19:00:00,teammate_invited
4045,2026-06-10 19:00:00,report_created
4045,2026-07-05 00:00:00,dashboard_viewed
4046,2026-02-03 00:00:00,signup
4046,2026-02-03 14:00:00,onboarding_started
4046,2026-02-03 15:00:00,onboarding_completed
4047,2026-05-09 00:00:00,signup
4048,2026-06-09 00:00:00,signup
4049,2026-03-30 00:00:00,signup
4049,2026-03-30 06:00:00,onboarding_started
4050,2026-04-03 00:00:00,signup
4050,2026-04-03 07:00:00,onboarding_started
4051,2026-03-12 00:00:00,signup
4051,2026-03-12 09:00:00,onboarding_started
4051,2026-03-12 10:00:00,onboarding_completed
4052,2026-03-08 00:00:00,signup
4052,2026-03-08 11:00:00,onboarding_started
4052,2026-03-08 20:00:00,onboarding_completed
4052,2026-03-11 20:00:00,project_created
4052,2026-03-17 20:00:00,report_created
4053,2026-05-28 00:00:00,signup
4053,2026-05-28 02:00:00,onboarding_started
4054,2026-04-27 00:00:00,signup
4055,2026-04-04 00:00:00,signup
4055,2026-04-04 03:00:00,onboarding_started
4055,2026-04-04 12:00:00,onboarding_completed
4056,2026-06-12 00:00:00,signup
4056,2026-06-12 11:00:00,onboarding_started
4056,2026-06-12 18:00:00,onboarding_completed
4056,2026-06-15 18:00:00,project_created
4057,2026-04-09 00:00:00,signup
4058,2026-04-23 00:00:00,signup
4059,2026-04-13 00:00:00,signup
4059,2026-04-13 13:00:00,onboarding_started
4059,2026-04-13 17:00:00,onboarding_completed
4059,2026-04-15 17:00:00,project_created
4059,2026-04-19 17:00:00,integration_connected
4059,2026-04-20 17:00:00,report_created
4060,2026-04-01 00:00:00,signup
4060,2026-04-01 13:00:00,onboarding_started
4060,2026-04-01 22:00:00,onboarding_completed
4060,2026-04-02 22:00:00,project_created
4060,2026-04-02 22:00:00,teammate_invited
4060,2026-04-05 22:00:00,report_created
4060,2026-05-01 00:00:00,dashboard_viewed
4061,2026-03-31 00:00:00,signup
4061,2026-03-31 05:00:00,onboarding_started
4061,2026-03-31 07:00:00,onboarding_completed
4061,2026-04-01 07:00:00,project_created
4061,2026-04-01 07:00:00,teammate_invited
4061,2026-04-07 07:00:00,report_created
4061,2026-05-01 00:00:00,dashboard_viewed
4062,2026-01-17 00:00:00,signup
4062,2026-01-17 11:00:00,onboarding_started
4063,2026-01-18 00:00:00,signup
4063,2026-01-18 10:00:00,onboarding_started
4063,2026-01-18 12:00:00,onboarding_completed
4063,2026-01-19 12:00:00,project_created
4064,2026-06-22 00:00:00,signup
4064,2026-06-22 23:00:00,onboarding_started
4064,2026-06-23 09:00:00,onboarding_completed
4065,2026-04-26 00:00:00,signup
4065,2026-04-26 18:00:00,onboarding_started
4065,2026-04-26 23:00:00,onboarding_completed
4066,2026-04-03 00:00:00,signup
4066,2026-04-03 13:00:00,onboarding_started
4067,2026-06-30 00:00:00,signup
4067,2026-06-30 13:00:00,onboarding_started
4067,2026-06-30 20:00:00,onboarding_completed
4067,2026-07-01 20:00:00,project_created
4068,2026-04-01 00:00:00,signup
4069,2026-03-23 00:00:00,signup
4069,2026-03-23 14:00:00,onboarding_started
4069,2026-03-23 20:00:00,onboarding_completed
4069,2026-03-26 20:00:00,project_created
4069,2026-03-27 20:00:00,integration_connected
4069,2026-03-29 20:00:00,report_created
4070,2026-03-09 00:00:00,signup
4070,2026-03-09 12:00:00,onboarding_started
4070,2026-03-09 22:00:00,onboarding_completed
4071,2026-04-24 00:00:00,signup
4071,2026-04-24 04:00:00,onboarding_started
4071,2026-04-24 15:00:00,onboarding_completed
4071,2026-04-24 15:00:00,project_created
4071,2026-04-24 15:00:00,teammate_invited
4071,2026-05-25 00:00:00,dashboard_viewed
4072,2026-01-01 00:00:00,signup
4072,2026-01-01 16:00:00,onboarding_started
4073,2026-02-27 00:00:00,signup
4073,2026-02-27 05:00:00,onboarding_started
4073,2026-02-27 10:00:00,onboarding_completed
4073,2026-02-28 10:00:00,project_created
4073,2026-03-04 10:00:00,integration_connected
4073,2026-03-04 10:00:00,report_created
4074,2026-06-03 00:00:00,signup
4074,2026-06-03 10:00:00,onboarding_started
4074,2026-06-03 17:00:00,onboarding_completed
4075,2026-04-19 00:00:00,signup
4075,2026-04-19 15:00:00,onboarding_started
4075,2026-04-20 01:00:00,onboarding_completed
4075,2026-04-20 01:00:00,project_created
4076,2026-05-28 00:00:00,signup
4076,2026-05-28 16:00:00,onboarding_started
4077,2026-04-26 00:00:00,signup
4077,2026-04-26 04:00:00,onboarding_started
4078,2026-03-28 00:00:00,signup
4078,2026-03-28 15:00:00,onboarding_started
4079,2026-01-10 00:00:00,signup
4079,2026-01-10 15:00:00,onboarding_started
4079,2026-01-10 21:00:00,onboarding_completed
4080,2026-02-28 00:00:00,signup
4080,2026-02-28 15:00:00,onboarding_started
4080,2026-02-28 23:00:00,onboarding_completed
4080,2026-03-02 23:00:00,project_created
4080,2026-03-02 23:00:00,integration_connected
4080,2026-03-03 23:00:00,report_created
4080,2026-04-01 00:00:00,dashboard_viewed
4081,2026-02-10 00:00:00,signup
4082,2026-04-15 00:00:00,signup
4082,2026-04-15 03:00:00,onboarding_started
4082,2026-04-15 14:00:00,onboarding_completed
4082,2026-04-18 14:00:00,project_created
4082,2026-04-24 14:00:00,report_created
4083,2026-05-13 00:00:00,signup
4083,2026-05-13 23:00:00,onboarding_started
4083,2026-05-14 10:00:00,onboarding_completed
4083,2026-05-14 10:00:00,project_created
4083,2026-05-19 10:00:00,report_created
4084,2026-05-02 00:00:00,signup
4084,2026-05-02 12:00:00,onboarding_started
4085,2026-05-25 00:00:00,signup
4085,2026-05-25 06:00:00,onboarding_started
4085,2026-05-25 11:00:00,onboarding_completed
4085,2026-05-25 11:00:00,project_created
4085,2026-05-28 11:00:00,integration_connected
4086,2026-01-22 00:00:00,signup
4087,2026-04-08 00:00:00,signup
4087,2026-04-08 19:00:00,onboarding_started
4087,2026-04-09 01:00:00,onboarding_completed
4088,2026-06-18 00:00:00,signup
4088,2026-06-18 18:00:00,onboarding_started
4088,2026-06-19 03:00:00,onboarding_completed
4088,2026-06-19 03:00:00,project_created
4088,2026-06-21 03:00:00,integration_connected
4089,2026-03-09 00:00:00,signup
4089,2026-03-09 14:00:00,onboarding_started
4089,2026-03-09 21:00:00,onboarding_completed
4089,2026-03-11 21:00:00,project_created
4089,2026-03-12 21:00:00,teammate_invited
4090,2026-05-19 00:00:00,signup
4090,2026-05-19 21:00:00,onboarding_started
4090,2026-05-20 00:00:00,onboarding_completed
4090,2026-05-22 00:00:00,project_created
4090,2026-05-22 00:00:00,teammate_invited
4090,2026-05-24 00:00:00,integration_connected
4090,2026-05-25 00:00:00,report_created
4090,2026-06-21 00:00:00,dashboard_viewed
4091,2026-02-25 00:00:00,signup
4092,2026-06-28 00:00:00,signup
4092,2026-06-28 16:00:00,onboarding_started
4092,2026-06-28 18:00:00,onboarding_completed
4092,2026-06-28 18:00:00,project_created
4092,2026-06-29 18:00:00,teammate_invited
4092,2026-07-28 00:00:00,dashboard_viewed
4093,2026-05-29 00:00:00,signup
4093,2026-05-29 01:00:00,onboarding_started
4093,2026-05-29 10:00:00,onboarding_completed
4093,2026-05-31 10:00:00,project_created
4093,2026-06-02 10:00:00,teammate_invited
4093,2026-07-04 00:00:00,dashboard_viewed
4094,2026-04-09 00:00:00,signup
4094,2026-04-09 13:00:00,onboarding_started
4094,2026-04-09 17:00:00,onboarding_completed
4094,2026-04-12 17:00:00,project_created
4095,2026-03-17 00:00:00,signup
4095,2026-03-17 21:00:00,onboarding_started
4096,2026-01-26 00:00:00,signup
4096,2026-01-26 07:00:00,onboarding_started
4096,2026-01-26 13:00:00,onboarding_completed
4096,2026-01-28 13:00:00,project_created
4096,2026-01-29 13:00:00,teammate_invited
4096,2026-02-02 13:00:00,report_created
4096,2026-02-27 00:00:00,dashboard_viewed
4097,2026-04-25 00:00:00,signup
4097,2026-04-25 17:00:00,onboarding_started
4097,2026-04-26 03:00:00,onboarding_completed
4097,2026-04-29 03:00:00,project_created
4097,2026-04-30 03:00:00,integration_connected
4097,2026-05-03 03:00:00,report_created
4097,2026-05-26 00:00:00,dashboard_viewed
4098,2026-05-27 00:00:00,signup
4098,2026-05-27 21:00:00,onboarding_started
4098,2026-05-28 08:00:00,onboarding_completed
4098,2026-05-30 08:00:00,project_created
4098,2026-05-31 08:00:00,integration_connected
4098,2026-06-03 08:00:00,report_created
4098,2026-07-05 00:00:00,dashboard_viewed
4099,2026-04-19 00:00:00,signup
4099,2026-04-19 02:00:00,onboarding_started
4099,2026-04-19 07:00:00,onboarding_completed
4099,2026-04-22 07:00:00,project_created
4099,2026-04-24 07:00:00,teammate_invited
4099,2026-04-25 07:00:00,report_created
4099,2026-05-27 00:00:00,dashboard_viewed
4100,2026-02-16 00:00:00,signup
4100,2026-02-16 16:00:00,onboarding_started
4101,2026-03-12 00:00:00,signup
4102,2026-06-03 00:00:00,signup
4102,2026-06-03 14:00:00,onboarding_started
4102,2026-06-03 17:00:00,onboarding_completed
4102,2026-06-05 17:00:00,project_created
4102,2026-06-07 17:00:00,teammate_invited
4102,2026-07-05 00:00:00,dashboard_viewed
4103,2026-02-09 00:00:00,signup
4103,2026-02-09 10:00:00,onboarding_started
4103,2026-02-09 17:00:00,onboarding_completed
4103,2026-02-10 17:00:00,project_created
4103,2026-02-14 17:00:00,report_created
4103,2026-03-17 00:00:00,dashboard_viewed
4104,2026-05-13 00:00:00,signup
4104,2026-05-13 07:00:00,onboarding_started
4104,2026-05-13 15:00:00,onboarding_completed
4105,2026-05-29 00:00:00,signup
4105,2026-05-29 11:00:00,onboarding_started
4105,2026-05-29 19:00:00,onboarding_completed
4105,2026-05-31 19:00:00,project_created
4105,2026-06-01 19:00:00,teammate_invited
4105,2026-06-03 19:00:00,report_created
4105,2026-07-06 00:00:00,dashboard_viewed
4106,2026-05-12 00:00:00,signup
4106,2026-05-12 01:00:00,onboarding_started
4106,2026-05-12 10:00:00,onboarding_completed
4107,2026-01-23 00:00:00,signup
4108,2026-04-16 00:00:00,signup
4108,2026-04-16 03:00:00,onboarding_started
4108,2026-04-16 05:00:00,onboarding_completed
4108,2026-04-19 05:00:00,project_created
4108,2026-04-20 05:00:00,teammate_invited
4108,2026-04-21 05:00:00,report_created
4108,2026-05-26 00:00:00,dashboard_viewed
4109,2026-03-25 00:00:00,signup
4109,2026-03-25 18:00:00,onboarding_started
4110,2026-05-23 00:00:00,signup
4110,2026-05-23 16:00:00,onboarding_started
4110,2026-05-23 22:00:00,onboarding_completed
4111,2026-04-26 00:00:00,signup
4111,2026-04-26 09:00:00,onboarding_started
4112,2026-04-19 00:00:00,signup
4112,2026-04-19 15:00:00,onboarding_started
4112,2026-04-19 19:00:00,onboarding_completed
4112,2026-04-19 19:00:00,project_created
4112,2026-04-19 19:00:00,teammate_invited
4112,2026-04-19 19:00:00,integration_connected
4112,2026-04-23 19:00:00,report_created
4113,2026-05-16 00:00:00,signup
4113,2026-05-16 04:00:00,onboarding_started
4113,2026-05-16 13:00:00,onboarding_completed
4113,2026-05-18 13:00:00,project_created
4113,2026-05-20 13:00:00,teammate_invited
4113,2026-05-22 13:00:00,report_created
4114,2026-02-10 00:00:00,signup
4114,2026-02-10 23:00:00,onboarding_started
4114,2026-02-11 01:00:00,onboarding_completed
4115,2026-04-22 00:00:00,signup
4115,2026-04-22 23:00:00,onboarding_started
4115,2026-04-23 07:00:00,onboarding_completed
4115,2026-04-23 07:00:00,project_created
4116,2026-05-27 00:00:00,signup
4117,2026-04-22 00:00:00,signup
4117,2026-04-22 18:00:00,onboarding_started
4117,2026-04-23 03:00:00,onboarding_completed
4118,2026-04-13 00:00:00,signup
4118,2026-04-13 13:00:00,onboarding_started
4118,2026-04-13 14:00:00,onboarding_completed
4118,2026-04-16 14:00:00,project_created
4118,2026-04-20 14:00:00,report_created
4119,2026-02-15 00:00:00,signup
4119,2026-02-15 21:00:00,onboarding_started
4119,2026-02-16 03:00:00,onboarding_completed
4120,2026-06-05 00:00:00,signup
4120,2026-06-05 15:00:00,onboarding_started
4120,2026-06-05 22:00:00,onboarding_completed
4120,2026-06-06 22:00:00,project_created
4120,2026-06-06 22:00:00,teammate_invited
4120,2026-06-10 22:00:00,report_created
4120,2026-07-15 00:00:00,dashboard_viewed
4121,2026-03-09 00:00:00,signup
4121,2026-03-09 22:00:00,onboarding_started
4121,2026-03-10 00:00:00,onboarding_completed
4121,2026-03-11 00:00:00,project_created
4121,2026-03-12 00:00:00,teammate_invited
4121,2026-03-12 00:00:00,integration_connected
4121,2026-03-15 00:00:00,report_created
4121,2026-04-11 00:00:00,dashboard_viewed
4122,2026-05-02 00:00:00,signup
4122,2026-05-02 05:00:00,onboarding_started
4122,2026-05-02 16:00:00,onboarding_completed
4123,2026-01-15 00:00:00,signup
4123,2026-01-15 11:00:00,onboarding_started
4124,2026-06-14 00:00:00,signup
4124,2026-06-14 20:00:00,onboarding_started
4124,2026-06-15 04:00:00,onboarding_completed
4124,2026-06-18 04:00:00,project_created
4125,2026-05-09 00:00:00,signup
4125,2026-05-09 06:00:00,onboarding_started
4125,2026-05-09 13:00:00,onboarding_completed
4126,2026-04-21 00:00:00,signup
4126,2026-04-21 09:00:00,onboarding_started
4127,2026-01-24 00:00:00,signup
4127,2026-01-24 08:00:00,onboarding_started
4128,2026-01-27 00:00:00,signup
4129,2026-02-09 00:00:00,signup
4129,2026-02-09 05:00:00,onboarding_started
4130,2026-06-13 00:00:00,signup
4131,2026-01-24 00:00:00,signup
4131,2026-01-24 17:00:00,onboarding_started
4131,2026-01-25 00:00:00,onboarding_completed
4132,2026-01-24 00:00:00,signup
4132,2026-01-24 19:00:00,onboarding_started
4133,2026-01-04 00:00:00,signup
4133,2026-01-04 03:00:00,onboarding_started
4134,2026-03-08 00:00:00,signup
4135,2026-02-03 00:00:00,signup
4135,2026-02-03 16:00:00,onboarding_started
4135,2026-02-03 23:00:00,onboarding_completed
4136,2026-06-26 00:00:00,signup
4136,2026-06-26 18:00:00,onboarding_started
4136,2026-06-27 03:00:00,onboarding_completed
4136,2026-06-30 03:00:00,project_created
4136,2026-07-02 03:00:00,teammate_invited
4136,2026-07-04 03:00:00,integration_connected
4136,2026-07-29 00:00:00,dashboard_viewed
4137,2026-06-30 00:00:00,signup
4138,2026-04-26 00:00:00,signup
4138,2026-04-26 18:00:00,onboarding_started
4138,2026-04-26 20:00:00,onboarding_completed
4139,2026-01-23 00:00:00,signup
4139,2026-01-23 04:00:00,onboarding_started
4139,2026-01-23 10:00:00,onboarding_completed
4139,2026-01-26 10:00:00,project_created
4139,2026-01-26 10:00:00,teammate_invited
4139,2026-01-27 10:00:00,integration_connected
4139,2026-01-27 10:00:00,report_created
4140,2026-04-19 00:00:00,signup
4140,2026-04-19 22:00:00,onboarding_started
4140,2026-04-20 01:00:00,onboarding_completed
4140,2026-04-20 01:00:00,project_created
4141,2026-03-10 00:00:00,signup
4141,2026-03-10 10:00:00,onboarding_started
4141,2026-03-10 11:00:00,onboarding_completed
4141,2026-03-12 11:00:00,project_created
4141,2026-03-14 11:00:00,teammate_invited
4141,2026-03-18 11:00:00,report_created
4141,2026-04-09 00:00:00,dashboard_viewed
4142,2026-04-05 00:00:00,signup
4142,2026-04-05 04:00:00,onboarding_started
4143,2026-06-30 00:00:00,signup
4144,2026-03-03 00:00:00,signup
4144,2026-03-03 22:00:00,onboarding_started
4144,2026-03-04 07:00:00,onboarding_completed
4145,2026-06-18 00:00:00,signup
4145,2026-06-18 08:00:00,onboarding_started
4146,2026-02-26 00:00:00,signup
4147,2026-02-23 00:00:00,signup
4148,2026-03-11 00:00:00,signup
4148,2026-03-11 17:00:00,onboarding_started
4148,2026-03-12 03:00:00,onboarding_completed
4148,2026-03-12 03:00:00,project_created
4148,2026-03-18 03:00:00,report_created
4148,2026-04-16 00:00:00,dashboard_viewed
4149,2026-04-11 00:00:00,signup
4149,2026-04-11 05:00:00,onboarding_started
4150,2026-02-26 00:00:00,signup
4150,2026-02-26 06:00:00,onboarding_started
4150,2026-02-26 15:00:00,onboarding_completed
4150,2026-02-27 15:00:00,project_created
4150,2026-02-28 15:00:00,teammate_invited
4150,2026-04-04 00:00:00,dashboard_viewed
4151,2026-05-18 00:00:00,signup
4151,2026-05-18 02:00:00,onboarding_started
4151,2026-05-18 12:00:00,onboarding_completed
4151,2026-05-18 12:00:00,project_created
4151,2026-05-19 12:00:00,teammate_invited
4151,2026-05-21 12:00:00,report_created
4151,2026-06-22 00:00:00,dashboard_viewed
4152,2026-06-17 00:00:00,signup
4152,2026-06-17 05:00:00,onboarding_started
4153,2026-05-15 00:00:00,signup
4154,2026-04-13 00:00:00,signup
4154,2026-04-13 08:00:00,onboarding_started
4154,2026-04-13 19:00:00,onboarding_completed
4155,2026-06-15 00:00:00,signup
4155,2026-06-15 08:00:00,onboarding_started
4155,2026-06-15 09:00:00,onboarding_completed
4155,2026-06-16 09:00:00,project_created
4155,2026-06-20 09:00:00,integration_connected
4156,2026-03-26 00:00:00,signup
4156,2026-03-26 19:00:00,onboarding_started
4156,2026-03-27 00:00:00,onboarding_completed
4156,2026-03-30 00:00:00,project_created
4156,2026-03-31 00:00:00,report_created
4156,2026-05-02 00:00:00,dashboard_viewed
4157,2026-03-02 00:00:00,signup
4157,2026-03-02 22:00:00,onboarding_started
4157,2026-03-03 00:00:00,onboarding_completed
4157,2026-03-05 00:00:00,project_created
4157,2026-03-09 00:00:00,integration_connected
4157,2026-03-10 00:00:00,report_created
4158,2026-01-03 00:00:00,signup
4158,2026-01-03 23:00:00,onboarding_started
4158,2026-01-04 05:00:00,onboarding_completed
4159,2026-05-08 00:00:00,signup
4159,2026-05-08 16:00:00,onboarding_started
4159,2026-05-08 23:00:00,onboarding_completed
4159,2026-05-08 23:00:00,project_created
4159,2026-05-10 23:00:00,report_created
4159,2026-06-12 00:00:00,dashboard_viewed
4160,2026-06-28 00:00:00,signup
4160,2026-06-28 06:00:00,onboarding_started
4161,2026-03-27 00:00:00,signup
4162,2026-02-16 00:00:00,signup
4162,2026-02-16 11:00:00,onboarding_started
4163,2026-03-17 00:00:00,signup
4163,2026-03-17 22:00:00,onboarding_started
4163,2026-03-18 06:00:00,onboarding_completed
4163,2026-03-20 06:00:00,project_created
4163,2026-03-21 06:00:00,report_created
4164,2026-02-07 00:00:00,signup
4165,2026-06-13 00:00:00,signup
4166,2026-06-18 00:00:00,signup
4166,2026-06-18 03:00:00,onboarding_started
4166,2026-06-18 09:00:00,onboarding_completed
4166,2026-06-20 09:00:00,project_created
4166,2026-07-19 00:00:00,dashboard_viewed
4167,2026-05-21 00:00:00,signup
4167,2026-05-21 06:00:00,onboarding_started
4167,2026-05-21 12:00:00,onboarding_completed
4167,2026-05-23 12:00:00,project_created
4167,2026-05-26 12:00:00,report_created
4168,2026-03-28 00:00:00,signup
4168,2026-03-28 05:00:00,onboarding_started
4169,2026-02-27 00:00:00,signup
4169,2026-02-27 17:00:00,onboarding_started
4169,2026-02-27 23:00:00,onboarding_completed
4169,2026-02-27 23:00:00,project_created
4169,2026-02-28 23:00:00,teammate_invited
4170,2026-02-19 00:00:00,signup
4171,2026-01-30 00:00:00,signup
4171,2026-01-30 16:00:00,onboarding_started
4171,2026-01-30 23:00:00,onboarding_completed
4172,2026-04-11 00:00:00,signup
4172,2026-04-11 05:00:00,onboarding_started
4172,2026-04-11 10:00:00,onboarding_completed
4173,2026-01-25 00:00:00,signup
4173,2026-01-25 23:00:00,onboarding_started
4173,2026-01-26 03:00:00,onboarding_completed
4174,2026-04-22 00:00:00,signup
4174,2026-04-22 15:00:00,onboarding_started
4174,2026-04-22 17:00:00,onboarding_completed
4174,2026-04-22 17:00:00,project_created
4174,2026-04-24 17:00:00,teammate_invited
4174,2026-04-27 17:00:00,report_created
4175,2026-06-04 00:00:00,signup
4175,2026-06-04 04:00:00,onboarding_started
4175,2026-06-04 05:00:00,onboarding_completed
4176,2026-06-28 00:00:00,signup
4176,2026-06-28 09:00:00,onboarding_started
4176,2026-06-28 20:00:00,onboarding_completed
4176,2026-06-28 20:00:00,project_created
4176,2026-07-04 20:00:00,report_created
4177,2026-05-06 00:00:00,signup
4177,2026-05-06 19:00:00,onboarding_started
4177,2026-05-06 20:00:00,onboarding_completed
4177,2026-05-08 20:00:00,project_created
4177,2026-05-10 20:00:00,report_created
4178,2026-05-03 00:00:00,signup
4178,2026-05-03 14:00:00,onboarding_started
4178,2026-05-03 18:00:00,onboarding_completed
4179,2026-02-16 00:00:00,signup
4179,2026-02-16 03:00:00,onboarding_started
4179,2026-02-16 07:00:00,onboarding_completed
4179,2026-02-16 07:00:00,project_created
4179,2026-02-19 07:00:00,integration_connected
4179,2026-03-22 00:00:00,dashboard_viewed
4180,2026-04-28 00:00:00,signup
4180,2026-04-28 19:00:00,onboarding_started
4180,2026-04-29 04:00:00,onboarding_completed
4180,2026-04-30 04:00:00,project_created
4180,2026-05-01 04:00:00,report_created
4181,2026-02-08 00:00:00,signup
4181,2026-02-08 08:00:00,onboarding_started
4181,2026-02-08 13:00:00,onboarding_completed
4181,2026-02-09 13:00:00,project_created
4182,2026-01-16 00:00:00,signup
4183,2026-01-22 00:00:00,signup
4183,2026-01-22 17:00:00,onboarding_started
4183,2026-01-23 01:00:00,onboarding_completed
4183,2026-01-25 01:00:00,project_created
4184,2026-02-23 00:00:00,signup
4184,2026-02-23 06:00:00,onboarding_started
4185,2026-05-29 00:00:00,signup
4186,2026-01-16 00:00:00,signup
4186,2026-01-16 18:00:00,onboarding_started
4186,2026-01-17 02:00:00,onboarding_completed
4186,2026-01-17 02:00:00,project_created
4186,2026-01-17 02:00:00,teammate_invited
4186,2026-01-18 02:00:00,integration_connected
4186,2026-02-24 00:00:00,dashboard_viewed
4187,2026-02-28 00:00:00,signup
4187,2026-02-28 04:00:00,onboarding_started
4188,2026-01-31 00:00:00,signup
4188,2026-01-31 05:00:00,onboarding_started
4188,2026-01-31 07:00:00,onboarding_completed
4189,2026-06-19 00:00:00,signup
4189,2026-06-19 09:00:00,onboarding_started
4189,2026-06-19 14:00:00,onboarding_completed
4189,2026-06-20 14:00:00,project_created
4189,2026-06-24 14:00:00,integration_connected
4189,2026-06-26 14:00:00,report_created
4189,2026-07-24 00:00:00,dashboard_viewed
4190,2026-02-01 00:00:00,signup
4190,2026-02-01 12:00:00,onboarding_started
4190,2026-02-01 15:00:00,onboarding_completed
4190,2026-02-01 15:00:00,project_created
4190,2026-02-01 15:00:00,teammate_invited
4191,2026-06-11 00:00:00,signup
4191,2026-06-11 14:00:00,onboarding_started
4191,2026-06-11 20:00:00,onboarding_completed
4191,2026-06-11 20:00:00,project_created
4192,2026-01-09 00:00:00,signup
4192,2026-01-09 15:00:00,onboarding_started
4192,2026-01-10 00:00:00,onboarding_completed
4193,2026-05-19 00:00:00,signup
4193,2026-05-19 01:00:00,onboarding_started
4193,2026-05-19 04:00:00,onboarding_completed
4193,2026-05-20 04:00:00,project_created
4193,2026-05-20 04:00:00,teammate_invited
4193,2026-05-24 04:00:00,integration_connected
4193,2026-06-23 00:00:00,dashboard_viewed
4194,2026-01-10 00:00:00,signup
4194,2026-01-10 11:00:00,onboarding_started
4194,2026-01-10 20:00:00,onboarding_completed
4195,2026-01-17 00:00:00,signup
4195,2026-01-17 08:00:00,onboarding_started
4195,2026-01-17 14:00:00,onboarding_completed
4195,2026-01-20 14:00:00,project_created
4195,2026-01-20 14:00:00,integration_connected
4195,2026-01-22 14:00:00,teammate_invited
4195,2026-02-19 00:00:00,dashboard_viewed
4196,2026-03-09 00:00:00,signup
4196,2026-03-09 21:00:00,onboarding_started
4196,2026-03-10 08:00:00,onboarding_completed
4196,2026-03-10 08:00:00,project_created
4196,2026-03-10 08:00:00,integration_connected
4197,2026-02-17 00:00:00,signup
4197,2026-02-17 13:00:00,onboarding_started
4198,2026-06-29 00:00:00,signup
4198,2026-06-29 06:00:00,onboarding_started
4199,2026-04-21 00:00:00,signup
4199,2026-04-21 08:00:00,onboarding_started
4199,2026-04-21 14:00:00,onboarding_completed
4200,2026-06-02 00:00:00,signup
4200,2026-06-02 23:00:00,onboarding_started
4200,2026-06-03 03:00:00,onboarding_completed
4201,2026-05-03 00:00:00,signup
4201,2026-05-03 09:00:00,onboarding_started
4201,2026-05-03 14:00:00,onboarding_completed
4202,2026-05-29 00:00:00,signup
4202,2026-05-29 05:00:00,onboarding_started
4202,2026-05-29 07:00:00,onboarding_completed
4202,2026-05-31 07:00:00,project_created
4202,2026-06-02 07:00:00,report_created
4203,2026-04-11 00:00:00,signup
4204,2026-04-12 00:00:00,signup
4204,2026-04-12 09:00:00,onboarding_started
4205,2026-03-06 00:00:00,signup
4205,2026-03-06 13:00:00,onboarding_started
4205,2026-03-06 19:00:00,onboarding_completed
4205,2026-03-06 19:00:00,project_created
4205,2026-04-05 00:00:00,dashboard_viewed
4206,2026-02-20 00:00:00,signup
4206,2026-02-20 11:00:00,onboarding_started
4206,2026-02-20 16:00:00,onboarding_completed
4207,2026-02-05 00:00:00,signup
4207,2026-02-05 04:00:00,onboarding_started
4207,2026-02-05 06:00:00,onboarding_completed
4208,2026-03-22 00:00:00,signup
4208,2026-03-22 12:00:00,onboarding_started
4208,2026-03-22 16:00:00,onboarding_completed
4208,2026-03-23 16:00:00,project_created
4208,2026-03-24 16:00:00,report_created
4209,2026-05-07 00:00:00,signup
4209,2026-05-07 12:00:00,onboarding_started
4209,2026-05-07 14:00:00,onboarding_completed
4210,2026-03-29 00:00:00,signup
4210,2026-03-29 21:00:00,onboarding_started
4210,2026-03-30 05:00:00,onboarding_completed
4211,2026-04-14 00:00:00,signup
4211,2026-04-14 02:00:00,onboarding_started
4211,2026-04-14 08:00:00,onboarding_completed
4212,2026-01-15 00:00:00,signup
4212,2026-01-15 07:00:00,onboarding_started
4212,2026-01-15 14:00:00,onboarding_completed
4212,2026-01-18 14:00:00,project_created
4212,2026-01-24 14:00:00,report_created
4212,2026-02-18 00:00:00,dashboard_viewed
4213,2026-04-06 00:00:00,signup
4213,2026-04-06 13:00:00,onboarding_started
4214,2026-06-16 00:00:00,signup
4214,2026-06-16 09:00:00,onboarding_started
4215,2026-05-03 00:00:00,signup
4215,2026-05-03 18:00:00,onboarding_started
4215,2026-05-04 00:00:00,onboarding_completed
4215,2026-05-07 00:00:00,project_created
4215,2026-05-08 00:00:00,teammate_invited
4216,2026-01-01 00:00:00,signup
4216,2026-01-01 22:00:00,onboarding_started
4216,2026-01-01 23:00:00,onboarding_completed
4216,2026-01-04 23:00:00,project_created
4216,2026-01-04 23:00:00,integration_connected
4216,2026-01-05 23:00:00,report_created
4216,2026-02-02 00:00:00,dashboard_viewed
4217,2026-05-31 00:00:00,signup
4217,2026-05-31 16:00:00,onboarding_started
4218,2026-05-02 00:00:00,signup
4218,2026-05-02 19:00:00,onboarding_started
4218,2026-05-03 06:00:00,onboarding_completed
4219,2026-06-16 00:00:00,signup
4219,2026-06-16 10:00:00,onboarding_started
4219,2026-06-16 19:00:00,onboarding_completed
4220,2026-05-06 00:00:00,signup
4220,2026-05-06 03:00:00,onboarding_started
4220,2026-05-06 12:00:00,onboarding_completed
4220,2026-05-08 12:00:00,project_created
4221,2026-02-26 00:00:00,signup
4221,2026-02-26 01:00:00,onboarding_started
4221,2026-02-26 07:00:00,onboarding_completed
4222,2026-03-22 00:00:00,signup
4222,2026-03-22 01:00:00,onboarding_started
4223,2026-06-11 00:00:00,signup
4224,2026-06-18 00:00:00,signup
4224,2026-06-18 21:00:00,onboarding_started
4224,2026-06-18 23:00:00,onboarding_completed
4224,2026-06-20 23:00:00,project_created
4224,2026-06-21 23:00:00,teammate_invited
4224,2026-06-22 23:00:00,report_created
4224,2026-06-24 23:00:00,integration_connected
4225,2026-03-14 00:00:00,signup
4225,2026-03-14 07:00:00,onboarding_started
4225,2026-03-14 16:00:00,onboarding_completed
4225,2026-03-15 16:00:00,project_created
4225,2026-03-17 16:00:00,teammate_invited
4225,2026-04-18 00:00:00,dashboard_viewed
4226,2026-05-21 00:00:00,signup
4226,2026-05-21 03:00:00,onboarding_started
4226,2026-05-21 06:00:00,onboarding_completed
4226,2026-05-21 06:00:00,project_created
4226,2026-05-22 06:00:00,teammate_invited
4226,2026-06-28 00:00:00,dashboard_viewed
4227,2026-03-11 00:00:00,signup
4227,2026-03-11 07:00:00,onboarding_started
4228,2026-01-06 00:00:00,signup
4228,2026-01-06 14:00:00,onboarding_started
4229,2026-03-25 00:00:00,signup
4229,2026-03-25 07:00:00,onboarding_started
4229,2026-03-25 16:00:00,onboarding_completed
4229,2026-03-27 16:00:00,project_created
4229,2026-03-27 16:00:00,teammate_invited
4229,2026-03-29 16:00:00,integration_connected
4230,2026-02-21 00:00:00,signup
4230,2026-02-21 16:00:00,onboarding_started
4230,2026-02-22 01:00:00,onboarding_completed
4230,2026-02-25 01:00:00,project_created
4230,2026-02-27 01:00:00,teammate_invited
4230,2026-03-03 01:00:00,report_created
4230,2026-04-01 00:00:00,dashboard_viewed
4231,2026-01-03 00:00:00,signup
4231,2026-01-03 22:00:00,onboarding_started
4231,2026-01-04 06:00:00,onboarding_completed
4231,2026-01-05 06:00:00,project_created
4231,2026-01-07 06:00:00,report_created
4231,2026-01-09 06:00:00,integration_connected
4232,2026-03-22 00:00:00,signup
4232,2026-03-22 18:00:00,onboarding_started
4232,2026-03-22 22:00:00,onboarding_completed
4232,2026-03-24 22:00:00,project_created
4232,2026-03-28 22:00:00,report_created
4232,2026-04-24 00:00:00,dashboard_viewed
4233,2026-03-04 00:00:00,signup
4233,2026-03-04 08:00:00,onboarding_started
4234,2026-02-18 00:00:00,signup
4234,2026-02-18 20:00:00,onboarding_started
4234,2026-02-19 02:00:00,onboarding_completed
4235,2026-03-17 00:00:00,signup
4235,2026-03-17 10:00:00,onboarding_started
4235,2026-03-17 16:00:00,onboarding_completed
4236,2026-04-22 00:00:00,signup
4236,2026-04-22 23:00:00,onboarding_started
4236,2026-04-23 05:00:00,onboarding_completed
4236,2026-04-23 05:00:00,project_created
4236,2026-04-25 05:00:00,teammate_invited
4236,2026-04-27 05:00:00,report_created
4236,2026-05-23 00:00:00,dashboard_viewed
4237,2026-06-24 00:00:00,signup
4238,2026-04-19 00:00:00,signup
4238,2026-04-19 10:00:00,onboarding_started
4238,2026-04-19 16:00:00,onboarding_completed
4238,2026-04-21 16:00:00,project_created
4238,2026-04-23 16:00:00,teammate_invited
4238,2026-04-23 16:00:00,report_created
4238,2026-05-28 00:00:00,dashboard_viewed
4239,2026-03-06 00:00:00,signup
4239,2026-03-06 02:00:00,onboarding_started
4240,2026-03-22 00:00:00,signup
4240,2026-03-22 05:00:00,onboarding_started
4241,2026-01-15 00:00:00,signup
4241,2026-01-15 13:00:00,onboarding_started
4241,2026-01-15 15:00:00,onboarding_completed
4242,2026-04-10 00:00:00,signup
4243,2026-02-01 00:00:00,signup
4243,2026-02-01 21:00:00,onboarding_started
4243,2026-02-02 02:00:00,onboarding_completed
4243,2026-02-03 02:00:00,project_created
4244,2026-04-06 00:00:00,signup
4244,2026-04-06 11:00:00,onboarding_started
4245,2026-05-08 00:00:00,signup
4245,2026-05-08 16:00:00,onboarding_started
4245,2026-05-09 03:00:00,onboarding_completed
4245,2026-05-10 03:00:00,project_created
4245,2026-05-12 03:00:00,teammate_invited
4245,2026-05-14 03:00:00,integration_connected
4245,2026-05-15 03:00:00,report_created
4246,2026-05-26 00:00:00,signup
4246,2026-05-26 12:00:00,onboarding_started
4246,2026-05-26 19:00:00,onboarding_completed
4246,2026-05-26 19:00:00,project_created
4247,2026-04-23 00:00:00,signup
4247,2026-04-23 10:00:00,onboarding_started
4247,2026-04-23 18:00:00,onboarding_completed
4247,2026-04-26 18:00:00,project_created
4248,2026-03-24 00:00:00,signup
4248,2026-03-24 23:00:00,onboarding_started
4248,2026-03-25 10:00:00,onboarding_completed
4248,2026-03-27 10:00:00,project_created
4248,2026-03-29 10:00:00,report_created
4249,2026-02-12 00:00:00,signup
4249,2026-02-12 20:00:00,onboarding_started
4249,2026-02-13 05:00:00,onboarding_completed
4250,2026-04-26 00:00:00,signup
4250,2026-04-26 19:00:00,onboarding_started
4250,2026-04-27 04:00:00,onboarding_completed
4251,2026-06-12 00:00:00,signup
4252,2026-03-19 00:00:00,signup
4252,2026-03-19 11:00:00,onboarding_started
4252,2026-03-19 21:00:00,onboarding_completed
4252,2026-03-22 21:00:00,project_created
4253,2026-02-27 00:00:00,signup
4253,2026-02-27 07:00:00,onboarding_started
4254,2026-02-02 00:00:00,signup
4254,2026-02-02 06:00:00,onboarding_started
4254,2026-02-02 12:00:00,onboarding_completed
4255,2026-01-14 00:00:00,signup
4255,2026-01-14 11:00:00,onboarding_started
4255,2026-01-14 14:00:00,onboarding_completed
4255,2026-01-16 14:00:00,project_created
4255,2026-01-21 14:00:00,report_created
4256,2026-06-11 00:00:00,signup
4256,2026-06-11 21:00:00,onboarding_started
4256,2026-06-12 06:00:00,onboarding_completed
4256,2026-06-12 06:00:00,project_created
4256,2026-06-13 06:00:00,teammate_invited
4257,2026-05-12 00:00:00,signup
4257,2026-05-12 02:00:00,onboarding_started
4257,2026-05-12 11:00:00,onboarding_completed
4257,2026-05-15 11:00:00,project_created
4258,2026-02-28 00:00:00,signup
4258,2026-02-28 17:00:00,onboarding_started
4258,2026-02-28 18:00:00,onboarding_completed
4258,2026-03-02 18:00:00,project_created
4258,2026-03-04 18:00:00,teammate_invited
4258,2026-03-04 18:00:00,report_created
4259,2026-06-06 00:00:00,signup
4259,2026-06-06 23:00:00,onboarding_started
4259,2026-06-07 02:00:00,onboarding_completed
4260,2026-03-24 00:00:00,signup
4260,2026-03-24 17:00:00,onboarding_started
4260,2026-03-24 21:00:00,onboarding_completed
4260,2026-03-27 21:00:00,project_created
4260,2026-03-27 21:00:00,teammate_invited
4260,2026-04-23 00:00:00,dashboard_viewed
4261,2026-05-14 00:00:00,signup
4261,2026-05-14 21:00:00,onboarding_started
4261,2026-05-15 05:00:00,onboarding_completed
4261,2026-05-18 05:00:00,project_created
4261,2026-05-18 05:00:00,teammate_invited
4261,2026-05-24 05:00:00,report_created
4261,2026-06-22 00:00:00,dashboard_viewed
4262,2026-05-01 00:00:00,signup
4262,2026-05-01 20:00:00,onboarding_started
4263,2026-06-26 00:00:00,signup
4263,2026-06-26 05:00:00,onboarding_started
4263,2026-06-26 08:00:00,onboarding_completed
4263,2026-06-27 08:00:00,project_created
4263,2026-06-29 08:00:00,teammate_invited
4263,2026-06-30 08:00:00,integration_connected
4263,2026-07-02 08:00:00,report_created
4264,2026-06-17 00:00:00,signup
4264,2026-06-17 04:00:00,onboarding_started
4264,2026-06-17 06:00:00,onboarding_completed
4264,2026-06-18 06:00:00,project_created
4264,2026-06-19 06:00:00,integration_connected
4264,2026-07-19 00:00:00,dashboard_viewed
4265,2026-03-24 00:00:00,signup
4266,2026-01-27 00:00:00,signup
4266,2026-01-27 06:00:00,onboarding_started
4266,2026-01-27 09:00:00,onboarding_completed
4266,2026-01-29 09:00:00,project_created
4267,2026-03-21 00:00:00,signup
4267,2026-03-21 08:00:00,onboarding_started
4267,2026-03-21 09:00:00,onboarding_completed
4267,2026-03-24 09:00:00,project_created
4267,2026-03-29 09:00:00,report_created
4268,2026-05-14 00:00:00,signup
4268,2026-05-14 08:00:00,onboarding_started
4268,2026-05-14 12:00:00,onboarding_completed
4268,2026-05-16 12:00:00,project_created
4268,2026-05-18 12:00:00,report_created
4269,2026-01-13 00:00:00,signup
4269,2026-01-13 15:00:00,onboarding_started
4269,2026-01-13 22:00:00,onboarding_completed
4270,2026-03-05 00:00:00,signup
4270,2026-03-05 09:00:00,onboarding_started
4270,2026-03-05 16:00:00,onboarding_completed
4270,2026-03-06 16:00:00,project_created
4270,2026-03-09 16:00:00,report_created
4271,2026-05-27 00:00:00,signup
4271,2026-05-27 16:00:00,onboarding_started
4272,2026-03-21 00:00:00,signup
4272,2026-03-21 11:00:00,onboarding_started
4273,2026-05-03 00:00:00,signup
4274,2026-02-12 00:00:00,signup
4274,2026-02-12 08:00:00,onboarding_started
4275,2026-03-30 00:00:00,signup
4275,2026-03-30 22:00:00,onboarding_started
4275,2026-03-31 04:00:00,onboarding_completed
4275,2026-04-02 04:00:00,project_created
4275,2026-04-03 04:00:00,teammate_invited
4275,2026-04-07 04:00:00,report_created
4275,2026-05-08 00:00:00,dashboard_viewed
4276,2026-05-28 00:00:00,signup
4276,2026-05-28 08:00:00,onboarding_started
4277,2026-04-05 00:00:00,signup
4277,2026-04-05 22:00:00,onboarding_started
4277,2026-04-06 05:00:00,onboarding_completed
4277,2026-04-08 05:00:00,project_created
4277,2026-04-10 05:00:00,report_created
4278,2026-06-21 00:00:00,signup
4279,2026-05-31 00:00:00,signup
4280,2026-01-02 00:00:00,signup
4280,2026-01-02 10:00:00,onboarding_started
4281,2026-04-30 00:00:00,signup
4281,2026-04-30 15:00:00,onboarding_started
4282,2026-01-22 00:00:00,signup
4282,2026-01-22 14:00:00,onboarding_started
4282,2026-01-22 17:00:00,onboarding_completed
4283,2026-04-25 00:00:00,signup
4283,2026-04-25 05:00:00,onboarding_started
4283,2026-04-25 08:00:00,onboarding_completed
4283,2026-04-28 08:00:00,project_created
4283,2026-05-02 08:00:00,report_created
4283,2026-05-26 00:00:00,dashboard_viewed
4284,2026-02-26 00:00:00,signup
4284,2026-02-26 03:00:00,onboarding_started
4284,2026-02-26 13:00:00,onboarding_completed
4284,2026-03-01 13:00:00,project_created
4284,2026-03-03 13:00:00,report_created
4285,2026-03-13 00:00:00,signup
4285,2026-03-13 03:00:00,onboarding_started
4285,2026-03-13 06:00:00,onboarding_completed
4285,2026-03-16 06:00:00,project_created
4285,2026-03-18 06:00:00,teammate_invited
4285,2026-03-20 06:00:00,report_created
4285,2026-04-17 00:00:00,dashboard_viewed
4286,2026-01-07 00:00:00,signup
4286,2026-01-07 17:00:00,onboarding_started
4287,2026-04-29 00:00:00,signup
4287,2026-04-29 17:00:00,onboarding_started
4287,2026-04-30 01:00:00,onboarding_completed
4287,2026-05-02 01:00:00,project_created
4287,2026-05-03 01:00:00,teammate_invited
4287,2026-05-05 01:00:00,integration_connected
4287,2026-06-04 00:00:00,dashboard_viewed
4288,2026-04-24 00:00:00,signup
4289,2026-01-16 00:00:00,signup
4289,2026-01-16 01:00:00,onboarding_started
4290,2026-03-24 00:00:00,signup
4290,2026-03-24 18:00:00,onboarding_started
4291,2026-06-28 00:00:00,signup
4291,2026-06-28 11:00:00,onboarding_started
4292,2026-03-13 00:00:00,signup
4292,2026-03-13 16:00:00,onboarding_started
4292,2026-03-13 17:00:00,onboarding_completed
4292,2026-03-15 17:00:00,project_created
4292,2026-03-17 17:00:00,teammate_invited
4293,2026-05-04 00:00:00,signup
4293,2026-05-04 04:00:00,onboarding_started
4293,2026-05-04 10:00:00,onboarding_completed
4293,2026-05-04 10:00:00,project_created
4293,2026-05-08 10:00:00,integration_connected
4294,2026-04-23 00:00:00,signup
4294,2026-04-23 17:00:00,onboarding_started
4294,2026-04-24 00:00:00,onboarding_completed
4295,2026-01-12 00:00:00,signup
4295,2026-01-12 13:00:00,onboarding_started
4296,2026-05-06 00:00:00,signup
4297,2026-02-22 00:00:00,signup
4297,2026-02-22 18:00:00,onboarding_started
4298,2026-03-16 00:00:00,signup
4299,2026-05-13 00:00:00,signup
4299,2026-05-13 01:00:00,onboarding_started
4300,2026-01-27 00:00:00,signup
4300,2026-01-27 12:00:00,onboarding_started
4300,2026-01-27 21:00:00,onboarding_completed
4300,2026-01-29 21:00:00,project_created
4300,2026-01-29 21:00:00,teammate_invited
4300,2026-01-30 21:00:00,report_created
4300,2026-02-02 21:00:00,integration_connected
4301,2026-05-20 00:00:00,signup
4301,2026-05-20 13:00:00,onboarding_started
4301,2026-05-20 19:00:00,onboarding_completed
4302,2026-05-25 00:00:00,signup
4302,2026-05-25 07:00:00,onboarding_started
4303,2026-05-14 00:00:00,signup
4303,2026-05-14 19:00:00,onboarding_started
4303,2026-05-14 21:00:00,onboarding_completed
4304,2026-04-07 00:00:00,signup
4304,2026-04-07 18:00:00,onboarding_started
4304,2026-04-07 21:00:00,onboarding_completed
4304,2026-04-09 21:00:00,project_created
4304,2026-04-10 21:00:00,teammate_invited
4304,2026-04-13 21:00:00,report_created
4304,2026-05-11 00:00:00,dashboard_viewed
4305,2026-01-05 00:00:00,signup
4305,2026-01-05 23:00:00,onboarding_started
4305,2026-01-06 00:00:00,onboarding_completed
4305,2026-01-09 00:00:00,project_created
4305,2026-01-09 00:00:00,integration_connected
4306,2026-02-26 00:00:00,signup
4306,2026-02-26 11:00:00,onboarding_started
4306,2026-02-26 22:00:00,onboarding_completed
4307,2026-06-05 00:00:00,signup
4307,2026-06-05 15:00:00,onboarding_started
4307,2026-06-06 02:00:00,onboarding_completed
4307,2026-06-08 02:00:00,project_created
4307,2026-06-10 02:00:00,teammate_invited
4307,2026-06-14 02:00:00,report_created
4307,2026-07-13 00:00:00,dashboard_viewed
4308,2026-03-19 00:00:00,signup
4308,2026-03-19 13:00:00,onboarding_started
4309,2026-03-10 00:00:00,signup
4309,2026-03-10 14:00:00,onboarding_started
4309,2026-03-10 16:00:00,onboarding_completed
4310,2026-04-28 00:00:00,signup
4310,2026-04-28 14:00:00,onboarding_started
4310,2026-04-28 19:00:00,onboarding_completed
4310,2026-04-28 19:00:00,project_created
4310,2026-04-28 19:00:00,integration_connected
4311,2026-04-30 00:00:00,signup
4311,2026-04-30 03:00:00,onboarding_started
4311,2026-04-30 07:00:00,onboarding_completed
4311,2026-05-02 07:00:00,project_created
4311,2026-05-04 07:00:00,teammate_invited
4312,2026-02-28 00:00:00,signup
4313,2026-02-02 00:00:00,signup
4313,2026-02-02 16:00:00,onboarding_started
4314,2026-03-03 00:00:00,signup
4314,2026-03-03 17:00:00,onboarding_started
4315,2026-02-19 00:00:00,signup
4315,2026-02-19 12:00:00,onboarding_started
4315,2026-02-19 15:00:00,onboarding_completed
4316,2026-04-22 00:00:00,signup
4316,2026-04-22 03:00:00,onboarding_started
4317,2026-01-19 00:00:00,signup
4318,2026-05-03 00:00:00,signup
4318,2026-05-03 22:00:00,onboarding_started
4319,2026-02-16 00:00:00,signup
4319,2026-02-16 14:00:00,onboarding_started
4319,2026-02-16 16:00:00,onboarding_completed
4320,2026-06-16 00:00:00,signup
4321,2026-02-02 00:00:00,signup
4321,2026-02-02 13:00:00,onboarding_started
4321,2026-02-02 22:00:00,onboarding_completed
4321,2026-02-04 22:00:00,project_created
4321,2026-02-05 22:00:00,report_created
4321,2026-02-08 22:00:00,integration_connected
4322,2026-05-21 00:00:00,signup
4323,2026-03-25 00:00:00,signup
4323,2026-03-25 15:00:00,onboarding_started
4324,2026-05-15 00:00:00,signup
4324,2026-05-15 23:00:00,onboarding_started
4325,2026-03-20 00:00:00,signup
4325,2026-03-20 08:00:00,onboarding_started
4325,2026-03-20 14:00:00,onboarding_completed
4326,2026-01-14 00:00:00,signup
4326,2026-01-14 12:00:00,onboarding_started
4326,2026-01-14 15:00:00,onboarding_completed
4326,2026-01-17 15:00:00,project_created
4326,2026-01-17 15:00:00,teammate_invited
4326,2026-01-20 15:00:00,integration_connected
4326,2026-02-13 00:00:00,dashboard_viewed
4327,2026-05-27 00:00:00,signup
4327,2026-05-27 02:00:00,onboarding_started
4328,2026-05-08 00:00:00,signup
4328,2026-05-08 23:00:00,onboarding_started
4329,2026-02-23 00:00:00,signup
4330,2026-05-28 00:00:00,signup
4330,2026-05-28 14:00:00,onboarding_started
4330,2026-05-29 00:00:00,onboarding_completed
4330,2026-05-31 00:00:00,project_created
4330,2026-05-31 00:00:00,teammate_invited
4330,2026-06-28 00:00:00,dashboard_viewed
4331,2026-01-29 00:00:00,signup
4331,2026-01-29 05:00:00,onboarding_started
4331,2026-01-29 06:00:00,onboarding_completed
4331,2026-01-29 06:00:00,project_created
4331,2026-01-30 06:00:00,report_created
4331,2026-01-31 06:00:00,teammate_invited
4332,2026-01-24 00:00:00,signup
4333,2026-03-23 00:00:00,signup
4333,2026-03-23 07:00:00,onboarding_started
4333,2026-03-23 18:00:00,onboarding_completed
4333,2026-03-25 18:00:00,project_created
4333,2026-03-31 18:00:00,report_created
4334,2026-03-04 00:00:00,signup
4334,2026-03-04 22:00:00,onboarding_started
4335,2026-04-15 00:00:00,signup
4335,2026-04-15 11:00:00,onboarding_started
4335,2026-04-15 19:00:00,onboarding_completed
4335,2026-04-17 19:00:00,project_created
4335,2026-05-24 00:00:00,dashboard_viewed
4336,2026-02-26 00:00:00,signup
4336,2026-02-26 02:00:00,onboarding_started
4336,2026-02-26 03:00:00,onboarding_completed
4336,2026-03-01 03:00:00,project_created
4336,2026-03-02 03:00:00,teammate_invited
4336,2026-03-06 03:00:00,report_created
4336,2026-04-04 00:00:00,dashboard_viewed
4337,2026-05-16 00:00:00,signup
4337,2026-05-16 06:00:00,onboarding_started
4337,2026-05-16 09:00:00,onboarding_completed
4337,2026-05-17 09:00:00,project_created
4337,2026-05-18 09:00:00,teammate_invited
4337,2026-05-19 09:00:00,integration_connected
4337,2026-06-21 00:00:00,dashboard_viewed
4338,2026-03-03 00:00:00,signup
4338,2026-03-03 21:00:00,onboarding_started
4338,2026-03-03 22:00:00,onboarding_completed
4339,2026-06-06 00:00:00,signup
4339,2026-06-06 22:00:00,onboarding_started
4339,2026-06-07 00:00:00,onboarding_completed
4339,2026-06-07 00:00:00,project_created
4339,2026-06-09 00:00:00,teammate_invited
4339,2026-06-09 00:00:00,report_created
4340,2026-01-17 00:00:00,signup
4340,2026-01-17 05:00:00,onboarding_started
4340,2026-01-17 14:00:00,onboarding_completed
4340,2026-01-17 14:00:00,project_created
4340,2026-01-18 14:00:00,report_created
4340,2026-01-21 14:00:00,integration_connected
4341,2026-03-07 00:00:00,signup
4341,2026-03-07 12:00:00,onboarding_started
4342,2026-01-06 00:00:00,signup
4343,2026-02-27 00:00:00,signup
4343,2026-02-27 15:00:00,onboarding_started
4343,2026-02-28 01:00:00,onboarding_completed
4344,2026-03-10 00:00:00,signup
4344,2026-03-10 01:00:00,onboarding_started
4344,2026-03-10 05:00:00,onboarding_completed
4344,2026-03-11 05:00:00,project_created
4344,2026-03-12 05:00:00,teammate_invited
4344,2026-04-10 00:00:00,dashboard_viewed
4345,2026-06-05 00:00:00,signup
4345,2026-06-05 21:00:00,onboarding_started
4346,2026-03-03 00:00:00,signup
4346,2026-03-03 17:00:00,onboarding_started
4346,2026-03-04 00:00:00,onboarding_completed
4346,2026-03-06 00:00:00,project_created
4346,2026-03-06 00:00:00,teammate_invited
4346,2026-03-10 00:00:00,report_created
4346,2026-04-11 00:00:00,dashboard_viewed
4347,2026-06-18 00:00:00,signup
4347,2026-06-18 01:00:00,onboarding_started
4347,2026-06-18 11:00:00,onboarding_completed
4347,2026-06-21 11:00:00,project_created
4347,2026-06-21 11:00:00,teammate_invited
4348,2026-03-23 00:00:00,signup
4348,2026-03-23 11:00:00,onboarding_started
4348,2026-03-23 15:00:00,onboarding_completed
4348,2026-03-26 15:00:00,project_created
4348,2026-03-27 15:00:00,teammate_invited
4348,2026-04-29 00:00:00,dashboard_viewed
4349,2026-06-18 00:00:00,signup
4349,2026-06-18 06:00:00,onboarding_started
4350,2026-06-26 00:00:00,signup
4351,2026-06-26 00:00:00,signup
4351,2026-06-26 06:00:00,onboarding_started
4351,2026-06-26 12:00:00,onboarding_completed
4351,2026-06-27 12:00:00,project_created
4351,2026-06-28 12:00:00,teammate_invited
4351,2026-07-01 12:00:00,report_created
4352,2026-03-12 00:00:00,signup
4352,2026-03-12 09:00:00,onboarding_started
4352,2026-03-12 18:00:00,onboarding_completed
4353,2026-05-11 00:00:00,signup
4354,2026-01-10 00:00:00,signup
4354,2026-01-10 20:00:00,onboarding_started
4355,2026-04-08 00:00:00,signup
4355,2026-04-08 21:00:00,onboarding_started
4356,2026-03-30 00:00:00,signup
4356,2026-03-30 14:00:00,onboarding_started
4356,2026-03-30 18:00:00,onboarding_completed
4356,2026-04-01 18:00:00,project_created
4356,2026-04-03 18:00:00,teammate_invited
4356,2026-04-06 18:00:00,report_created
4356,2026-05-02 00:00:00,dashboard_viewed
4357,2026-02-04 00:00:00,signup
4357,2026-02-04 02:00:00,onboarding_started
4357,2026-02-04 08:00:00,onboarding_completed
4357,2026-02-04 08:00:00,project_created
4357,2026-02-05 08:00:00,report_created
4357,2026-02-06 08:00:00,integration_connected
4357,2026-03-07 00:00:00,dashboard_viewed
4358,2026-01-02 00:00:00,signup
4358,2026-01-02 02:00:00,onboarding_started
4359,2026-05-04 00:00:00,signup
4360,2026-01-24 00:00:00,signup
4360,2026-01-24 07:00:00,onboarding_started
4360,2026-01-24 10:00:00,onboarding_completed
4361,2026-03-15 00:00:00,signup
4361,2026-03-15 05:00:00,onboarding_started
4362,2026-06-15 00:00:00,signup
4362,2026-06-15 14:00:00,onboarding_started
4363,2026-01-22 00:00:00,signup
4363,2026-01-22 19:00:00,onboarding_started
4363,2026-01-23 06:00:00,onboarding_completed
4363,2026-01-24 06:00:00,project_created
4363,2026-01-24 06:00:00,teammate_invited
4363,2026-01-27 06:00:00,integration_connected
4363,2026-02-23 00:00:00,dashboard_viewed
4364,2026-06-03 00:00:00,signup
4364,2026-06-03 02:00:00,onboarding_started
4364,2026-06-03 03:00:00,onboarding_completed
4364,2026-06-06 03:00:00,project_created
4364,2026-06-11 03:00:00,report_created
4365,2026-06-20 00:00:00,signup
4365,2026-06-20 16:00:00,onboarding_started
4365,2026-06-20 17:00:00,onboarding_completed
4365,2026-06-21 17:00:00,project_created
4366,2026-02-08 00:00:00,signup
4366,2026-02-08 08:00:00,onboarding_started
4366,2026-02-08 16:00:00,onboarding_completed
4366,2026-02-09 16:00:00,project_created
4366,2026-02-11 16:00:00,report_created
4366,2026-03-12 00:00:00,dashboard_viewed
4367,2026-06-06 00:00:00,signup
4368,2026-01-20 00:00:00,signup
4368,2026-01-20 06:00:00,onboarding_started
4368,2026-01-20 17:00:00,onboarding_completed
4368,2026-01-20 17:00:00,project_created
4368,2026-01-20 17:00:00,teammate_invited
4369,2026-02-10 00:00:00,signup
4369,2026-02-10 13:00:00,onboarding_started
4369,2026-02-10 21:00:00,onboarding_completed
4370,2026-05-28 00:00:00,signup
4370,2026-05-28 17:00:00,onboarding_started
4370,2026-05-29 02:00:00,onboarding_completed
4370,2026-05-31 02:00:00,project_created
4370,2026-06-01 02:00:00,report_created
4371,2026-04-18 00:00:00,signup
4372,2026-05-27 00:00:00,signup
4373,2026-03-25 00:00:00,signup
4373,2026-03-25 12:00:00,onboarding_started
4373,2026-03-25 13:00:00,onboarding_completed
4374,2026-04-21 00:00:00,signup
4374,2026-04-21 17:00:00,onboarding_started
4374,2026-04-22 04:00:00,onboarding_completed
4374,2026-04-24 04:00:00,project_created
4374,2026-04-29 04:00:00,report_created
4375,2026-03-07 00:00:00,signup
4375,2026-03-07 17:00:00,onboarding_started
4375,2026-03-07 23:00:00,onboarding_completed
4376,2026-06-07 00:00:00,signup
4376,2026-06-07 06:00:00,onboarding_started
4376,2026-06-07 15:00:00,onboarding_completed
4376,2026-06-10 15:00:00,project_created
4376,2026-07-11 00:00:00,dashboard_viewed
4377,2026-02-22 00:00:00,signup
4377,2026-02-22 09:00:00,onboarding_started
4377,2026-02-22 13:00:00,onboarding_completed
4377,2026-02-25 13:00:00,project_created
4377,2026-02-27 13:00:00,teammate_invited
4377,2026-02-27 13:00:00,report_created
4378,2026-02-03 00:00:00,signup
4378,2026-02-03 01:00:00,onboarding_started
4378,2026-02-03 12:00:00,onboarding_completed
4378,2026-02-04 12:00:00,project_created
4378,2026-02-04 12:00:00,integration_connected
4378,2026-02-05 12:00:00,teammate_invited
4379,2026-05-30 00:00:00,signup
4379,2026-05-30 11:00:00,onboarding_started
4380,2026-03-08 00:00:00,signup
4380,2026-03-08 18:00:00,onboarding_started
4381,2026-05-14 00:00:00,signup
4381,2026-05-14 07:00:00,onboarding_started
4382,2026-01-27 00:00:00,signup
4382,2026-01-27 06:00:00,onboarding_started
4382,2026-01-27 12:00:00,onboarding_completed
4382,2026-01-28 12:00:00,project_created
4383,2026-01-10 00:00:00,signup
4383,2026-01-10 18:00:00,onboarding_started
4383,2026-01-10 22:00:00,onboarding_completed
4383,2026-01-12 22:00:00,project_created
4383,2026-01-12 22:00:00,teammate_invited
4383,2026-02-14 00:00:00,dashboard_viewed
4384,2026-03-14 00:00:00,signup
4384,2026-03-14 06:00:00,onboarding_started
4384,2026-03-14 15:00:00,onboarding_completed
4384,2026-03-15 15:00:00,project_created
4384,2026-03-17 15:00:00,teammate_invited
4384,2026-03-17 15:00:00,integration_connected
4385,2026-04-06 00:00:00,signup
4386,2026-02-17 00:00:00,signup
4386,2026-02-17 09:00:00,onboarding_started
4386,2026-02-17 15:00:00,onboarding_completed
4386,2026-02-17 15:00:00,project_created
4386,2026-02-19 15:00:00,teammate_invited
4386,2026-02-20 15:00:00,report_created
4386,2026-03-22 00:00:00,dashboard_viewed
4387,2026-03-11 00:00:00,signup
4387,2026-03-11 23:00:00,onboarding_started
4387,2026-03-12 06:00:00,onboarding_completed
4387,2026-03-14 06:00:00,project_created
4387,2026-03-15 06:00:00,teammate_invited
4388,2026-04-10 00:00:00,signup
4388,2026-04-10 22:00:00,onboarding_started
4388,2026-04-11 06:00:00,onboarding_completed
4388,2026-04-12 06:00:00,project_created
4388,2026-04-16 06:00:00,report_created
4389,2026-02-28 00:00:00,signup
4389,2026-02-28 07:00:00,onboarding_started
4389,2026-02-28 10:00:00,onboarding_completed
4389,2026-03-01 10:00:00,project_created
4389,2026-03-03 10:00:00,teammate_invited
4389,2026-03-03 10:00:00,report_created
4389,2026-04-04 00:00:00,dashboard_viewed
4390,2026-01-02 00:00:00,signup
4390,2026-01-02 06:00:00,onboarding_started
4390,2026-01-02 11:00:00,onboarding_completed
4391,2026-06-06 00:00:00,signup
4391,2026-06-06 20:00:00,onboarding_started
4391,2026-06-06 21:00:00,onboarding_completed
4391,2026-06-09 21:00:00,project_created
4391,2026-06-12 21:00:00,integration_connected
4391,2026-06-12 21:00:00,report_created
4392,2026-03-06 00:00:00,signup
4392,2026-03-06 05:00:00,onboarding_started
4393,2026-03-24 00:00:00,signup
4394,2026-06-03 00:00:00,signup
4394,2026-06-03 16:00:00,onboarding_started
4394,2026-06-03 22:00:00,onboarding_completed
4394,2026-06-06 22:00:00,project_created
4394,2026-07-11 00:00:00,dashboard_viewed
4395,2026-01-10 00:00:00,signup
4395,2026-01-10 10:00:00,onboarding_started
4395,2026-01-10 19:00:00,onboarding_completed
4395,2026-01-12 19:00:00,project_created
4395,2026-01-15 19:00:00,integration_connected
4395,2026-01-18 19:00:00,report_created
4395,2026-02-14 00:00:00,dashboard_viewed
4396,2026-02-22 00:00:00,signup
4397,2026-03-20 00:00:00,signup
4397,2026-03-20 02:00:00,onboarding_started
4397,2026-03-20 12:00:00,onboarding_completed
4398,2026-02-28 00:00:00,signup
4398,2026-02-28 11:00:00,onboarding_started
4398,2026-02-28 20:00:00,onboarding_completed
4399,2026-05-30 00:00:00,signup
4399,2026-05-30 16:00:00,onboarding_started
4399,2026-05-30 19:00:00,onboarding_completed
4400,2026-06-28 00:00:00,signup
4400,2026-06-28 12:00:00,onboarding_started
4401,2026-02-17 00:00:00,signup
4401,2026-02-17 08:00:00,onboarding_started
4401,2026-02-17 09:00:00,onboarding_completed
4401,2026-02-20 09:00:00,project_created
4401,2026-02-22 09:00:00,teammate_invited
4401,2026-02-22 09:00:00,integration_connected
4402,2026-05-29 00:00:00,signup
4402,2026-05-29 11:00:00,onboarding_started
4403,2026-05-03 00:00:00,signup
4403,2026-05-03 18:00:00,onboarding_started
4404,2026-01-22 00:00:00,signup
4404,2026-01-22 04:00:00,onboarding_started
4405,2026-04-10 00:00:00,signup
4406,2026-04-08 00:00:00,signup
4406,2026-04-08 23:00:00,onboarding_started
4406,2026-04-09 05:00:00,onboarding_completed
4406,2026-04-09 05:00:00,project_created
4406,2026-05-12 00:00:00,dashboard_viewed
4407,2026-06-07 00:00:00,signup
4407,2026-06-07 02:00:00,onboarding_started
4407,2026-06-07 04:00:00,onboarding_completed
4407,2026-06-09 04:00:00,project_created
4407,2026-06-09 04:00:00,teammate_invited
4407,2026-06-10 04:00:00,integration_connected
4407,2026-07-09 00:00:00,dashboard_viewed
4408,2026-01-25 00:00:00,signup
4408,2026-01-25 09:00:00,onboarding_started
4409,2026-01-28 00:00:00,signup
4410,2026-04-23 00:00:00,signup
4410,2026-04-23 06:00:00,onboarding_started
4410,2026-04-23 13:00:00,onboarding_completed
4410,2026-04-23 13:00:00,project_created
4410,2026-04-28 13:00:00,report_created
4411,2026-02-14 00:00:00,signup
4411,2026-02-14 19:00:00,onboarding_started
4411,2026-02-14 20:00:00,onboarding_completed
4411,2026-02-15 20:00:00,project_created
4412,2026-03-09 00:00:00,signup
4412,2026-03-09 17:00:00,onboarding_started
4413,2026-01-07 00:00:00,signup
4413,2026-01-07 07:00:00,onboarding_started
4413,2026-01-07 16:00:00,onboarding_completed
4413,2026-01-08 16:00:00,project_created
4413,2026-01-13 16:00:00,report_created
4413,2026-02-14 00:00:00,dashboard_viewed
4414,2026-02-18 00:00:00,signup
4414,2026-02-18 19:00:00,onboarding_started
4414,2026-02-19 02:00:00,onboarding_completed
4415,2026-05-17 00:00:00,signup
4415,2026-05-17 17:00:00,onboarding_started
4416,2026-06-13 00:00:00,signup
4416,2026-06-13 19:00:00,onboarding_started
4416,2026-06-13 20:00:00,onboarding_completed
4417,2026-03-24 00:00:00,signup
4417,2026-03-24 14:00:00,onboarding_started
4418,2026-05-09 00:00:00,signup
4418,2026-05-09 02:00:00,onboarding_started
4418,2026-05-09 10:00:00,onboarding_completed
4418,2026-05-10 10:00:00,project_created
4418,2026-05-16 10:00:00,report_created
4419,2026-05-18 00:00:00,signup
4419,2026-05-18 12:00:00,onboarding_started
4419,2026-05-18 17:00:00,onboarding_completed
4420,2026-06-13 00:00:00,signup
4420,2026-06-13 13:00:00,onboarding_started
4420,2026-06-13 18:00:00,onboarding_completed
4421,2026-03-14 00:00:00,signup
4421,2026-03-14 05:00:00,onboarding_started
4421,2026-03-14 14:00:00,onboarding_completed
4421,2026-03-16 14:00:00,project_created
4421,2026-03-17 14:00:00,report_created
4421,2026-03-18 14:00:00,teammate_invited
4421,2026-03-19 14:00:00,integration_connected
4421,2026-04-20 00:00:00,dashboard_viewed
4422,2026-02-15 00:00:00,signup
4422,2026-02-15 09:00:00,onboarding_started
4422,2026-02-15 20:00:00,onboarding_completed
4422,2026-02-18 20:00:00,project_created
4422,2026-02-21 20:00:00,integration_connected
4423,2026-04-16 00:00:00,signup
4423,2026-04-16 06:00:00,onboarding_started
4423,2026-04-16 08:00:00,onboarding_completed
4424,2026-06-09 00:00:00,signup
4424,2026-06-09 01:00:00,onboarding_started
4425,2026-02-01 00:00:00,signup
4425,2026-02-01 03:00:00,onboarding_started
4425,2026-02-01 08:00:00,onboarding_completed
4425,2026-02-02 08:00:00,project_created
4425,2026-02-02 08:00:00,teammate_invited
4425,2026-02-03 08:00:00,integration_connected
4425,2026-03-03 00:00:00,dashboard_viewed
4426,2026-01-06 00:00:00,signup
4426,2026-01-06 20:00:00,onboarding_started
4426,2026-01-07 01:00:00,onboarding_completed
4427,2026-06-25 00:00:00,signup
4427,2026-06-25 05:00:00,onboarding_started
4427,2026-06-25 16:00:00,onboarding_completed
4427,2026-06-26 16:00:00,project_created
4428,2026-06-15 00:00:00,signup
4428,2026-06-15 05:00:00,onboarding_started
4428,2026-06-15 11:00:00,onboarding_completed
4428,2026-06-15 11:00:00,project_created
4428,2026-06-16 11:00:00,report_created
4429,2026-05-25 00:00:00,signup
4430,2026-03-15 00:00:00,signup
4430,2026-03-15 07:00:00,onboarding_started
4430,2026-03-15 18:00:00,onboarding_completed
4430,2026-03-18 18:00:00,project_created
4430,2026-03-24 18:00:00,report_created
4430,2026-04-22 00:00:00,dashboard_viewed
4431,2026-04-24 00:00:00,signup
4431,2026-04-24 12:00:00,onboarding_started
4432,2026-01-27 00:00:00,signup
4432,2026-01-27 21:00:00,onboarding_started
4432,2026-01-28 06:00:00,onboarding_completed
4432,2026-01-28 06:00:00,project_created
4432,2026-02-03 06:00:00,report_created
4433,2026-02-23 00:00:00,signup
4433,2026-02-23 03:00:00,onboarding_started
4433,2026-02-23 09:00:00,onboarding_completed
4433,2026-02-23 09:00:00,project_created
4433,2026-02-24 09:00:00,integration_connected
4434,2026-06-27 00:00:00,signup
4434,2026-06-27 10:00:00,onboarding_started
4434,2026-06-27 21:00:00,onboarding_completed
4434,2026-06-29 21:00:00,project_created
4434,2026-06-30 21:00:00,teammate_invited
4434,2026-07-02 21:00:00,integration_connected
4434,2026-07-03 21:00:00,report_created
4434,2026-08-02 00:00:00,dashboard_viewed
4435,2026-06-12 00:00:00,signup
4435,2026-06-12 17:00:00,onboarding_started
4436,2026-03-26 00:00:00,signup
4436,2026-03-26 11:00:00,onboarding_started
4437,2026-05-07 00:00:00,signup
4437,2026-05-07 02:00:00,onboarding_started
4437,2026-05-07 04:00:00,onboarding_completed
4437,2026-05-07 04:00:00,project_created
4437,2026-05-07 04:00:00,teammate_invited
4437,2026-05-11 04:00:00,integration_connected
4437,2026-06-07 00:00:00,dashboard_viewed
4438,2026-06-02 00:00:00,signup
4438,2026-06-02 11:00:00,onboarding_started
4439,2026-06-05 00:00:00,signup
4439,2026-06-05 14:00:00,onboarding_started
4439,2026-06-05 19:00:00,onboarding_completed
4439,2026-06-06 19:00:00,project_created
4439,2026-06-07 19:00:00,teammate_invited
4440,2026-04-21 00:00:00,signup
4440,2026-04-21 06:00:00,onboarding_started
4440,2026-04-21 15:00:00,onboarding_completed
4440,2026-04-22 15:00:00,project_created
4440,2026-04-25 15:00:00,integration_connected
4440,2026-04-26 15:00:00,report_created
4441,2026-01-15 00:00:00,signup
4441,2026-01-15 15:00:00,onboarding_started
4441,2026-01-15 17:00:00,onboarding_completed
4442,2026-05-12 00:00:00,signup
4443,2026-04-03 00:00:00,signup
4443,2026-04-03 02:00:00,onboarding_started
4444,2026-05-03 00:00:00,signup
4444,2026-05-03 23:00:00,onboarding_started
4444,2026-05-04 09:00:00,onboarding_completed
4444,2026-05-05 09:00:00,project_created
4444,2026-05-05 09:00:00,teammate_invited
4444,2026-06-09 00:00:00,dashboard_viewed
4445,2026-03-14 00:00:00,signup
4446,2026-06-04 00:00:00,signup
4446,2026-06-04 22:00:00,onboarding_started
4446,2026-06-05 01:00:00,onboarding_completed
4446,2026-06-05 01:00:00,project_created
4446,2026-06-07 01:00:00,teammate_invited
4446,2026-06-09 01:00:00,report_created
4447,2026-06-03 00:00:00,signup
4447,2026-06-03 13:00:00,onboarding_started
4447,2026-06-03 20:00:00,onboarding_completed
4447,2026-06-06 20:00:00,project_created
4447,2026-06-06 20:00:00,teammate_invited
4447,2026-06-06 20:00:00,integration_connected
4447,2026-06-08 20:00:00,report_created
4447,2026-07-04 00:00:00,dashboard_viewed
4448,2026-05-27 00:00:00,signup
4448,2026-05-27 08:00:00,onboarding_started
4449,2026-04-02 00:00:00,signup
4449,2026-04-02 23:00:00,onboarding_started
4449,2026-04-03 04:00:00,onboarding_completed
4449,2026-04-03 04:00:00,project_created
4449,2026-04-03 04:00:00,integration_connected
4450,2026-01-17 00:00:00,signup
4450,2026-01-17 02:00:00,onboarding_started
4451,2026-02-12 00:00:00,signup
4451,2026-02-12 07:00:00,onboarding_started
4451,2026-02-12 17:00:00,onboarding_completed
4451,2026-02-14 17:00:00,project_created
4451,2026-02-19 17:00:00,report_created
4452,2026-05-01 00:00:00,signup
4452,2026-05-01 09:00:00,onboarding_started
4452,2026-05-01 14:00:00,onboarding_completed
4452,2026-05-03 14:00:00,project_created
4452,2026-05-03 14:00:00,integration_connected
4452,2026-05-31 00:00:00,dashboard_viewed
4453,2026-02-10 00:00:00,signup
4453,2026-02-10 20:00:00,onboarding_started
4453,2026-02-11 04:00:00,onboarding_completed
4453,2026-02-13 04:00:00,project_created
4454,2026-06-19 00:00:00,signup
4454,2026-06-19 13:00:00,onboarding_started
4454,2026-06-19 18:00:00,onboarding_completed
4455,2026-06-27 00:00:00,signup
4455,2026-06-27 11:00:00,onboarding_started
4455,2026-06-27 16:00:00,onboarding_completed
4456,2026-06-17 00:00:00,signup
4456,2026-06-17 01:00:00,onboarding_started
4457,2026-02-08 00:00:00,signup
4457,2026-02-08 07:00:00,onboarding_started
4457,2026-02-08 09:00:00,onboarding_completed
4457,2026-02-09 09:00:00,project_created
4458,2026-04-23 00:00:00,signup
4458,2026-04-23 16:00:00,onboarding_started
4458,2026-04-23 18:00:00,onboarding_completed
4458,2026-04-25 18:00:00,project_created
4459,2026-05-31 00:00:00,signup
4459,2026-05-31 14:00:00,onboarding_started
4459,2026-05-31 16:00:00,onboarding_completed
4460,2026-04-21 00:00:00,signup
4460,2026-04-21 15:00:00,onboarding_started
4460,2026-04-21 21:00:00,onboarding_completed
4461,2026-06-29 00:00:00,signup
4461,2026-06-29 14:00:00,onboarding_started
4461,2026-06-29 21:00:00,onboarding_completed
4461,2026-06-30 21:00:00,project_created
4461,2026-07-02 21:00:00,teammate_invited
4462,2026-02-16 00:00:00,signup
4462,2026-02-16 09:00:00,onboarding_started
4463,2026-03-04 00:00:00,signup
4463,2026-03-04 20:00:00,onboarding_started
4463,2026-03-04 23:00:00,onboarding_completed
4463,2026-03-04 23:00:00,project_created
4464,2026-04-20 00:00:00,signup
4464,2026-04-20 06:00:00,onboarding_started
4464,2026-04-20 07:00:00,onboarding_completed
4464,2026-04-20 07:00:00,project_created
4464,2026-05-28 00:00:00,dashboard_viewed
4465,2026-03-10 00:00:00,signup
4465,2026-03-10 01:00:00,onboarding_started
4466,2026-02-12 00:00:00,signup
4466,2026-02-12 11:00:00,onboarding_started
4466,2026-02-12 22:00:00,onboarding_completed
4467,2026-06-25 00:00:00,signup
4467,2026-06-25 20:00:00,onboarding_started
4467,2026-06-25 23:00:00,onboarding_completed
4468,2026-02-03 00:00:00,signup
4468,2026-02-03 22:00:00,onboarding_started
4468,2026-02-04 09:00:00,onboarding_completed
4469,2026-02-09 00:00:00,signup
4469,2026-02-09 02:00:00,onboarding_started
4469,2026-02-09 06:00:00,onboarding_completed
4469,2026-02-10 06:00:00,project_created
4469,2026-02-15 06:00:00,report_created
4469,2026-03-12 00:00:00,dashboard_viewed
4470,2026-03-02 00:00:00,signup
4470,2026-03-02 03:00:00,onboarding_started
4471,2026-06-27 00:00:00,signup
4471,2026-06-27 17:00:00,onboarding_started
4471,2026-06-28 00:00:00,onboarding_completed
4472,2026-03-03 00:00:00,signup
4472,2026-03-03 13:00:00,onboarding_started
4472,2026-03-03 22:00:00,onboarding_completed
4472,2026-03-05 22:00:00,project_created
4472,2026-03-05 22:00:00,teammate_invited
4472,2026-03-08 22:00:00,report_created
4473,2026-02-27 00:00:00,signup
4473,2026-02-27 10:00:00,onboarding_started
4473,2026-02-27 15:00:00,onboarding_completed
4473,2026-02-28 15:00:00,project_created
4474,2026-06-10 00:00:00,signup
4474,2026-06-10 22:00:00,onboarding_started
4474,2026-06-11 03:00:00,onboarding_completed
4475,2026-03-16 00:00:00,signup
4475,2026-03-16 10:00:00,onboarding_started
4475,2026-03-16 14:00:00,onboarding_completed
4475,2026-03-16 14:00:00,project_created
4475,2026-03-16 14:00:00,teammate_invited
4475,2026-04-18 00:00:00,dashboard_viewed
4476,2026-01-16 00:00:00,signup
4476,2026-01-16 15:00:00,onboarding_started
4476,2026-01-17 01:00:00,onboarding_completed
4477,2026-03-23 00:00:00,signup
4477,2026-03-23 21:00:00,onboarding_started
4478,2026-04-04 00:00:00,signup
4478,2026-04-04 21:00:00,onboarding_started
4479,2026-02-17 00:00:00,signup
4479,2026-02-17 21:00:00,onboarding_started
4479,2026-02-18 02:00:00,onboarding_completed
4479,2026-02-21 02:00:00,project_created
4479,2026-03-21 00:00:00,dashboard_viewed
4480,2026-05-18 00:00:00,signup
4480,2026-05-18 05:00:00,onboarding_started
4480,2026-05-18 10:00:00,onboarding_completed
4481,2026-03-23 00:00:00,signup
4481,2026-03-23 12:00:00,onboarding_started
4481,2026-03-23 19:00:00,onboarding_completed
4482,2026-02-07 00:00:00,signup
4483,2026-05-07 00:00:00,signup
4483,2026-05-07 03:00:00,onboarding_started
4483,2026-05-07 08:00:00,onboarding_completed
4483,2026-05-08 08:00:00,project_created
4483,2026-05-13 08:00:00,report_created
4484,2026-01-19 00:00:00,signup
4484,2026-01-19 12:00:00,onboarding_started
4484,2026-01-19 17:00:00,onboarding_completed
4484,2026-01-22 17:00:00,project_created
4484,2026-01-22 17:00:00,teammate_invited
4484,2026-01-23 17:00:00,integration_connected
4484,2026-02-22 00:00:00,dashboard_viewed
4485,2026-06-13 00:00:00,signup
4485,2026-06-13 16:00:00,onboarding_started
4485,2026-06-14 01:00:00,onboarding_completed
4485,2026-06-16 01:00:00,project_created
4485,2026-06-18 01:00:00,teammate_invited
4485,2026-07-13 00:00:00,dashboard_viewed
4486,2026-03-04 00:00:00,signup
4486,2026-03-04 04:00:00,onboarding_started
4486,2026-03-04 08:00:00,onboarding_completed
4486,2026-03-04 08:00:00,project_created
4486,2026-03-04 08:00:00,teammate_invited
4486,2026-03-08 08:00:00,report_created
4486,2026-04-07 00:00:00,dashboard_viewed
4487,2026-03-18 00:00:00,signup
4487,2026-03-18 22:00:00,onboarding_started
4487,2026-03-19 00:00:00,onboarding_completed
4488,2026-06-23 00:00:00,signup
4488,2026-06-23 15:00:00,onboarding_started
4489,2026-05-11 00:00:00,signup
4489,2026-05-11 12:00:00,onboarding_started
4489,2026-05-11 16:00:00,onboarding_completed
4489,2026-05-11 16:00:00,project_created
4489,2026-05-13 16:00:00,teammate_invited
4489,2026-05-16 16:00:00,report_created
4489,2026-06-16 00:00:00,dashboard_viewed
4490,2026-04-12 00:00:00,signup
4490,2026-04-12 08:00:00,onboarding_started
4490,2026-04-12 16:00:00,onboarding_completed
4490,2026-04-15 16:00:00,project_created
4490,2026-04-16 16:00:00,teammate_invited
4490,2026-04-16 16:00:00,report_created
4491,2026-03-06 00:00:00,signup
4491,2026-03-06 12:00:00,onboarding_started
4492,2026-04-30 00:00:00,signup
4492,2026-04-30 07:00:00,onboarding_started
4492,2026-04-30 14:00:00,onboarding_completed
4492,2026-05-02 14:00:00,project_created
4492,2026-05-03 14:00:00,report_created
4493,2026-04-01 00:00:00,signup
4493,2026-04-01 01:00:00,onboarding_started
4494,2026-01-08 00:00:00,signup
4494,2026-01-08 02:00:00,onboarding_started
4494,2026-01-08 13:00:00,onboarding_completed
4495,2026-06-28 00:00:00,signup
4495,2026-06-28 03:00:00,onboarding_started
4495,2026-06-28 12:00:00,onboarding_completed
4495,2026-06-28 12:00:00,project_created
4495,2026-06-29 12:00:00,teammate_invited
4495,2026-07-04 12:00:00,report_created
4495,2026-08-07 00:00:00,dashboard_viewed
4496,2026-03-14 00:00:00,signup
4496,2026-03-14 02:00:00,onboarding_started
4496,2026-03-14 09:00:00,onboarding_completed
4496,2026-03-15 09:00:00,project_created
4496,2026-03-17 09:00:00,teammate_invited
4496,2026-03-20 09:00:00,report_created
4497,2026-05-14 00:00:00,signup
4497,2026-05-14 14:00:00,onboarding_started
4497,2026-05-15 01:00:00,onboarding_completed
4498,2026-04-17 00:00:00,signup
4498,2026-04-17 19:00:00,onboarding_started
4498,2026-04-18 04:00:00,onboarding_completed
4499,2026-03-30 00:00:00,signup
4500,2026-02-08 00:00:00,signup
4500,2026-02-08 17:00:00,onboarding_started
4500,2026-02-09 02:00:00,onboarding_completed
4500,2026-02-10 02:00:00,project_created
4501,2026-04-23 00:00:00,signup
4501,2026-04-23 09:00:00,onboarding_started
4501,2026-04-23 15:00:00,onboarding_completed
4502,2026-01-28 00:00:00,signup
4502,2026-01-28 18:00:00,onboarding_started
4502,2026-01-29 05:00:00,onboarding_completed
4502,2026-01-30 05:00:00,project_created
4502,2026-02-01 05:00:00,integration_connected
4503,2026-04-07 00:00:00,signup
4503,2026-04-07 18:00:00,onboarding_started
4503,2026-04-07 19:00:00,onboarding_completed
4503,2026-04-07 19:00:00,project_created
4503,2026-04-10 19:00:00,integration_connected
4504,2026-02-06 00:00:00,signup
4504,2026-02-06 23:00:00,onboarding_started
4504,2026-02-07 06:00:00,onboarding_completed
4504,2026-02-08 06:00:00,project_created
4504,2026-02-08 06:00:00,teammate_invited
4505,2026-05-17 00:00:00,signup
4505,2026-05-17 14:00:00,onboarding_started
4505,2026-05-17 20:00:00,onboarding_completed
4505,2026-05-20 20:00:00,project_created
4506,2026-03-23 00:00:00,signup
4506,2026-03-23 04:00:00,onboarding_started
4506,2026-03-23 11:00:00,onboarding_completed
4506,2026-03-24 11:00:00,project_created
4506,2026-03-28 11:00:00,report_created
4507,2026-02-25 00:00:00,signup
4508,2026-03-26 00:00:00,signup
4509,2026-01-02 00:00:00,signup
4509,2026-01-02 03:00:00,onboarding_started
4510,2026-02-27 00:00:00,signup
4510,2026-02-27 19:00:00,onboarding_started
4511,2026-04-17 00:00:00,signup
4511,2026-04-17 04:00:00,onboarding_started
4512,2026-05-03 00:00:00,signup
4512,2026-05-03 21:00:00,onboarding_started
4512,2026-05-04 05:00:00,onboarding_completed
4512,2026-05-07 05:00:00,project_created
4512,2026-05-08 05:00:00,teammate_invited
4512,2026-05-08 05:00:00,report_created
4512,2026-05-09 05:00:00,integration_connected
4512,2026-06-08 00:00:00,dashboard_viewed
4513,2026-06-17 00:00:00,signup
4513,2026-06-17 03:00:00,onboarding_started
4513,2026-06-17 07:00:00,onboarding_completed
4513,2026-06-20 07:00:00,project_created
4513,2026-07-22 00:00:00,dashboard_viewed
4514,2026-06-13 00:00:00,signup
4514,2026-06-13 20:00:00,onboarding_started
4514,2026-06-14 00:00:00,onboarding_completed
4514,2026-06-16 00:00:00,project_created
4514,2026-06-16 00:00:00,teammate_invited
4514,2026-06-16 00:00:00,integration_connected
4514,2026-07-14 00:00:00,dashboard_viewed
4515,2026-04-24 00:00:00,signup
4516,2026-04-17 00:00:00,signup
4516,2026-04-17 04:00:00,onboarding_started
4516,2026-04-17 07:00:00,onboarding_completed
4516,2026-04-19 07:00:00,project_created
4516,2026-04-23 07:00:00,report_created
4517,2026-02-06 00:00:00,signup
4518,2026-03-20 00:00:00,signup
4518,2026-03-20 09:00:00,onboarding_started
4518,2026-03-20 15:00:00,onboarding_completed
4518,2026-03-21 15:00:00,project_created
4518,2026-03-22 15:00:00,teammate_invited
4518,2026-03-22 15:00:00,report_created
4518,2026-03-25 15:00:00,integration_connected
4519,2026-04-02 00:00:00,signup
4519,2026-04-02 07:00:00,onboarding_started
4519,2026-04-02 14:00:00,onboarding_completed
4519,2026-04-03 14:00:00,project_created
4519,2026-04-03 14:00:00,teammate_invited
4519,2026-04-07 14:00:00,report_created
4519,2026-05-08 00:00:00,dashboard_viewed
4520,2026-01-18 00:00:00,signup
4521,2026-04-08 00:00:00,signup
4522,2026-03-04 00:00:00,signup
4522,2026-03-04 11:00:00,onboarding_started
4522,2026-03-04 17:00:00,onboarding_completed
4522,2026-03-05 17:00:00,project_created
4522,2026-03-05 17:00:00,teammate_invited
4522,2026-03-09 17:00:00,report_created
4523,2026-05-30 00:00:00,signup
4524,2026-05-19 00:00:00,signup
4524,2026-05-19 02:00:00,onboarding_started
4524,2026-05-19 07:00:00,onboarding_completed
4524,2026-05-21 07:00:00,project_created
4524,2026-05-22 07:00:00,report_created
4524,2026-05-23 07:00:00,teammate_invited
4524,2026-05-24 07:00:00,integration_connected
4525,2026-01-04 00:00:00,signup
4525,2026-01-04 23:00:00,onboarding_started
4525,2026-01-05 01:00:00,onboarding_completed
4525,2026-01-06 01:00:00,project_created
4525,2026-01-07 01:00:00,teammate_invited
4525,2026-01-09 01:00:00,integration_connected
4525,2026-02-08 00:00:00,dashboard_viewed
4526,2026-05-15 00:00:00,signup
4526,2026-05-15 02:00:00,onboarding_started
4527,2026-03-02 00:00:00,signup
4527,2026-03-02 06:00:00,onboarding_started
4527,2026-03-02 13:00:00,onboarding_completed
4527,2026-03-02 13:00:00,project_created
4528,2026-04-17 00:00:00,signup
4528,2026-04-17 05:00:00,onboarding_started
4529,2026-02-23 00:00:00,signup
4529,2026-02-23 06:00:00,onboarding_started
4529,2026-02-23 10:00:00,onboarding_completed
4530,2026-03-29 00:00:00,signup
4530,2026-03-29 04:00:00,onboarding_started
4530,2026-03-29 14:00:00,onboarding_completed
4530,2026-04-01 14:00:00,project_created
4531,2026-03-09 00:00:00,signup
4531,2026-03-09 15:00:00,onboarding_started
4532,2026-05-09 00:00:00,signup
4532,2026-05-09 15:00:00,onboarding_started
4532,2026-05-09 22:00:00,onboarding_completed
4532,2026-05-09 22:00:00,project_created
4532,2026-05-10 22:00:00,teammate_invited
4533,2026-02-24 00:00:00,signup
4533,2026-02-24 03:00:00,onboarding_started
4533,2026-02-24 08:00:00,onboarding_completed
4534,2026-01-03 00:00:00,signup
4534,2026-01-03 22:00:00,onboarding_started
4534,2026-01-04 06:00:00,onboarding_completed
4534,2026-01-05 06:00:00,project_created
4534,2026-01-09 06:00:00,integration_connected
4534,2026-02-10 00:00:00,dashboard_viewed
4535,2026-06-15 00:00:00,signup
4535,2026-06-15 15:00:00,onboarding_started
4535,2026-06-15 19:00:00,onboarding_completed
4535,2026-06-18 19:00:00,project_created
4536,2026-05-01 00:00:00,signup
4537,2026-05-09 00:00:00,signup
4537,2026-05-09 10:00:00,onboarding_started
4537,2026-05-09 11:00:00,onboarding_completed
4537,2026-05-12 11:00:00,project_created
4538,2026-04-12 00:00:00,signup
4538,2026-04-12 01:00:00,onboarding_started
4538,2026-04-12 10:00:00,onboarding_completed
4539,2026-02-07 00:00:00,signup
4539,2026-02-07 05:00:00,onboarding_started
4539,2026-02-07 07:00:00,onboarding_completed
4539,2026-02-07 07:00:00,project_created
4539,2026-02-09 07:00:00,report_created
4540,2026-03-26 00:00:00,signup
4540,2026-03-26 04:00:00,onboarding_started
4540,2026-03-26 10:00:00,onboarding_completed
4541,2026-06-06 00:00:00,signup
4541,2026-06-06 16:00:00,onboarding_started
4541,2026-06-07 03:00:00,onboarding_completed
4542,2026-05-13 00:00:00,signup
4542,2026-05-13 12:00:00,onboarding_started
4542,2026-05-13 22:00:00,onboarding_completed
4543,2026-04-02 00:00:00,signup
4543,2026-04-02 03:00:00,onboarding_started
4544,2026-01-21 00:00:00,signup
4544,2026-01-21 08:00:00,onboarding_started
4544,2026-01-21 14:00:00,onboarding_completed
4544,2026-01-22 14:00:00,project_created
4544,2026-01-25 14:00:00,integration_connected
4545,2026-04-19 00:00:00,signup
4545,2026-04-19 10:00:00,onboarding_started
4546,2026-02-16 00:00:00,signup
4547,2026-03-25 00:00:00,signup
4547,2026-03-25 20:00:00,onboarding_started
4548,2026-03-24 00:00:00,signup
4548,2026-03-24 11:00:00,onboarding_started
4548,2026-03-24 12:00:00,onboarding_completed
4549,2026-02-04 00:00:00,signup
4549,2026-02-04 03:00:00,onboarding_started
4549,2026-02-04 09:00:00,onboarding_completed
4549,2026-02-07 09:00:00,project_created
4549,2026-02-10 09:00:00,report_created
4550,2026-03-10 00:00:00,signup
4550,2026-03-10 04:00:00,onboarding_started
4550,2026-03-10 08:00:00,onboarding_completed
4550,2026-03-12 08:00:00,project_created
4551,2026-05-09 00:00:00,signup
4552,2026-05-20 00:00:00,signup
4552,2026-05-20 19:00:00,onboarding_started
4552,2026-05-20 22:00:00,onboarding_completed
4553,2026-01-27 00:00:00,signup
4553,2026-01-27 20:00:00,onboarding_started
4553,2026-01-28 06:00:00,onboarding_completed
4553,2026-01-28 06:00:00,project_created
4553,2026-01-31 06:00:00,integration_connected
4554,2026-02-25 00:00:00,signup
4554,2026-02-25 17:00:00,onboarding_started
4554,2026-02-25 18:00:00,onboarding_completed
4554,2026-02-25 18:00:00,project_created
4554,2026-02-27 18:00:00,teammate_invited
4554,2026-02-28 18:00:00,report_created
4554,2026-03-01 18:00:00,integration_connected
4554,2026-03-28 00:00:00,dashboard_viewed
4555,2026-01-23 00:00:00,signup
4555,2026-01-23 20:00:00,onboarding_started
4555,2026-01-23 22:00:00,onboarding_completed
4555,2026-01-23 22:00:00,project_created
4556,2026-06-02 00:00:00,signup
4556,2026-06-02 22:00:00,onboarding_started
4556,2026-06-03 04:00:00,onboarding_completed
4556,2026-06-04 04:00:00,project_created
4556,2026-06-04 04:00:00,teammate_invited
4556,2026-06-04 04:00:00,integration_connected
4556,2026-06-09 04:00:00,report_created
4557,2026-01-21 00:00:00,signup
4557,2026-01-21 18:00:00,onboarding_started
4557,2026-01-21 20:00:00,onboarding_completed
4558,2026-03-02 00:00:00,signup
4559,2026-03-04 00:00:00,signup
4560,2026-05-02 00:00:00,signup
4560,2026-05-02 16:00:00,onboarding_started
4560,2026-05-03 00:00:00,onboarding_completed
4561,2026-02-21 00:00:00,signup
4561,2026-02-21 20:00:00,onboarding_started
4561,2026-02-22 06:00:00,onboarding_completed
4561,2026-02-22 06:00:00,project_created
4561,2026-02-22 06:00:00,teammate_invited
4561,2026-02-28 06:00:00,report_created
4561,2026-03-30 00:00:00,dashboard_viewed
4562,2026-03-29 00:00:00,signup
4562,2026-03-29 22:00:00,onboarding_started
4562,2026-03-30 01:00:00,onboarding_completed
4562,2026-03-30 01:00:00,project_created
4563,2026-06-02 00:00:00,signup
4563,2026-06-02 07:00:00,onboarding_started
4563,2026-06-02 17:00:00,onboarding_completed
4564,2026-02-24 00:00:00,signup
4564,2026-02-24 15:00:00,onboarding_started
4564,2026-02-24 22:00:00,onboarding_completed
4565,2026-02-15 00:00:00,signup
4565,2026-02-15 07:00:00,onboarding_started
4565,2026-02-15 15:00:00,onboarding_completed
4565,2026-02-16 15:00:00,project_created
4565,2026-02-17 15:00:00,integration_connected
4565,2026-02-21 15:00:00,report_created
4566,2026-02-01 00:00:00,signup
4566,2026-02-01 11:00:00,onboarding_started
4566,2026-02-01 16:00:00,onboarding_completed
4566,2026-02-04 16:00:00,project_created
4567,2026-02-24 00:00:00,signup
4568,2026-04-06 00:00:00,signup
4568,2026-04-06 11:00:00,onboarding_started
4569,2026-05-13 00:00:00,signup
4569,2026-05-13 21:00:00,onboarding_started
4569,2026-05-14 04:00:00,onboarding_completed
4570,2026-02-05 00:00:00,signup
4570,2026-02-05 12:00:00,onboarding_started
4570,2026-02-05 21:00:00,onboarding_completed
4570,2026-02-08 21:00:00,project_created
4570,2026-02-08 21:00:00,teammate_invited
4570,2026-03-15 00:00:00,dashboard_viewed
4571,2026-04-20 00:00:00,signup
4571,2026-04-20 02:00:00,onboarding_started
4571,2026-04-20 06:00:00,onboarding_completed
4571,2026-04-21 06:00:00,project_created
4571,2026-04-25 06:00:00,report_created
4571,2026-05-29 00:00:00,dashboard_viewed
4572,2026-06-26 00:00:00,signup
4572,2026-06-26 19:00:00,onboarding_started
4573,2026-04-16 00:00:00,signup
4573,2026-04-16 11:00:00,onboarding_started
4573,2026-04-16 13:00:00,onboarding_completed
4573,2026-04-17 13:00:00,project_created
4574,2026-02-27 00:00:00,signup
4574,2026-02-27 06:00:00,onboarding_started
4574,2026-02-27 17:00:00,onboarding_completed
4574,2026-02-28 17:00:00,project_created
4574,2026-03-02 17:00:00,teammate_invited
4575,2026-02-08 00:00:00,signup
4575,2026-02-08 08:00:00,onboarding_started
4575,2026-02-08 19:00:00,onboarding_completed
4575,2026-02-08 19:00:00,project_created
4575,2026-02-11 19:00:00,report_created
4575,2026-03-19 00:00:00,dashboard_viewed
4576,2026-03-21 00:00:00,signup
4576,2026-03-21 08:00:00,onboarding_started
4576,2026-03-21 19:00:00,onboarding_completed
4576,2026-03-22 19:00:00,project_created
4576,2026-03-27 19:00:00,report_created
4576,2026-04-29 00:00:00,dashboard_viewed
4577,2026-04-07 00:00:00,signup
4577,2026-04-07 12:00:00,onboarding_started
4577,2026-04-07 15:00:00,onboarding_completed
4577,2026-04-10 15:00:00,project_created
4577,2026-04-10 15:00:00,teammate_invited
4577,2026-04-11 15:00:00,report_created
4577,2026-05-12 00:00:00,dashboard_viewed
4578,2026-04-23 00:00:00,signup
4578,2026-04-23 08:00:00,onboarding_started
4578,2026-04-23 12:00:00,onboarding_completed
4578,2026-04-23 12:00:00,project_created
4579,2026-03-02 00:00:00,signup
4579,2026-03-02 19:00:00,onboarding_started
4579,2026-03-02 20:00:00,onboarding_completed
4579,2026-03-03 20:00:00,project_created
4579,2026-03-05 20:00:00,teammate_invited
4579,2026-03-06 20:00:00,report_created
4579,2026-04-03 00:00:00,dashboard_viewed
4580,2026-05-17 00:00:00,signup
4581,2026-01-06 00:00:00,signup
4581,2026-01-06 01:00:00,onboarding_started
4582,2026-04-19 00:00:00,signup
4582,2026-04-19 11:00:00,onboarding_started
4582,2026-04-19 20:00:00,onboarding_completed
4583,2026-02-04 00:00:00,signup
4583,2026-02-04 03:00:00,onboarding_started
4584,2026-02-08 00:00:00,signup
4584,2026-02-08 15:00:00,onboarding_started
4584,2026-02-08 23:00:00,onboarding_completed
4585,2026-05-30 00:00:00,signup
4586,2026-06-18 00:00:00,signup
4586,2026-06-18 22:00:00,onboarding_started
4586,2026-06-19 05:00:00,onboarding_completed
4586,2026-06-22 05:00:00,project_created
4586,2026-06-26 05:00:00,integration_connected
4586,2026-06-27 05:00:00,report_created
4587,2026-04-28 00:00:00,signup
4587,2026-04-28 21:00:00,onboarding_started
4587,2026-04-29 04:00:00,onboarding_completed
4587,2026-04-30 04:00:00,project_created
4588,2026-01-05 00:00:00,signup
4588,2026-01-05 03:00:00,onboarding_started
4588,2026-01-05 04:00:00,onboarding_completed
4588,2026-01-06 04:00:00,project_created
4588,2026-01-06 04:00:00,teammate_invited
4588,2026-01-10 04:00:00,integration_connected
4588,2026-02-05 00:00:00,dashboard_viewed
4589,2026-06-19 00:00:00,signup
4589,2026-06-19 06:00:00,onboarding_started
4589,2026-06-19 08:00:00,onboarding_completed
4589,2026-06-19 08:00:00,project_created
4589,2026-06-19 08:00:00,teammate_invited
4590,2026-03-28 00:00:00,signup
4590,2026-03-28 15:00:00,onboarding_started
4591,2026-03-17 00:00:00,signup
4591,2026-03-17 08:00:00,onboarding_started
4592,2026-06-07 00:00:00,signup
4592,2026-06-07 02:00:00,onboarding_started
4592,2026-06-07 04:00:00,onboarding_completed
4593,2026-02-26 00:00:00,signup
4593,2026-02-26 20:00:00,onboarding_started
4593,2026-02-27 00:00:00,onboarding_completed
4593,2026-03-01 00:00:00,project_created
4593,2026-03-04 00:00:00,report_created
4594,2026-05-07 00:00:00,signup
4594,2026-05-07 04:00:00,onboarding_started
4594,2026-05-07 12:00:00,onboarding_completed
4594,2026-05-07 12:00:00,project_created
4595,2026-01-29 00:00:00,signup
4595,2026-01-29 08:00:00,onboarding_started
4595,2026-01-29 10:00:00,onboarding_completed
4595,2026-02-01 10:00:00,project_created
4595,2026-02-03 10:00:00,report_created
4595,2026-02-05 10:00:00,integration_connected
4596,2026-06-14 00:00:00,signup
4596,2026-06-14 23:00:00,onboarding_started
4596,2026-06-15 02:00:00,onboarding_completed
4597,2026-03-28 00:00:00,signup
4597,2026-03-28 13:00:00,onboarding_started
4597,2026-03-28 20:00:00,onboarding_completed
4598,2026-05-21 00:00:00,signup
4598,2026-05-21 05:00:00,onboarding_started
4598,2026-05-21 09:00:00,onboarding_completed
4598,2026-05-24 09:00:00,project_created
4599,2026-06-09 00:00:00,signup
4600,2026-02-15 00:00:00,signup
4600,2026-02-15 10:00:00,onboarding_started
4600,2026-02-15 15:00:00,onboarding_completed
4600,2026-02-15 15:00:00,project_created
4600,2026-02-15 15:00:00,teammate_invited
4601,2026-04-26 00:00:00,signup
4601,2026-04-26 02:00:00,onboarding_started
4601,2026-04-26 07:00:00,onboarding_completed
4601,2026-04-27 07:00:00,project_created
4601,2026-04-27 07:00:00,integration_connected
4601,2026-04-28 07:00:00,teammate_invited
4601,2026-04-30 07:00:00,report_created
4601,2026-05-30 00:00:00,dashboard_viewed
4602,2026-04-22 00:00:00,signup
4602,2026-04-22 05:00:00,onboarding_started
4602,2026-04-22 06:00:00,onboarding_completed
4602,2026-04-24 06:00:00,project_created
4602,2026-04-25 06:00:00,teammate_invited
4602,2026-04-25 06:00:00,integration_connected
4602,2026-04-27 06:00:00,report_created
4602,2026-05-27 00:00:00,dashboard_viewed
4603,2026-05-31 00:00:00,signup
4603,2026-05-31 07:00:00,onboarding_started
4603,2026-05-31 14:00:00,onboarding_completed
4603,2026-06-01 14:00:00,project_created
4603,2026-06-03 14:00:00,teammate_invited
4603,2026-06-30 00:00:00,dashboard_viewed
4604,2026-02-14 00:00:00,signup
4605,2026-05-25 00:00:00,signup
4605,2026-05-25 20:00:00,onboarding_started
4606,2026-04-14 00:00:00,signup
4606,2026-04-14 18:00:00,onboarding_started
4606,2026-04-14 23:00:00,onboarding_completed
4607,2026-03-26 00:00:00,signup
4607,2026-03-26 14:00:00,onboarding_started
4607,2026-03-26 19:00:00,onboarding_completed
4607,2026-03-29 19:00:00,project_created
4608,2026-05-14 00:00:00,signup
4608,2026-05-14 01:00:00,onboarding_started
4608,2026-05-14 04:00:00,onboarding_completed
4608,2026-05-15 04:00:00,project_created
4608,2026-05-19 04:00:00,integration_connected
4608,2026-05-19 04:00:00,report_created
4609,2026-04-18 00:00:00,signup
4609,2026-04-18 09:00:00,onboarding_started
4610,2026-01-18 00:00:00,signup
4610,2026-01-18 19:00:00,onboarding_started
4610,2026-01-18 21:00:00,onboarding_completed
4610,2026-01-21 21:00:00,project_created
4611,2026-04-04 00:00:00,signup
4611,2026-04-04 14:00:00,onboarding_started
4611,2026-04-04 18:00:00,onboarding_completed
4611,2026-04-06 18:00:00,project_created
4611,2026-04-06 18:00:00,teammate_invited
4612,2026-05-30 00:00:00,signup
4612,2026-05-30 03:00:00,onboarding_started
4612,2026-05-30 08:00:00,onboarding_completed
4613,2026-02-02 00:00:00,signup
4613,2026-02-02 07:00:00,onboarding_started
4614,2026-06-07 00:00:00,signup
4614,2026-06-07 03:00:00,onboarding_started
4614,2026-06-07 11:00:00,onboarding_completed
4614,2026-06-07 11:00:00,project_created
4614,2026-06-11 11:00:00,integration_connected
4614,2026-06-12 11:00:00,report_created
4615,2026-05-06 00:00:00,signup
4615,2026-05-06 14:00:00,onboarding_started
4615,2026-05-06 23:00:00,onboarding_completed
4615,2026-05-08 23:00:00,project_created
4615,2026-05-08 23:00:00,teammate_invited
4616,2026-06-09 00:00:00,signup
4616,2026-06-09 17:00:00,onboarding_started
4616,2026-06-10 01:00:00,onboarding_completed
4616,2026-06-13 01:00:00,project_created
4616,2026-06-15 01:00:00,teammate_invited
4616,2026-07-12 00:00:00,dashboard_viewed
4617,2026-06-19 00:00:00,signup
4617,2026-06-19 03:00:00,onboarding_started
4617,2026-06-19 10:00:00,onboarding_completed
4618,2026-05-02 00:00:00,signup
4619,2026-05-18 00:00:00,signup
4620,2026-04-25 00:00:00,signup
4620,2026-04-25 11:00:00,onboarding_started
4621,2026-06-13 00:00:00,signup
4621,2026-06-13 07:00:00,onboarding_started
4621,2026-06-13 16:00:00,onboarding_completed
4621,2026-06-16 16:00:00,project_created
4622,2026-06-11 00:00:00,signup
4622,2026-06-11 22:00:00,onboarding_started
4623,2026-01-28 00:00:00,signup
4623,2026-01-28 21:00:00,onboarding_started
4623,2026-01-29 07:00:00,onboarding_completed
4623,2026-02-01 07:00:00,project_created
4624,2026-01-11 00:00:00,signup
4624,2026-01-11 22:00:00,onboarding_started
4624,2026-01-12 04:00:00,onboarding_completed
4624,2026-01-15 04:00:00,project_created
4624,2026-01-17 04:00:00,integration_connected
4625,2026-06-16 00:00:00,signup
4625,2026-06-16 03:00:00,onboarding_started
4626,2026-02-16 00:00:00,signup
4626,2026-02-16 02:00:00,onboarding_started
4626,2026-02-16 03:00:00,onboarding_completed
4627,2026-05-07 00:00:00,signup
4627,2026-05-07 19:00:00,onboarding_started
4627,2026-05-08 03:00:00,onboarding_completed
4627,2026-05-09 03:00:00,project_created
4627,2026-06-09 00:00:00,dashboard_viewed
4628,2026-05-27 00:00:00,signup
4628,2026-05-27 09:00:00,onboarding_started
4628,2026-05-27 10:00:00,onboarding_completed
4628,2026-05-27 10:00:00,project_created
4628,2026-05-29 10:00:00,report_created
4629,2026-04-28 00:00:00,signup
4629,2026-04-28 01:00:00,onboarding_started
4629,2026-04-28 02:00:00,onboarding_completed
4630,2026-05-23 00:00:00,signup
4630,2026-05-23 20:00:00,onboarding_started
4630,2026-05-24 01:00:00,onboarding_completed
4631,2026-05-06 00:00:00,signup
4631,2026-05-06 18:00:00,onboarding_started
4632,2026-06-05 00:00:00,signup
4632,2026-06-05 23:00:00,onboarding_started
4633,2026-06-01 00:00:00,signup
4633,2026-06-01 14:00:00,onboarding_started
4633,2026-06-01 15:00:00,onboarding_completed
4634,2026-03-13 00:00:00,signup
4634,2026-03-13 15:00:00,onboarding_started
4634,2026-03-13 17:00:00,onboarding_completed
4634,2026-03-13 17:00:00,project_created
4634,2026-03-19 17:00:00,report_created
4635,2026-04-17 00:00:00,signup
4635,2026-04-17 12:00:00,onboarding_started
4635,2026-04-17 14:00:00,onboarding_completed
4635,2026-04-20 14:00:00,project_created
4635,2026-04-26 14:00:00,report_created
4635,2026-05-25 00:00:00,dashboard_viewed
4636,2026-05-17 00:00:00,signup
4637,2026-06-24 00:00:00,signup
4637,2026-06-24 21:00:00,onboarding_started
4637,2026-06-25 08:00:00,onboarding_completed
4637,2026-06-26 08:00:00,project_created
4637,2026-06-28 08:00:00,teammate_invited
4637,2026-07-02 08:00:00,report_created
4637,2026-07-27 00:00:00,dashboard_viewed
4638,2026-02-02 00:00:00,signup
4638,2026-02-02 15:00:00,onboarding_started
4639,2026-01-19 00:00:00,signup
4639,2026-01-19 02:00:00,onboarding_started
4639,2026-01-19 04:00:00,onboarding_completed
4639,2026-01-19 04:00:00,project_created
4640,2026-03-15 00:00:00,signup
4640,2026-03-15 21:00:00,onboarding_started
4640,2026-03-16 07:00:00,onboarding_completed
4641,2026-06-17 00:00:00,signup
4641,2026-06-17 19:00:00,onboarding_started
4641,2026-06-18 06:00:00,onboarding_completed
4642,2026-06-24 00:00:00,signup
4642,2026-06-24 04:00:00,onboarding_started
4642,2026-06-24 08:00:00,onboarding_completed
4642,2026-06-27 08:00:00,project_created
4643,2026-06-06 00:00:00,signup
4643,2026-06-06 06:00:00,onboarding_started
4643,2026-06-06 11:00:00,onboarding_completed
4643,2026-06-06 11:00:00,project_created
4644,2026-06-27 00:00:00,signup
4644,2026-06-27 12:00:00,onboarding_started
4645,2026-04-08 00:00:00,signup
4645,2026-04-08 02:00:00,onboarding_started
4645,2026-04-08 05:00:00,onboarding_completed
4646,2026-05-21 00:00:00,signup
4646,2026-05-21 12:00:00,onboarding_started
4646,2026-05-21 23:00:00,onboarding_completed
4646,2026-05-23 23:00:00,project_created
4647,2026-05-09 00:00:00,signup
4647,2026-05-09 01:00:00,onboarding_started
4647,2026-05-09 05:00:00,onboarding_completed
4648,2026-06-11 00:00:00,signup
4648,2026-06-11 08:00:00,onboarding_started
4648,2026-06-11 16:00:00,onboarding_completed
4649,2026-04-03 00:00:00,signup
4650,2026-06-25 00:00:00,signup
4650,2026-06-25 03:00:00,onboarding_started
4651,2026-02-17 00:00:00,signup
4651,2026-02-17 04:00:00,onboarding_started
4651,2026-02-17 05:00:00,onboarding_completed
4651,2026-02-20 05:00:00,project_created
4651,2026-02-21 05:00:00,teammate_invited
4651,2026-02-23 05:00:00,report_created
4652,2026-06-26 00:00:00,signup
4652,2026-06-26 22:00:00,onboarding_started
4652,2026-06-27 08:00:00,onboarding_completed
4653,2026-03-05 00:00:00,signup
4653,2026-03-05 15:00:00,onboarding_started
4653,2026-03-05 22:00:00,onboarding_completed
4653,2026-03-06 22:00:00,project_created
4653,2026-03-08 22:00:00,teammate_invited
4653,2026-03-12 22:00:00,report_created
4653,2026-04-09 00:00:00,dashboard_viewed
4654,2026-03-02 00:00:00,signup
4654,2026-03-02 10:00:00,onboarding_started
4655,2026-06-06 00:00:00,signup
4655,2026-06-06 13:00:00,onboarding_started
4656,2026-02-08 00:00:00,signup
4656,2026-02-08 17:00:00,onboarding_started
4656,2026-02-09 00:00:00,onboarding_completed
4657,2026-05-08 00:00:00,signup
4657,2026-05-08 12:00:00,onboarding_started
4657,2026-05-08 13:00:00,onboarding_completed
4657,2026-05-09 13:00:00,project_created
4657,2026-05-09 13:00:00,teammate_invited
4657,2026-05-10 13:00:00,integration_connected
4657,2026-05-12 13:00:00,report_created
4657,2026-06-13 00:00:00,dashboard_viewed
4658,2026-03-29 00:00:00,signup
4658,2026-03-29 23:00:00,onboarding_started
4659,2026-01-26 00:00:00,signup
4659,2026-01-26 07:00:00,onboarding_started
4659,2026-01-26 08:00:00,onboarding_completed
4659,2026-01-29 08:00:00,project_created
4659,2026-01-31 08:00:00,report_created
4659,2026-02-26 00:00:00,dashboard_viewed
4660,2026-01-17 00:00:00,signup
4660,2026-01-17 07:00:00,onboarding_started
4661,2026-03-12 00:00:00,signup
4661,2026-03-12 05:00:00,onboarding_started
4661,2026-03-12 10:00:00,onboarding_completed
4662,2026-01-13 00:00:00,signup
4662,2026-01-13 22:00:00,onboarding_started
4662,2026-01-14 08:00:00,onboarding_completed
4662,2026-01-14 08:00:00,project_created
4662,2026-02-22 00:00:00,dashboard_viewed
4663,2026-03-10 00:00:00,signup
4664,2026-01-26 00:00:00,signup
4664,2026-01-26 07:00:00,onboarding_started
4665,2026-02-18 00:00:00,signup
4665,2026-02-18 14:00:00,onboarding_started
4665,2026-02-18 19:00:00,onboarding_completed
4665,2026-02-19 19:00:00,project_created
4665,2026-02-21 19:00:00,integration_connected
4665,2026-02-22 19:00:00,report_created
4666,2026-01-07 00:00:00,signup
4666,2026-01-07 09:00:00,onboarding_started
4666,2026-01-07 20:00:00,onboarding_completed
4666,2026-01-10 20:00:00,project_created
4667,2026-02-27 00:00:00,signup
4667,2026-02-27 03:00:00,onboarding_started
4667,2026-02-27 08:00:00,onboarding_completed
4667,2026-03-01 08:00:00,project_created
4668,2026-02-18 00:00:00,signup
4668,2026-02-18 08:00:00,onboarding_started
4669,2026-04-13 00:00:00,signup
4669,2026-04-13 14:00:00,onboarding_started
4670,2026-02-22 00:00:00,signup
4670,2026-02-22 03:00:00,onboarding_started
4670,2026-02-22 13:00:00,onboarding_completed
4671,2026-03-03 00:00:00,signup
4671,2026-03-03 02:00:00,onboarding_started
4672,2026-01-17 00:00:00,signup
4672,2026-01-17 23:00:00,onboarding_started
4672,2026-01-18 08:00:00,onboarding_completed
4672,2026-01-20 08:00:00,project_created
4672,2026-01-21 08:00:00,teammate_invited
4673,2026-06-20 00:00:00,signup
4673,2026-06-20 03:00:00,onboarding_started
4674,2026-01-25 00:00:00,signup
4674,2026-01-25 22:00:00,onboarding_started
4675,2026-05-11 00:00:00,signup
4675,2026-05-11 16:00:00,onboarding_started
4675,2026-05-12 02:00:00,onboarding_completed
4676,2026-01-29 00:00:00,signup
4676,2026-01-29 15:00:00,onboarding_started
4676,2026-01-29 19:00:00,onboarding_completed
4676,2026-01-29 19:00:00,project_created
4676,2026-03-04 00:00:00,dashboard_viewed
4677,2026-04-27 00:00:00,signup
4677,2026-04-27 20:00:00,onboarding_started
4677,2026-04-27 23:00:00,onboarding_completed
4677,2026-04-29 23:00:00,project_created
4677,2026-05-03 23:00:00,report_created
4678,2026-06-09 00:00:00,signup
4678,2026-06-09 21:00:00,onboarding_started
4678,2026-06-10 03:00:00,onboarding_completed
4678,2026-06-13 03:00:00,project_created
4678,2026-06-16 03:00:00,report_created
4679,2026-01-26 00:00:00,signup
4679,2026-01-26 07:00:00,onboarding_started
4679,2026-01-26 14:00:00,onboarding_completed
4679,2026-01-27 14:00:00,project_created
4680,2026-05-04 00:00:00,signup
4680,2026-05-04 22:00:00,onboarding_started
4680,2026-05-05 03:00:00,onboarding_completed
4680,2026-05-06 03:00:00,project_created
4680,2026-05-07 03:00:00,integration_connected
4681,2026-05-24 00:00:00,signup
4682,2026-01-25 00:00:00,signup
4683,2026-02-23 00:00:00,signup
4683,2026-02-23 13:00:00,onboarding_started
4684,2026-06-05 00:00:00,signup
4684,2026-06-05 07:00:00,onboarding_started
4684,2026-06-05 13:00:00,onboarding_completed
4684,2026-06-08 13:00:00,project_created
4684,2026-06-10 13:00:00,teammate_invited
4684,2026-06-11 13:00:00,report_created
4684,2026-07-13 00:00:00,dashboard_viewed
4685,2026-03-14 00:00:00,signup
4685,2026-03-14 14:00:00,onboarding_started
4685,2026-03-14 16:00:00,onboarding_completed
4685,2026-03-15 16:00:00,project_created
4685,2026-03-16 16:00:00,integration_connected
4685,2026-03-21 16:00:00,report_created
4685,2026-04-15 00:00:00,dashboard_viewed
4686,2026-04-30 00:00:00,signup
4686,2026-04-30 01:00:00,onboarding_started
4686,2026-04-30 08:00:00,onboarding_completed
4686,2026-05-02 08:00:00,project_created
4686,2026-05-04 08:00:00,report_created
4687,2026-02-25 00:00:00,signup
4687,2026-02-25 14:00:00,onboarding_started
4687,2026-02-26 00:00:00,onboarding_completed
4688,2026-03-06 00:00:00,signup
4688,2026-03-06 15:00:00,onboarding_started
4689,2026-04-03 00:00:00,signup
4689,2026-04-03 21:00:00,onboarding_started
4689,2026-04-03 22:00:00,onboarding_completed
4690,2026-03-27 00:00:00,signup
4690,2026-03-27 22:00:00,onboarding_started
4690,2026-03-28 08:00:00,onboarding_completed
4690,2026-03-31 08:00:00,project_created
4690,2026-04-05 08:00:00,report_created
4691,2026-03-21 00:00:00,signup
4691,2026-03-21 17:00:00,onboarding_started
4692,2026-06-18 00:00:00,signup
4692,2026-06-18 06:00:00,onboarding_started
4692,2026-06-18 10:00:00,onboarding_completed
4692,2026-06-19 10:00:00,project_created
4692,2026-06-22 10:00:00,integration_connected
4692,2026-07-28 00:00:00,dashboard_viewed
4693,2026-04-18 00:00:00,signup
4693,2026-04-18 12:00:00,onboarding_started
4694,2026-06-28 00:00:00,signup
4695,2026-04-28 00:00:00,signup
4695,2026-04-28 09:00:00,onboarding_started
4695,2026-04-28 10:00:00,onboarding_completed
4695,2026-04-30 10:00:00,project_created
4695,2026-05-01 10:00:00,report_created
4696,2026-06-06 00:00:00,signup
4696,2026-06-06 09:00:00,onboarding_started
4697,2026-03-24 00:00:00,signup
4697,2026-03-24 06:00:00,onboarding_started
4698,2026-05-27 00:00:00,signup
4698,2026-05-27 09:00:00,onboarding_started
4698,2026-05-27 12:00:00,onboarding_completed
4698,2026-05-28 12:00:00,project_created
4698,2026-05-29 12:00:00,teammate_invited
4698,2026-06-29 00:00:00,dashboard_viewed
4699,2026-06-18 00:00:00,signup
4699,2026-06-18 02:00:00,onboarding_started
4699,2026-06-18 13:00:00,onboarding_completed
4699,2026-06-20 13:00:00,project_created
4699,2026-06-26 13:00:00,report_created
4699,2026-07-21 00:00:00,dashboard_viewed
4700,2026-06-22 00:00:00,signup
4701,2026-01-15 00:00:00,signup
4702,2026-05-11 00:00:00,signup
4702,2026-05-11 13:00:00,onboarding_started
4703,2026-05-19 00:00:00,signup
4703,2026-05-19 18:00:00,onboarding_started
4704,2026-06-30 00:00:00,signup
4705,2026-06-23 00:00:00,signup
4705,2026-06-23 20:00:00,onboarding_started
4705,2026-06-24 04:00:00,onboarding_completed
4705,2026-06-27 04:00:00,project_created
4705,2026-06-28 04:00:00,teammate_invited
4705,2026-07-03 04:00:00,report_created
4705,2026-07-29 00:00:00,dashboard_viewed
4706,2026-01-30 00:00:00,signup
4706,2026-01-30 19:00:00,onboarding_started
4706,2026-01-31 06:00:00,onboarding_completed
4706,2026-02-01 06:00:00,project_created
4706,2026-02-04 06:00:00,integration_connected
4706,2026-02-05 06:00:00,report_created
4706,2026-03-11 00:00:00,dashboard_viewed
4707,2026-02-26 00:00:00,signup
4707,2026-02-26 17:00:00,onboarding_started
4707,2026-02-26 22:00:00,onboarding_completed
4707,2026-03-01 22:00:00,project_created
4707,2026-03-02 22:00:00,report_created
4708,2026-05-26 00:00:00,signup
4708,2026-05-26 08:00:00,onboarding_started
4709,2026-06-28 00:00:00,signup
4709,2026-06-28 17:00:00,onboarding_started
4709,2026-06-28 19:00:00,onboarding_completed
4709,2026-06-30 19:00:00,project_created
4709,2026-07-02 19:00:00,teammate_invited
4709,2026-08-03 00:00:00,dashboard_viewed
4710,2026-05-08 00:00:00,signup
4711,2026-02-17 00:00:00,signup
4711,2026-02-17 11:00:00,onboarding_started
4711,2026-02-17 20:00:00,onboarding_completed
4711,2026-02-18 20:00:00,project_created
4711,2026-02-24 20:00:00,report_created
4712,2026-05-16 00:00:00,signup
4713,2026-01-22 00:00:00,signup
4713,2026-01-22 23:00:00,onboarding_started
4713,2026-01-23 06:00:00,onboarding_completed
4713,2026-01-26 06:00:00,project_created
4713,2026-01-28 06:00:00,teammate_invited
4713,2026-01-28 06:00:00,report_created
4713,2026-01-29 06:00:00,integration_connected
4713,2026-03-03 00:00:00,dashboard_viewed
4714,2026-01-06 00:00:00,signup
4714,2026-01-06 20:00:00,onboarding_started
4714,2026-01-07 00:00:00,onboarding_completed
4714,2026-01-08 00:00:00,project_created
4714,2026-01-14 00:00:00,report_created
4715,2026-04-14 00:00:00,signup
4715,2026-04-14 07:00:00,onboarding_started
4716,2026-02-05 00:00:00,signup
4716,2026-02-05 07:00:00,onboarding_started
4716,2026-02-05 15:00:00,onboarding_completed
4717,2026-03-20 00:00:00,signup
4717,2026-03-20 17:00:00,onboarding_started
4717,2026-03-20 23:00:00,onboarding_completed
4717,2026-03-21 23:00:00,project_created
4717,2026-03-21 23:00:00,integration_connected
4717,2026-03-23 23:00:00,teammate_invited
4717,2026-04-29 00:00:00,dashboard_viewed
4718,2026-04-26 00:00:00,signup
4719,2026-02-26 00:00:00,signup
4719,2026-02-26 23:00:00,onboarding_started
4720,2026-02-18 00:00:00,signup
4720,2026-02-18 09:00:00,onboarding_started
4720,2026-02-18 18:00:00,onboarding_completed
4721,2026-06-22 00:00:00,signup
4722,2026-03-23 00:00:00,signup
4722,2026-03-23 15:00:00,onboarding_started
4723,2026-03-07 00:00:00,signup
4723,2026-03-07 11:00:00,onboarding_started
4723,2026-03-07 13:00:00,onboarding_completed
4723,2026-03-10 13:00:00,project_created
4723,2026-03-11 13:00:00,report_created
4723,2026-03-12 13:00:00,teammate_invited
4724,2026-03-18 00:00:00,signup
4725,2026-02-14 00:00:00,signup
4725,2026-02-14 16:00:00,onboarding_started
4725,2026-02-15 01:00:00,onboarding_completed
4725,2026-02-17 01:00:00,project_created
4726,2026-03-20 00:00:00,signup
4727,2026-01-20 00:00:00,signup
4727,2026-01-20 19:00:00,onboarding_started
4728,2026-05-03 00:00:00,signup
4728,2026-05-03 09:00:00,onboarding_started
4729,2026-03-08 00:00:00,signup
4729,2026-03-08 17:00:00,onboarding_started
4730,2026-03-24 00:00:00,signup
4730,2026-03-24 01:00:00,onboarding_started
4730,2026-03-24 03:00:00,onboarding_completed
4730,2026-03-27 03:00:00,project_created
4730,2026-05-01 00:00:00,dashboard_viewed
4731,2026-01-03 00:00:00,signup
4731,2026-01-03 09:00:00,onboarding_started
4731,2026-01-03 16:00:00,onboarding_completed
4731,2026-01-03 16:00:00,project_created
4731,2026-01-03 16:00:00,integration_connected
4731,2026-01-09 16:00:00,report_created
4732,2026-03-05 00:00:00,signup
4732,2026-03-05 10:00:00,onboarding_started
4732,2026-03-05 13:00:00,onboarding_completed
4732,2026-03-06 13:00:00,project_created
4732,2026-03-07 13:00:00,teammate_invited
4732,2026-04-08 00:00:00,dashboard_viewed
4733,2026-02-09 00:00:00,signup
4733,2026-02-09 09:00:00,onboarding_started
4733,2026-02-09 13:00:00,onboarding_completed
4733,2026-02-12 13:00:00,project_created
4733,2026-02-14 13:00:00,teammate_invited
4734,2026-02-28 00:00:00,signup
4734,2026-02-28 09:00:00,onboarding_started
4734,2026-02-28 16:00:00,onboarding_completed
4734,2026-03-01 16:00:00,project_created
4734,2026-03-07 16:00:00,report_created
4734,2026-04-03 00:00:00,dashboard_viewed
4735,2026-03-03 00:00:00,signup
4735,2026-03-03 15:00:00,onboarding_started
4735,2026-03-03 17:00:00,onboarding_completed
4735,2026-03-06 17:00:00,project_created
4735,2026-03-07 17:00:00,report_created
4736,2026-05-12 00:00:00,signup
4736,2026-05-12 17:00:00,onboarding_started
4737,2026-03-01 00:00:00,signup
4737,2026-03-01 13:00:00,onboarding_started
4737,2026-03-02 00:00:00,onboarding_completed
4738,2026-04-26 00:00:00,signup
4738,2026-04-26 14:00:00,onboarding_started
4738,2026-04-26 22:00:00,onboarding_completed
4739,2026-03-16 00:00:00,signup
4739,2026-03-16 11:00:00,onboarding_started
4739,2026-03-16 18:00:00,onboarding_completed
4739,2026-03-19 18:00:00,project_created
4739,2026-03-19 18:00:00,teammate_invited
4739,2026-03-20 18:00:00,report_created
4740,2026-05-02 00:00:00,signup
4740,2026-05-02 09:00:00,onboarding_started
4740,2026-05-02 10:00:00,onboarding_completed
4740,2026-05-03 10:00:00,project_created
4741,2026-04-17 00:00:00,signup
4741,2026-04-17 23:00:00,onboarding_started
4741,2026-04-18 05:00:00,onboarding_completed
4741,2026-04-19 05:00:00,project_created
4741,2026-04-20 05:00:00,teammate_invited
4741,2026-04-23 05:00:00,report_created
4741,2026-05-21 00:00:00,dashboard_viewed
4742,2026-04-06 00:00:00,signup
4743,2026-04-01 00:00:00,signup
4743,2026-04-01 09:00:00,onboarding_started
4743,2026-04-01 18:00:00,onboarding_completed
4743,2026-04-03 18:00:00,project_created
4743,2026-04-03 18:00:00,teammate_invited
4743,2026-05-04 00:00:00,dashboard_viewed
4744,2026-06-07 00:00:00,signup
4744,2026-06-07 08:00:00,onboarding_started
4744,2026-06-07 10:00:00,onboarding_completed
4744,2026-06-07 10:00:00,project_created
4745,2026-05-10 00:00:00,signup
4746,2026-03-03 00:00:00,signup
4746,2026-03-03 03:00:00,onboarding_started
4746,2026-03-03 11:00:00,onboarding_completed
4746,2026-03-05 11:00:00,project_created
4746,2026-03-08 11:00:00,integration_connected
4746,2026-03-11 11:00:00,report_created
4746,2026-04-10 00:00:00,dashboard_viewed
4747,2026-02-18 00:00:00,signup
4747,2026-02-18 06:00:00,onboarding_started
4747,2026-02-18 10:00:00,onboarding_completed
4747,2026-02-18 10:00:00,project_created
4747,2026-02-19 10:00:00,report_created
4748,2026-05-17 00:00:00,signup
4748,2026-05-17 19:00:00,onboarding_started
4748,2026-05-17 22:00:00,onboarding_completed
4748,2026-05-17 22:00:00,project_created
4748,2026-05-18 22:00:00,teammate_invited
4748,2026-05-19 22:00:00,report_created
4748,2026-06-23 00:00:00,dashboard_viewed
4749,2026-04-02 00:00:00,signup
4749,2026-04-02 22:00:00,onboarding_started
4749,2026-04-03 06:00:00,onboarding_completed
4749,2026-04-05 06:00:00,project_created
4749,2026-04-05 06:00:00,teammate_invited
4749,2026-04-06 06:00:00,integration_connected
4749,2026-05-02 00:00:00,dashboard_viewed
4750,2026-06-08 00:00:00,signup
4750,2026-06-08 19:00:00,onboarding_started
4750,2026-06-09 04:00:00,onboarding_completed
4750,2026-06-09 04:00:00,project_created
4750,2026-06-10 04:00:00,integration_connected
4750,2026-06-11 04:00:00,teammate_invited
4750,2026-06-14 04:00:00,report_created
4751,2026-05-04 00:00:00,signup
4751,2026-05-04 12:00:00,onboarding_started
4751,2026-05-04 19:00:00,onboarding_completed
4752,2026-03-02 00:00:00,signup
4752,2026-03-02 13:00:00,onboarding_started
4753,2026-02-17 00:00:00,signup
4754,2026-06-02 00:00:00,signup
4754,2026-06-02 08:00:00,onboarding_started
4754,2026-06-02 18:00:00,onboarding_completed
4754,2026-06-04 18:00:00,project_created
4754,2026-07-08 00:00:00,dashboard_viewed
4755,2026-06-13 00:00:00,signup
4755,2026-06-13 10:00:00,onboarding_started
4755,2026-06-13 11:00:00,onboarding_completed
4755,2026-06-13 11:00:00,project_created
4755,2026-06-19 11:00:00,report_created
4756,2026-05-16 00:00:00,signup
4756,2026-05-16 01:00:00,onboarding_started
4756,2026-05-16 12:00:00,onboarding_completed
4756,2026-05-16 12:00:00,project_created
4756,2026-05-16 12:00:00,integration_connected
4756,2026-05-17 12:00:00,teammate_invited
4756,2026-05-18 12:00:00,report_created
4757,2026-02-27 00:00:00,signup
4757,2026-02-27 12:00:00,onboarding_started
4757,2026-02-27 13:00:00,onboarding_completed
4757,2026-02-28 13:00:00,project_created
4757,2026-02-28 13:00:00,integration_connected
4757,2026-03-01 13:00:00,teammate_invited
4758,2026-04-11 00:00:00,signup
4758,2026-04-11 19:00:00,onboarding_started
4758,2026-04-11 20:00:00,onboarding_completed
4758,2026-04-14 20:00:00,project_created
4758,2026-04-15 20:00:00,teammate_invited
4758,2026-05-12 00:00:00,dashboard_viewed
4759,2026-04-22 00:00:00,signup
4759,2026-04-22 05:00:00,onboarding_started
4759,2026-04-22 10:00:00,onboarding_completed
4759,2026-04-23 10:00:00,project_created
4760,2026-06-22 00:00:00,signup
4760,2026-06-22 13:00:00,onboarding_started
4761,2026-03-03 00:00:00,signup
4761,2026-03-03 10:00:00,onboarding_started
4762,2026-02-08 00:00:00,signup
4762,2026-02-08 18:00:00,onboarding_started
4762,2026-02-08 23:00:00,onboarding_completed
4762,2026-02-09 23:00:00,project_created
4762,2026-03-16 00:00:00,dashboard_viewed
4763,2026-02-27 00:00:00,signup
4763,2026-02-27 23:00:00,onboarding_started
4763,2026-02-28 10:00:00,onboarding_completed
4763,2026-02-28 10:00:00,project_created
4763,2026-02-28 10:00:00,teammate_invited
4763,2026-03-03 10:00:00,report_created
4764,2026-04-09 00:00:00,signup
4764,2026-04-09 12:00:00,onboarding_started
4765,2026-02-13 00:00:00,signup
4765,2026-02-13 02:00:00,onboarding_started
4765,2026-02-13 04:00:00,onboarding_completed
4765,2026-02-15 04:00:00,project_created
4765,2026-02-16 04:00:00,report_created
4765,2026-02-17 04:00:00,teammate_invited
4766,2026-01-29 00:00:00,signup
4766,2026-01-29 21:00:00,onboarding_started
4766,2026-01-30 02:00:00,onboarding_completed
4766,2026-01-31 02:00:00,project_created
4766,2026-01-31 02:00:00,teammate_invited
4767,2026-02-28 00:00:00,signup
4767,2026-02-28 15:00:00,onboarding_started
4767,2026-02-28 20:00:00,onboarding_completed
4767,2026-02-28 20:00:00,project_created
4767,2026-03-06 20:00:00,report_created
4768,2026-03-12 00:00:00,signup
4768,2026-03-12 10:00:00,onboarding_started
4769,2026-04-02 00:00:00,signup
4769,2026-04-02 11:00:00,onboarding_started
4770,2026-01-09 00:00:00,signup
4770,2026-01-09 01:00:00,onboarding_started
4770,2026-01-09 08:00:00,onboarding_completed
4770,2026-01-12 08:00:00,project_created
4770,2026-01-15 08:00:00,integration_connected
4770,2026-02-14 00:00:00,dashboard_viewed
4771,2026-05-07 00:00:00,signup
4771,2026-05-07 19:00:00,onboarding_started
4772,2026-05-14 00:00:00,signup
4772,2026-05-14 21:00:00,onboarding_started
4772,2026-05-15 07:00:00,onboarding_completed
4773,2026-06-06 00:00:00,signup
4773,2026-06-06 04:00:00,onboarding_started
4774,2026-05-25 00:00:00,signup
4774,2026-05-25 04:00:00,onboarding_started
4774,2026-05-25 09:00:00,onboarding_completed
4774,2026-05-27 09:00:00,project_created
4774,2026-05-27 09:00:00,teammate_invited
4774,2026-05-27 09:00:00,integration_connected
4774,2026-06-01 09:00:00,report_created
4774,2026-06-30 00:00:00,dashboard_viewed
4775,2026-05-24 00:00:00,signup
4775,2026-05-24 06:00:00,onboarding_started
4775,2026-05-24 12:00:00,onboarding_completed
4775,2026-05-26 12:00:00,project_created
4775,2026-06-01 12:00:00,report_created
4776,2026-05-11 00:00:00,signup
4776,2026-05-11 05:00:00,onboarding_started
4776,2026-05-11 06:00:00,onboarding_completed
4776,2026-05-11 06:00:00,project_created
4776,2026-05-11 06:00:00,integration_connected
4777,2026-01-21 00:00:00,signup
4777,2026-01-21 01:00:00,onboarding_started
4777,2026-01-21 06:00:00,onboarding_completed
4777,2026-01-23 06:00:00,project_created
4778,2026-03-05 00:00:00,signup
4779,2026-03-31 00:00:00,signup
4779,2026-03-31 05:00:00,onboarding_started
4779,2026-03-31 15:00:00,onboarding_completed
4780,2026-02-05 00:00:00,signup
4780,2026-02-05 08:00:00,onboarding_started
4780,2026-02-05 09:00:00,onboarding_completed
4780,2026-02-05 09:00:00,project_created
4780,2026-02-06 09:00:00,teammate_invited
4780,2026-03-07 00:00:00,dashboard_viewed
4781,2026-03-03 00:00:00,signup
4781,2026-03-03 07:00:00,onboarding_started
4782,2026-06-19 00:00:00,signup
4783,2026-03-17 00:00:00,signup
4783,2026-03-17 10:00:00,onboarding_started
4783,2026-03-17 17:00:00,onboarding_completed
4783,2026-03-17 17:00:00,project_created
4783,2026-03-21 17:00:00,integration_connected
4784,2026-06-19 00:00:00,signup
4784,2026-06-19 06:00:00,onboarding_started
4785,2026-01-13 00:00:00,signup
4785,2026-01-13 18:00:00,onboarding_started
4785,2026-01-14 03:00:00,onboarding_completed
4785,2026-01-14 03:00:00,project_created
4785,2026-01-16 03:00:00,teammate_invited
4785,2026-01-17 03:00:00,report_created
4785,2026-02-12 00:00:00,dashboard_viewed
4786,2026-01-11 00:00:00,signup
4786,2026-01-11 05:00:00,onboarding_started
4786,2026-01-11 11:00:00,onboarding_completed
4786,2026-01-14 11:00:00,project_created
4787,2026-02-23 00:00:00,signup
4787,2026-02-23 17:00:00,onboarding_started
4787,2026-02-24 04:00:00,onboarding_completed
4787,2026-02-27 04:00:00,project_created
4787,2026-02-27 04:00:00,integration_connected
4787,2026-03-01 04:00:00,teammate_invited
4787,2026-03-04 04:00:00,report_created
4788,2026-01-16 00:00:00,signup
4788,2026-01-16 11:00:00,onboarding_started
4788,2026-01-16 20:00:00,onboarding_completed
4789,2026-01-08 00:00:00,signup
4789,2026-01-08 15:00:00,onboarding_started
4789,2026-01-08 16:00:00,onboarding_completed
4789,2026-01-09 16:00:00,project_created
4790,2026-04-14 00:00:00,signup
4790,2026-04-14 01:00:00,onboarding_started
4791,2026-02-28 00:00:00,signup
4791,2026-02-28 16:00:00,onboarding_started
4791,2026-03-01 03:00:00,onboarding_completed
4791,2026-03-04 03:00:00,project_created
4791,2026-03-06 03:00:00,teammate_invited
4791,2026-03-07 03:00:00,report_created
4791,2026-04-06 00:00:00,dashboard_viewed
4792,2026-02-26 00:00:00,signup
4792,2026-02-26 08:00:00,onboarding_started
4793,2026-02-09 00:00:00,signup
4793,2026-02-09 15:00:00,onboarding_started
4793,2026-02-10 01:00:00,onboarding_completed
4793,2026-02-12 01:00:00,project_created
4793,2026-03-17 00:00:00,dashboard_viewed
4794,2026-05-10 00:00:00,signup
4794,2026-05-10 16:00:00,onboarding_started
4794,2026-05-11 02:00:00,onboarding_completed
4794,2026-05-12 02:00:00,project_created
4795,2026-04-04 00:00:00,signup
4796,2026-05-18 00:00:00,signup
4796,2026-05-18 03:00:00,onboarding_started
4796,2026-05-18 13:00:00,onboarding_completed
4797,2026-02-13 00:00:00,signup
4798,2026-05-19 00:00:00,signup
4799,2026-03-21 00:00:00,signup
4799,2026-03-21 13:00:00,onboarding_started
4800,2026-03-22 00:00:00,signup
4800,2026-03-22 18:00:00,onboarding_started
4800,2026-03-22 19:00:00,onboarding_completed
4800,2026-03-22 19:00:00,project_created
4800,2026-03-22 19:00:00,integration_connected
4800,2026-03-25 19:00:00,report_created
4801,2026-01-02 00:00:00,signup
4801,2026-01-02 12:00:00,onboarding_started
4801,2026-01-02 15:00:00,onboarding_completed
4801,2026-01-05 15:00:00,project_created
4801,2026-01-05 15:00:00,integration_connected
4801,2026-01-08 15:00:00,report_created
4802,2026-06-27 00:00:00,signup
4802,2026-06-27 10:00:00,onboarding_started
4802,2026-06-27 17:00:00,onboarding_completed
4802,2026-06-28 17:00:00,project_created
4802,2026-06-28 17:00:00,teammate_invited
4802,2026-06-29 17:00:00,integration_connected
4802,2026-07-27 00:00:00,dashboard_viewed
4803,2026-05-20 00:00:00,signup
4803,2026-05-20 02:00:00,onboarding_started
4803,2026-05-20 09:00:00,onboarding_completed
4803,2026-05-23 09:00:00,project_created
4803,2026-05-28 09:00:00,report_created
4804,2026-04-25 00:00:00,signup
4804,2026-04-25 23:00:00,onboarding_started
4805,2026-03-31 00:00:00,signup
4805,2026-03-31 02:00:00,onboarding_started
4805,2026-03-31 09:00:00,onboarding_completed
4805,2026-04-02 09:00:00,project_created
4805,2026-04-06 09:00:00,report_created
4806,2026-01-23 00:00:00,signup
4806,2026-01-23 09:00:00,onboarding_started
4806,2026-01-23 19:00:00,onboarding_completed
4806,2026-01-23 19:00:00,project_created
4806,2026-01-24 19:00:00,report_created
4807,2026-05-26 00:00:00,signup
4807,2026-05-26 18:00:00,onboarding_started
4808,2026-03-03 00:00:00,signup
4808,2026-03-03 17:00:00,onboarding_started
4809,2026-04-23 00:00:00,signup
4809,2026-04-23 16:00:00,onboarding_started
4809,2026-04-23 18:00:00,onboarding_completed
4809,2026-04-24 18:00:00,project_created
4809,2026-04-24 18:00:00,teammate_invited
4809,2026-04-24 18:00:00,integration_connected
4809,2026-04-30 18:00:00,report_created
4810,2026-05-08 00:00:00,signup
4811,2026-03-03 00:00:00,signup
4811,2026-03-03 13:00:00,onboarding_started
4811,2026-03-03 14:00:00,onboarding_completed
4811,2026-03-05 14:00:00,project_created
4811,2026-03-09 14:00:00,report_created
4812,2026-02-07 00:00:00,signup
4812,2026-02-07 10:00:00,onboarding_started
4812,2026-02-07 14:00:00,onboarding_completed
4813,2026-06-15 00:00:00,signup
4813,2026-06-15 17:00:00,onboarding_started
4813,2026-06-16 01:00:00,onboarding_completed
4813,2026-06-19 01:00:00,project_created
4813,2026-06-20 01:00:00,teammate_invited
4814,2026-03-02 00:00:00,signup
4814,2026-03-02 09:00:00,onboarding_started
4814,2026-03-02 12:00:00,onboarding_completed
4814,2026-03-02 12:00:00,project_created
4815,2026-05-09 00:00:00,signup
4816,2026-06-22 00:00:00,signup
4816,2026-06-22 08:00:00,onboarding_started
4817,2026-06-05 00:00:00,signup
4817,2026-06-05 15:00:00,onboarding_started
4817,2026-06-05 18:00:00,onboarding_completed
4817,2026-06-08 18:00:00,project_created
4817,2026-06-09 18:00:00,integration_connected
4817,2026-06-10 18:00:00,teammate_invited
4817,2026-07-13 00:00:00,dashboard_viewed
4818,2026-05-29 00:00:00,signup
4819,2026-05-02 00:00:00,signup
4819,2026-05-02 22:00:00,onboarding_started
4819,2026-05-03 00:00:00,onboarding_completed
4819,2026-05-05 00:00:00,project_created
4820,2026-04-20 00:00:00,signup
4820,2026-04-20 23:00:00,onboarding_started
4821,2026-01-13 00:00:00,signup
4822,2026-06-04 00:00:00,signup
4822,2026-06-04 15:00:00,onboarding_started
4823,2026-04-10 00:00:00,signup
4823,2026-04-10 13:00:00,onboarding_started
4823,2026-04-10 14:00:00,onboarding_completed
4823,2026-04-12 14:00:00,project_created
4823,2026-04-13 14:00:00,teammate_invited
4824,2026-05-15 00:00:00,signup
4824,2026-05-15 06:00:00,onboarding_started
4824,2026-05-15 15:00:00,onboarding_completed
4824,2026-05-17 15:00:00,project_created
4824,2026-05-19 15:00:00,integration_connected
4824,2026-05-21 15:00:00,report_created
4825,2026-01-22 00:00:00,signup
4825,2026-01-22 09:00:00,onboarding_started
4825,2026-01-22 10:00:00,onboarding_completed
4825,2026-01-25 10:00:00,project_created
4825,2026-01-26 10:00:00,teammate_invited
4825,2026-01-29 10:00:00,integration_connected
4825,2026-01-30 10:00:00,report_created
4825,2026-02-26 00:00:00,dashboard_viewed
4826,2026-03-15 00:00:00,signup
4826,2026-03-15 14:00:00,onboarding_started
4826,2026-03-16 01:00:00,onboarding_completed
4826,2026-03-18 01:00:00,project_created
4826,2026-03-20 01:00:00,teammate_invited
4827,2026-06-30 00:00:00,signup
4827,2026-06-30 15:00:00,onboarding_started
4827,2026-06-30 22:00:00,onboarding_completed
4827,2026-06-30 22:00:00,project_created
4828,2026-05-12 00:00:00,signup
4829,2026-01-23 00:00:00,signup
4829,2026-01-23 23:00:00,onboarding_started
4830,2026-04-29 00:00:00,signup
4830,2026-04-29 12:00:00,onboarding_started
4830,2026-04-29 13:00:00,onboarding_completed
4830,2026-05-01 13:00:00,project_created
4830,2026-05-01 13:00:00,teammate_invited
4830,2026-05-06 13:00:00,report_created
4831,2026-03-11 00:00:00,signup
4832,2026-03-25 00:00:00,signup
4833,2026-04-11 00:00:00,signup
4833,2026-04-11 23:00:00,onboarding_started
4833,2026-04-12 01:00:00,onboarding_completed
4834,2026-03-25 00:00:00,signup
4834,2026-03-25 23:00:00,onboarding_started
4834,2026-03-26 07:00:00,onboarding_completed
4835,2026-06-10 00:00:00,signup
4835,2026-06-10 19:00:00,onboarding_started
4836,2026-01-28 00:00:00,signup
4836,2026-01-28 04:00:00,onboarding_started
4836,2026-01-28 13:00:00,onboarding_completed
4837,2026-05-16 00:00:00,signup
4837,2026-05-16 23:00:00,onboarding_started
4838,2026-01-01 00:00:00,signup
4838,2026-01-01 12:00:00,onboarding_started
4838,2026-01-01 22:00:00,onboarding_completed
4838,2026-01-04 22:00:00,project_created
4838,2026-01-04 22:00:00,teammate_invited
4838,2026-01-04 22:00:00,integration_connected
4838,2026-01-06 22:00:00,report_created
4838,2026-02-09 00:00:00,dashboard_viewed
4839,2026-06-14 00:00:00,signup
4839,2026-06-14 17:00:00,onboarding_started
4840,2026-03-04 00:00:00,signup
4840,2026-03-04 22:00:00,onboarding_started
4840,2026-03-05 02:00:00,onboarding_completed
4841,2026-01-22 00:00:00,signup
4841,2026-01-22 16:00:00,onboarding_started
4841,2026-01-23 01:00:00,onboarding_completed
4841,2026-01-26 01:00:00,project_created
4841,2026-01-27 01:00:00,teammate_invited
4841,2026-03-02 00:00:00,dashboard_viewed
4842,2026-03-11 00:00:00,signup
4842,2026-03-11 20:00:00,onboarding_started
4842,2026-03-12 02:00:00,onboarding_completed
4842,2026-03-12 02:00:00,project_created
4842,2026-03-13 02:00:00,teammate_invited
4842,2026-03-13 02:00:00,report_created
4842,2026-04-14 00:00:00,dashboard_viewed
4843,2026-05-05 00:00:00,signup
4843,2026-05-05 14:00:00,onboarding_started
4843,2026-05-05 17:00:00,onboarding_completed
4844,2026-05-29 00:00:00,signup
4844,2026-05-29 20:00:00,onboarding_started
4845,2026-04-06 00:00:00,signup
4845,2026-04-06 05:00:00,onboarding_started
4845,2026-04-06 14:00:00,onboarding_completed
4846,2026-06-12 00:00:00,signup
4847,2026-03-20 00:00:00,signup
4847,2026-03-20 01:00:00,onboarding_started
4847,2026-03-20 05:00:00,onboarding_completed
4847,2026-03-23 05:00:00,project_created
4847,2026-03-24 05:00:00,integration_connected
4848,2026-01-05 00:00:00,signup
4848,2026-01-05 22:00:00,onboarding_started
4848,2026-01-06 03:00:00,onboarding_completed
4849,2026-03-01 00:00:00,signup
4849,2026-03-01 14:00:00,onboarding_started
4849,2026-03-01 21:00:00,onboarding_completed
4850,2026-04-30 00:00:00,signup
4850,2026-04-30 09:00:00,onboarding_started
4850,2026-04-30 20:00:00,onboarding_completed
4850,2026-04-30 20:00:00,project_created
4850,2026-06-02 00:00:00,dashboard_viewed
4851,2026-02-15 00:00:00,signup
4851,2026-02-15 10:00:00,onboarding_started
4851,2026-02-15 20:00:00,onboarding_completed
4851,2026-02-16 20:00:00,project_created
4852,2026-06-27 00:00:00,signup
4852,2026-06-27 18:00:00,onboarding_started
4852,2026-06-28 05:00:00,onboarding_completed
4852,2026-06-30 05:00:00,project_created
4852,2026-07-01 05:00:00,teammate_invited
4852,2026-07-01 05:00:00,report_created
4852,2026-07-31 00:00:00,dashboard_viewed
4853,2026-06-25 00:00:00,signup
4853,2026-06-25 17:00:00,onboarding_started
4854,2026-05-14 00:00:00,signup
4854,2026-05-14 17:00:00,onboarding_started
4855,2026-02-25 00:00:00,signup
4856,2026-04-20 00:00:00,signup
4856,2026-04-20 21:00:00,onboarding_started
4856,2026-04-21 06:00:00,onboarding_completed
4856,2026-04-21 06:00:00,project_created
4856,2026-04-22 06:00:00,teammate_invited
4856,2026-04-24 06:00:00,report_created
4857,2026-06-06 00:00:00,signup
4857,2026-06-06 08:00:00,onboarding_started
4857,2026-06-06 19:00:00,onboarding_completed
4857,2026-06-09 19:00:00,project_created
4857,2026-06-10 19:00:00,teammate_invited
4857,2026-07-06 00:00:00,dashboard_viewed
4858,2026-04-14 00:00:00,signup
4858,2026-04-14 14:00:00,onboarding_started
4858,2026-04-14 20:00:00,onboarding_completed
4858,2026-04-14 20:00:00,project_created
4858,2026-04-15 20:00:00,integration_connected
4859,2026-03-18 00:00:00,signup
4859,2026-03-18 03:00:00,onboarding_started
4859,2026-03-18 10:00:00,onboarding_completed
4859,2026-03-20 10:00:00,project_created
4859,2026-03-20 10:00:00,teammate_invited
4859,2026-03-23 10:00:00,report_created
4859,2026-04-21 00:00:00,dashboard_viewed
4860,2026-05-26 00:00:00,signup
4860,2026-05-26 19:00:00,onboarding_started
4860,2026-05-26 21:00:00,onboarding_completed
4860,2026-05-29 21:00:00,project_created
4860,2026-05-30 21:00:00,teammate_invited
4860,2026-06-04 21:00:00,report_created
4861,2026-01-02 00:00:00,signup
4861,2026-01-02 13:00:00,onboarding_started
4861,2026-01-02 20:00:00,onboarding_completed
4862,2026-01-08 00:00:00,signup
4862,2026-01-08 05:00:00,onboarding_started
4862,2026-01-08 13:00:00,onboarding_completed
4862,2026-01-09 13:00:00,project_created
4862,2026-01-11 13:00:00,report_created
4862,2026-02-12 00:00:00,dashboard_viewed
4863,2026-03-16 00:00:00,signup
4863,2026-03-16 02:00:00,onboarding_started
4863,2026-03-16 09:00:00,onboarding_completed
4863,2026-03-16 09:00:00,project_created
4863,2026-03-17 09:00:00,report_created
4863,2026-03-18 09:00:00,integration_connected
4863,2026-04-18 00:00:00,dashboard_viewed
4864,2026-05-05 00:00:00,signup
4864,2026-05-05 03:00:00,onboarding_started
4864,2026-05-05 08:00:00,onboarding_completed
4864,2026-05-05 08:00:00,project_created
4864,2026-05-05 08:00:00,teammate_invited
4864,2026-05-06 08:00:00,report_created
4864,2026-05-07 08:00:00,integration_connected
4865,2026-02-07 00:00:00,signup
4865,2026-02-07 17:00:00,onboarding_started
4866,2026-06-25 00:00:00,signup
4866,2026-06-25 23:00:00,onboarding_started
4866,2026-06-26 05:00:00,onboarding_completed
4866,2026-06-27 05:00:00,project_created
4866,2026-06-29 05:00:00,teammate_invited
4866,2026-07-25 00:00:00,dashboard_viewed
4867,2026-01-27 00:00:00,signup
4867,2026-01-27 12:00:00,onboarding_started
4867,2026-01-27 18:00:00,onboarding_completed
4867,2026-01-27 18:00:00,project_created
4867,2026-01-28 18:00:00,report_created
4868,2026-01-20 00:00:00,signup
4869,2026-05-20 00:00:00,signup
4869,2026-05-20 10:00:00,onboarding_started
4869,2026-05-20 17:00:00,onboarding_completed
4869,2026-05-23 17:00:00,project_created
4869,2026-05-23 17:00:00,teammate_invited
4869,2026-05-23 17:00:00,integration_connected
4869,2026-05-29 17:00:00,report_created
4870,2026-02-12 00:00:00,signup
4870,2026-02-12 23:00:00,onboarding_started
4870,2026-02-13 05:00:00,onboarding_completed
4870,2026-02-14 05:00:00,project_created
4870,2026-02-15 05:00:00,teammate_invited
4871,2026-01-31 00:00:00,signup
4871,2026-01-31 15:00:00,onboarding_started
4871,2026-01-31 21:00:00,onboarding_completed
4871,2026-02-02 21:00:00,project_created
4872,2026-04-01 00:00:00,signup
4872,2026-04-01 18:00:00,onboarding_started
4872,2026-04-02 03:00:00,onboarding_completed
4872,2026-04-03 03:00:00,project_created
4872,2026-04-04 03:00:00,integration_connected
4872,2026-05-05 00:00:00,dashboard_viewed
4873,2026-03-02 00:00:00,signup
4873,2026-03-02 08:00:00,onboarding_started
4873,2026-03-02 15:00:00,onboarding_completed
4873,2026-03-03 15:00:00,project_created
4873,2026-03-04 15:00:00,teammate_invited
4873,2026-04-10 00:00:00,dashboard_viewed
4874,2026-04-19 00:00:00,signup
4875,2026-04-01 00:00:00,signup
4875,2026-04-01 01:00:00,onboarding_started
4875,2026-04-01 03:00:00,onboarding_completed
4875,2026-04-02 03:00:00,project_created
4875,2026-04-06 03:00:00,report_created
4875,2026-05-07 00:00:00,dashboard_viewed
4876,2026-06-12 00:00:00,signup
4876,2026-06-12 09:00:00,onboarding_started
4876,2026-06-12 20:00:00,onboarding_completed
4876,2026-06-14 20:00:00,project_created
4876,2026-06-14 20:00:00,integration_connected
4876,2026-06-15 20:00:00,teammate_invited
4876,2026-06-19 20:00:00,report_created
4876,2026-07-18 00:00:00,dashboard_viewed
4877,2026-04-05 00:00:00,signup
4877,2026-04-05 15:00:00,onboarding_started
4877,2026-04-05 18:00:00,onboarding_completed
4877,2026-04-08 18:00:00,project_created
4877,2026-04-10 18:00:00,report_created
4878,2026-05-23 00:00:00,signup
4878,2026-05-23 09:00:00,onboarding_started
4878,2026-05-23 11:00:00,onboarding_completed
4878,2026-05-26 11:00:00,project_created
4878,2026-05-27 11:00:00,report_created
4878,2026-05-28 11:00:00,teammate_invited
4878,2026-06-29 00:00:00,dashboard_viewed
4879,2026-05-24 00:00:00,signup
4879,2026-05-24 09:00:00,onboarding_started
4879,2026-05-24 19:00:00,onboarding_completed
4879,2026-05-25 19:00:00,project_created
4879,2026-05-26 19:00:00,integration_connected
4879,2026-05-27 19:00:00,teammate_invited
4879,2026-05-29 19:00:00,report_created
4880,2026-01-13 00:00:00,signup
4880,2026-01-13 03:00:00,onboarding_started
4881,2026-04-23 00:00:00,signup
4882,2026-02-04 00:00:00,signup
4882,2026-02-04 12:00:00,onboarding_started
4883,2026-05-29 00:00:00,signup
4883,2026-05-29 19:00:00,onboarding_started
4884,2026-06-07 00:00:00,signup
4884,2026-06-07 17:00:00,onboarding_started
4884,2026-06-08 01:00:00,onboarding_completed
4884,2026-06-10 01:00:00,project_created
4884,2026-06-11 01:00:00,teammate_invited
4884,2026-07-10 00:00:00,dashboard_viewed
4885,2026-02-17 00:00:00,signup
4886,2026-02-04 00:00:00,signup
4887,2026-03-27 00:00:00,signup
4887,2026-03-27 23:00:00,onboarding_started
4887,2026-03-28 10:00:00,onboarding_completed
4887,2026-03-30 10:00:00,project_created
4887,2026-03-31 10:00:00,integration_connected
4887,2026-04-02 10:00:00,report_created
4888,2026-06-15 00:00:00,signup
4888,2026-06-15 06:00:00,onboarding_started
4889,2026-06-08 00:00:00,signup
4889,2026-06-08 17:00:00,onboarding_started
4889,2026-06-08 22:00:00,onboarding_completed
4889,2026-06-11 22:00:00,project_created
4889,2026-06-13 22:00:00,teammate_invited
4889,2026-06-13 22:00:00,report_created
4890,2026-06-01 00:00:00,signup
4890,2026-06-01 10:00:00,onboarding_started
4890,2026-06-01 12:00:00,onboarding_completed
4890,2026-06-04 12:00:00,project_created
4890,2026-06-09 12:00:00,report_created
4891,2026-04-24 00:00:00,signup
4891,2026-04-24 16:00:00,onboarding_started
4891,2026-04-24 18:00:00,onboarding_completed
4891,2026-04-26 18:00:00,project_created
4891,2026-04-27 18:00:00,teammate_invited
4892,2026-06-26 00:00:00,signup
4893,2026-04-10 00:00:00,signup
4893,2026-04-10 03:00:00,onboarding_started
4893,2026-04-10 11:00:00,onboarding_completed
4893,2026-04-12 11:00:00,project_created
4893,2026-05-17 00:00:00,dashboard_viewed
4894,2026-06-09 00:00:00,signup
4894,2026-06-09 05:00:00,onboarding_started
4894,2026-06-09 07:00:00,onboarding_completed
4895,2026-04-09 00:00:00,signup
4895,2026-04-09 20:00:00,onboarding_started
4896,2026-01-03 00:00:00,signup
4896,2026-01-03 17:00:00,onboarding_started
4896,2026-01-03 23:00:00,onboarding_completed
4896,2026-01-03 23:00:00,project_created
4896,2026-02-06 00:00:00,dashboard_viewed
4897,2026-03-26 00:00:00,signup
4897,2026-03-26 20:00:00,onboarding_started
4897,2026-03-26 21:00:00,onboarding_completed
4898,2026-05-05 00:00:00,signup
4898,2026-05-05 06:00:00,onboarding_started
4898,2026-05-05 11:00:00,onboarding_completed
4899,2026-05-18 00:00:00,signup
4899,2026-05-18 08:00:00,onboarding_started
4899,2026-05-18 13:00:00,onboarding_completed
4899,2026-05-18 13:00:00,project_created
4899,2026-05-19 13:00:00,report_created
4899,2026-06-18 00:00:00,dashboard_viewed
4900,2026-03-24 00:00:00,signup
4900,2026-03-24 18:00:00,onboarding_started
4901,2026-01-25 00:00:00,signup
4901,2026-01-25 14:00:00,onboarding_started
4901,2026-01-25 19:00:00,onboarding_completed
4901,2026-01-26 19:00:00,project_created
4902,2026-03-09 00:00:00,signup
4902,2026-03-09 23:00:00,onboarding_started
4902,2026-03-10 00:00:00,onboarding_completed
4902,2026-03-13 00:00:00,project_created
4902,2026-03-14 00:00:00,teammate_invited
4902,2026-03-16 00:00:00,report_created
4902,2026-04-17 00:00:00,dashboard_viewed
4903,2026-03-02 00:00:00,signup
4903,2026-03-02 09:00:00,onboarding_started
4903,2026-03-02 15:00:00,onboarding_completed
4903,2026-03-03 15:00:00,project_created
4904,2026-01-29 00:00:00,signup
4904,2026-01-29 12:00:00,onboarding_started
4904,2026-01-29 16:00:00,onboarding_completed
4904,2026-01-29 16:00:00,project_created
4904,2026-01-31 16:00:00,teammate_invited
4904,2026-02-01 16:00:00,integration_connected
4905,2026-05-07 00:00:00,signup
4905,2026-05-07 22:00:00,onboarding_started
4906,2026-01-19 00:00:00,signup
4906,2026-01-19 06:00:00,onboarding_started
4906,2026-01-19 15:00:00,onboarding_completed
4906,2026-01-21 15:00:00,project_created
4906,2026-01-21 15:00:00,integration_connected
4906,2026-01-22 15:00:00,teammate_invited
4907,2026-06-20 00:00:00,signup
4907,2026-06-20 03:00:00,onboarding_started
4907,2026-06-20 12:00:00,onboarding_completed
4908,2026-03-15 00:00:00,signup
4908,2026-03-15 20:00:00,onboarding_started
4909,2026-03-02 00:00:00,signup
4909,2026-03-02 18:00:00,onboarding_started
4910,2026-06-20 00:00:00,signup
4910,2026-06-20 11:00:00,onboarding_started
4910,2026-06-20 14:00:00,onboarding_completed
4910,2026-06-20 14:00:00,project_created
4910,2026-07-26 00:00:00,dashboard_viewed
4911,2026-06-02 00:00:00,signup
4911,2026-06-02 18:00:00,onboarding_started
4912,2026-01-20 00:00:00,signup
4912,2026-01-20 07:00:00,onboarding_started
4912,2026-01-20 14:00:00,onboarding_completed
4913,2026-02-17 00:00:00,signup
4913,2026-02-17 14:00:00,onboarding_started
4913,2026-02-17 21:00:00,onboarding_completed
4913,2026-02-19 21:00:00,project_created
4913,2026-02-19 21:00:00,teammate_invited
4913,2026-02-21 21:00:00,report_created
4913,2026-03-26 00:00:00,dashboard_viewed
4914,2026-03-28 00:00:00,signup
4914,2026-03-28 19:00:00,onboarding_started
4914,2026-03-29 04:00:00,onboarding_completed
4914,2026-03-29 04:00:00,project_created
4914,2026-04-04 04:00:00,report_created
4915,2026-06-01 00:00:00,signup
4916,2026-05-19 00:00:00,signup
4916,2026-05-19 18:00:00,onboarding_started
4917,2026-04-20 00:00:00,signup
4917,2026-04-20 03:00:00,onboarding_started
4917,2026-04-20 05:00:00,onboarding_completed
4917,2026-04-21 05:00:00,project_created
4917,2026-04-21 05:00:00,teammate_invited
4917,2026-05-20 00:00:00,dashboard_viewed
4918,2026-01-28 00:00:00,signup
4918,2026-01-28 06:00:00,onboarding_started
4918,2026-01-28 12:00:00,onboarding_completed
4918,2026-01-30 12:00:00,project_created
4919,2026-02-28 00:00:00,signup
4919,2026-02-28 13:00:00,onboarding_started
4919,2026-03-01 00:00:00,onboarding_completed
4920,2026-05-13 00:00:00,signup
4921,2026-02-20 00:00:00,signup
4921,2026-02-20 15:00:00,onboarding_started
4921,2026-02-21 01:00:00,onboarding_completed
4922,2026-05-29 00:00:00,signup
4922,2026-05-29 07:00:00,onboarding_started
4922,2026-05-29 14:00:00,onboarding_completed
4923,2026-01-12 00:00:00,signup
4923,2026-01-12 16:00:00,onboarding_started
4923,2026-01-12 18:00:00,onboarding_completed
4924,2026-02-19 00:00:00,signup
4925,2026-05-12 00:00:00,signup
4925,2026-05-12 15:00:00,onboarding_started
4926,2026-04-23 00:00:00,signup
4926,2026-04-23 06:00:00,onboarding_started
4927,2026-06-19 00:00:00,signup
4928,2026-06-15 00:00:00,signup
4928,2026-06-15 07:00:00,onboarding_started
4928,2026-06-15 18:00:00,onboarding_completed
4928,2026-06-16 18:00:00,project_created
4928,2026-06-16 18:00:00,integration_connected
4928,2026-06-17 18:00:00,teammate_invited
4928,2026-06-21 18:00:00,report_created
4928,2026-07-20 00:00:00,dashboard_viewed
4929,2026-06-02 00:00:00,signup
4930,2026-01-14 00:00:00,signup
4930,2026-01-14 03:00:00,onboarding_started
4930,2026-01-14 14:00:00,onboarding_completed
4930,2026-01-15 14:00:00,project_created
4930,2026-01-15 14:00:00,teammate_invited
4930,2026-01-16 14:00:00,integration_connected
4930,2026-02-16 00:00:00,dashboard_viewed
4931,2026-02-01 00:00:00,signup
4931,2026-02-01 15:00:00,onboarding_started
4931,2026-02-01 19:00:00,onboarding_completed
4932,2026-05-19 00:00:00,signup
4932,2026-05-19 17:00:00,onboarding_started
4932,2026-05-19 22:00:00,onboarding_completed
4932,2026-05-21 22:00:00,project_created
4932,2026-05-21 22:00:00,integration_connected
4932,2026-06-25 00:00:00,dashboard_viewed
4933,2026-05-26 00:00:00,signup
4933,2026-05-26 20:00:00,onboarding_started
4933,2026-05-27 02:00:00,onboarding_completed
4934,2026-06-04 00:00:00,signup
4934,2026-06-04 13:00:00,onboarding_started
4934,2026-06-04 21:00:00,onboarding_completed
4935,2026-02-24 00:00:00,signup
4935,2026-02-24 06:00:00,onboarding_started
4935,2026-02-24 10:00:00,onboarding_completed
4936,2026-04-30 00:00:00,signup
4936,2026-04-30 06:00:00,onboarding_started
4936,2026-04-30 17:00:00,onboarding_completed
4936,2026-05-02 17:00:00,project_created
4937,2026-03-16 00:00:00,signup
4937,2026-03-16 08:00:00,onboarding_started
4937,2026-03-16 11:00:00,onboarding_completed
4937,2026-03-16 11:00:00,project_created
4937,2026-03-17 11:00:00,teammate_invited
4937,2026-03-20 11:00:00,report_created
4937,2026-04-20 00:00:00,dashboard_viewed
4938,2026-01-21 00:00:00,signup
4938,2026-01-21 12:00:00,onboarding_started
4938,2026-01-21 18:00:00,onboarding_completed
4938,2026-01-22 18:00:00,project_created
4938,2026-01-26 18:00:00,integration_connected
4938,2026-01-27 18:00:00,report_created
4938,2026-02-24 00:00:00,dashboard_viewed
4939,2026-06-21 00:00:00,signup
4939,2026-06-21 16:00:00,onboarding_started
4940,2026-05-13 00:00:00,signup
4940,2026-05-13 13:00:00,onboarding_started
4940,2026-05-13 21:00:00,onboarding_completed
4940,2026-05-13 21:00:00,project_created
4940,2026-05-14 21:00:00,report_created
4941,2026-03-28 00:00:00,signup
4941,2026-03-28 10:00:00,onboarding_started
4941,2026-03-28 20:00:00,onboarding_completed
4942,2026-06-18 00:00:00,signup
4942,2026-06-18 23:00:00,onboarding_started
4943,2026-02-28 00:00:00,signup
4943,2026-02-28 20:00:00,onboarding_started
4943,2026-03-01 02:00:00,onboarding_completed
4943,2026-03-03 02:00:00,project_created
4943,2026-03-03 02:00:00,teammate_invited
4943,2026-03-09 02:00:00,report_created
4944,2026-03-30 00:00:00,signup
4944,2026-03-30 18:00:00,onboarding_started
4944,2026-03-31 05:00:00,onboarding_completed
4945,2026-05-30 00:00:00,signup
4945,2026-05-30 15:00:00,onboarding_started
4945,2026-05-30 23:00:00,onboarding_completed
4945,2026-05-30 23:00:00,project_created
4945,2026-06-03 23:00:00,report_created
4945,2026-07-08 00:00:00,dashboard_viewed
4946,2026-03-24 00:00:00,signup
4947,2026-03-06 00:00:00,signup
4947,2026-03-06 02:00:00,onboarding_started
4947,2026-03-06 05:00:00,onboarding_completed
4947,2026-03-08 05:00:00,project_created
4947,2026-04-05 00:00:00,dashboard_viewed
4948,2026-03-05 00:00:00,signup
4948,2026-03-05 21:00:00,onboarding_started
4948,2026-03-06 08:00:00,onboarding_completed
4949,2026-03-12 00:00:00,signup
4949,2026-03-12 05:00:00,onboarding_started
4949,2026-03-12 08:00:00,onboarding_completed
4949,2026-03-15 08:00:00,project_created
4950,2026-01-04 00:00:00,signup
4950,2026-01-04 08:00:00,onboarding_started
4950,2026-01-04 09:00:00,onboarding_completed
4950,2026-01-04 09:00:00,project_created
4950,2026-01-06 09:00:00,report_created
4951,2026-05-23 00:00:00,signup
4952,2026-04-14 00:00:00,signup
4952,2026-04-14 18:00:00,onboarding_started
4952,2026-04-14 20:00:00,onboarding_completed
4952,2026-04-15 20:00:00,project_created
4952,2026-04-17 20:00:00,report_created
4952,2026-04-19 20:00:00,integration_connected
4953,2026-05-30 00:00:00,signup
4953,2026-05-30 23:00:00,onboarding_started
4953,2026-05-31 04:00:00,onboarding_completed
4954,2026-06-24 00:00:00,signup
4954,2026-06-24 14:00:00,onboarding_started
4954,2026-06-24 15:00:00,onboarding_completed
4954,2026-06-26 15:00:00,project_created
4954,2026-06-26 15:00:00,integration_connected
4954,2026-06-27 15:00:00,teammate_invited
4954,2026-07-24 00:00:00,dashboard_viewed
4955,2026-04-03 00:00:00,signup
4956,2026-06-23 00:00:00,signup
4957,2026-05-22 00:00:00,signup
4957,2026-05-22 02:00:00,onboarding_started
4957,2026-05-22 08:00:00,onboarding_completed
4957,2026-05-22 08:00:00,project_created
4957,2026-05-22 08:00:00,teammate_invited
4957,2026-06-27 00:00:00,dashboard_viewed
4958,2026-06-27 00:00:00,signup
4958,2026-06-27 05:00:00,onboarding_started
4958,2026-06-27 08:00:00,onboarding_completed
4958,2026-06-30 08:00:00,project_created
4959,2026-05-28 00:00:00,signup
4959,2026-05-28 14:00:00,onboarding_started
4959,2026-05-28 22:00:00,onboarding_completed
4959,2026-05-30 22:00:00,project_created
4959,2026-07-01 00:00:00,dashboard_viewed
4960,2026-06-27 00:00:00,signup
4960,2026-06-27 18:00:00,onboarding_started
4960,2026-06-27 22:00:00,onboarding_completed
4960,2026-06-29 22:00:00,project_created
4960,2026-07-01 22:00:00,teammate_invited
4961,2026-04-22 00:00:00,signup
4961,2026-04-22 04:00:00,onboarding_started
4961,2026-04-22 12:00:00,onboarding_completed
4961,2026-04-22 12:00:00,project_created
4962,2026-06-10 00:00:00,signup
4962,2026-06-10 14:00:00,onboarding_started
4963,2026-04-29 00:00:00,signup
4963,2026-04-29 07:00:00,onboarding_started
4963,2026-04-29 14:00:00,onboarding_completed
4963,2026-04-30 14:00:00,project_created
4963,2026-04-30 14:00:00,integration_connected
4963,2026-05-01 14:00:00,teammate_invited
4963,2026-06-08 00:00:00,dashboard_viewed
4964,2026-02-28 00:00:00,signup
4965,2026-02-12 00:00:00,signup
4966,2026-01-12 00:00:00,signup
4966,2026-01-12 20:00:00,onboarding_started
4966,2026-01-13 01:00:00,onboarding_completed
4966,2026-01-13 01:00:00,project_created
4967,2026-02-09 00:00:00,signup
4968,2026-04-28 00:00:00,signup
4968,2026-04-28 17:00:00,onboarding_started
4969,2026-01-20 00:00:00,signup
4969,2026-01-20 22:00:00,onboarding_started
4969,2026-01-21 03:00:00,onboarding_completed
4969,2026-01-23 03:00:00,project_created
4969,2026-01-25 03:00:00,teammate_invited
4969,2026-03-01 00:00:00,dashboard_viewed
4970,2026-06-15 00:00:00,signup
4970,2026-06-15 19:00:00,onboarding_started
4970,2026-06-16 00:00:00,onboarding_completed
4970,2026-06-17 00:00:00,project_created
4970,2026-06-17 00:00:00,integration_connected
4970,2026-06-20 00:00:00,report_created
4971,2026-05-11 00:00:00,signup
4971,2026-05-11 19:00:00,onboarding_started
4971,2026-05-12 03:00:00,onboarding_completed
4971,2026-05-13 03:00:00,project_created
4971,2026-05-14 03:00:00,teammate_invited
4971,2026-06-19 00:00:00,dashboard_viewed
4972,2026-06-05 00:00:00,signup
4973,2026-03-31 00:00:00,signup
4973,2026-03-31 02:00:00,onboarding_started
4973,2026-03-31 12:00:00,onboarding_completed
4973,2026-04-02 12:00:00,project_created
4974,2026-04-04 00:00:00,signup
4974,2026-04-04 15:00:00,onboarding_started
4974,2026-04-05 02:00:00,onboarding_completed
4975,2026-01-13 00:00:00,signup
4975,2026-01-13 13:00:00,onboarding_started
4975,2026-01-13 15:00:00,onboarding_completed
4975,2026-01-15 15:00:00,project_created
4975,2026-01-17 15:00:00,teammate_invited
4975,2026-02-14 00:00:00,dashboard_viewed
4976,2026-03-07 00:00:00,signup
4976,2026-03-07 14:00:00,onboarding_started
4976,2026-03-07 17:00:00,onboarding_completed
4976,2026-03-07 17:00:00,project_created
4976,2026-03-09 17:00:00,integration_connected
4976,2026-03-11 17:00:00,report_created
4977,2026-02-06 00:00:00,signup
4978,2026-06-26 00:00:00,signup
4978,2026-06-26 04:00:00,onboarding_started
4979,2026-03-07 00:00:00,signup
4980,2026-02-05 00:00:00,signup
4980,2026-02-05 02:00:00,onboarding_started
4981,2026-01-26 00:00:00,signup
4981,2026-01-26 11:00:00,onboarding_started
4981,2026-01-26 22:00:00,onboarding_completed
4981,2026-01-26 22:00:00,project_created
4981,2026-01-28 22:00:00,report_created
4981,2026-03-06 00:00:00,dashboard_viewed
4982,2026-03-16 00:00:00,signup
4982,2026-03-16 14:00:00,onboarding_started
4983,2026-04-18 00:00:00,signup
4983,2026-04-18 01:00:00,onboarding_started
4983,2026-04-18 03:00:00,onboarding_completed
4983,2026-04-19 03:00:00,project_created
4983,2026-04-20 03:00:00,teammate_invited
4983,2026-05-26 00:00:00,dashboard_viewed
4984,2026-06-17 00:00:00,signup
4984,2026-06-17 07:00:00,onboarding_started
4985,2026-02-12 00:00:00,signup
4985,2026-02-12 17:00:00,onboarding_started
4985,2026-02-13 02:00:00,onboarding_completed
4986,2026-05-30 00:00:00,signup
4986,2026-05-30 20:00:00,onboarding_started
4986,2026-05-31 06:00:00,onboarding_completed
4986,2026-06-01 06:00:00,project_created
4987,2026-05-28 00:00:00,signup
4987,2026-05-28 18:00:00,onboarding_started
4988,2026-01-08 00:00:00,signup
4989,2026-01-29 00:00:00,signup
4989,2026-01-29 12:00:00,onboarding_started
4989,2026-01-29 14:00:00,onboarding_completed
4989,2026-01-31 14:00:00,project_created
4989,2026-02-02 14:00:00,teammate_invited
4989,2026-02-05 14:00:00,report_created
4989,2026-03-10 00:00:00,dashboard_viewed
4990,2026-02-09 00:00:00,signup
4990,2026-02-09 07:00:00,onboarding_started
4991,2026-06-07 00:00:00,signup
4991,2026-06-07 15:00:00,onboarding_started
4992,2026-05-08 00:00:00,signup
4992,2026-05-08 05:00:00,onboarding_started
4992,2026-05-08 16:00:00,onboarding_completed
4992,2026-05-11 16:00:00,project_created
4992,2026-05-12 16:00:00,teammate_invited
4992,2026-05-12 16:00:00,integration_connected
4992,2026-06-14 00:00:00,dashboard_viewed
4993,2026-03-25 00:00:00,signup
4993,2026-03-25 09:00:00,onboarding_started
4993,2026-03-25 12:00:00,onboarding_completed
4993,2026-03-26 12:00:00,project_created
4993,2026-03-31 12:00:00,report_created
4994,2026-04-26 00:00:00,signup
4995,2026-05-24 00:00:00,signup
4996,2026-06-23 00:00:00,signup
4996,2026-06-23 21:00:00,onboarding_started
4996,2026-06-24 08:00:00,onboarding_completed
4996,2026-06-25 08:00:00,project_created
4996,2026-06-29 08:00:00,report_created
4996,2026-07-23 00:00:00,dashboard_viewed
4997,2026-03-03 00:00:00,signup
4997,2026-03-03 20:00:00,onboarding_started
4997,2026-03-04 02:00:00,onboarding_completed
4997,2026-03-06 02:00:00,project_created
4997,2026-03-09 02:00:00,report_created
4998,2026-01-07 00:00:00,signup
4998,2026-01-07 19:00:00,onboarding_started
4998,2026-01-08 01:00:00,onboarding_completed
4999,2026-02-14 00:00:00,signup
4999,2026-02-14 15:00:00,onboarding_started
4999,2026-02-14 20:00:00,onboarding_completed
5000,2026-06-25 00:00:00,signup
5000,2026-06-25 17:00:00,onboarding_started
5000,2026-06-25 22:00:00,onboarding_completed
5000,2026-06-28 22:00:00,project_created
5000,2026-07-03 22:00:00,report_created
