user_id,signup_date,country,platform,acquisition_channel
1,2026-04-13,UAE,Web,Direct
2,2026-06-29,USA,Android,LinkedIn
3,2026-04-03,Germany,iOS,Organic
4,2026-01-15,India,iOS,Referral
5,2026-04-17,India,Android,Organic
6,2026-03-13,India,iOS,Referral
7,2026-01-21,USA,iOS,Referral
8,2026-04-13,UK,Android,LinkedIn
9,2026-05-02,UK,Web,Direct
10,2026-03-16,Germany,Web,LinkedIn
11,2026-03-29,USA,Android,Paid Search
12,2026-04-27,India,Android,Organic
13,2026-04-10,India,Android,Direct
14,2026-04-14,UAE,Web,Organic
15,2026-06-01,UAE,Android,Organic
16,2026-05-11,USA,Web,Organic
17,2026-05-30,Germany,Web,Referral
18,2026-02-22,India,Web,Organic
19,2026-01-02,UK,Web,Direct
20,2026-03-29,USA,Web,Direct
21,2026-06-07,UAE,Web,Direct
22,2026-02-07,India,Web,Organic
23,2026-05-10,UAE,Web,Direct
24,2026-01-21,India,Android,Direct
25,2026-06-10,Germany,iOS,Direct
26,2026-02-27,India,Web,LinkedIn
27,2026-01-22,UAE,Web,LinkedIn
28,2026-03-30,UK,iOS,Organic
29,2026-02-18,Germany,Web,Direct
30,2026-02-28,India,Web,Organic
31,2026-06-19,India,iOS,Paid Search
32,2026-01-15,India,Android,Direct
33,2026-06-24,India,Web,Paid Search
34,2026-02-20,India,Web,Organic
35,2026-04-18,UK,Web,Direct
36,2026-02-24,India,iOS,Direct
37,2026-03-05,India,Web,Organic
38,2026-05-11,USA,Web,Direct
39,2026-02-20,UAE,Web,Paid Search
40,2026-05-15,UAE,Android,Paid Search
41,2026-01-21,India,iOS,Organic
42,2026-03-14,Germany,iOS,Organic
43,2026-06-16,India,Android,Organic
44,2026-01-18,Germany,Web,Organic
45,2026-05-12,USA,Android,Direct
46,2026-03-30,India,iOS,LinkedIn
47,2026-03-01,Germany,Web,Direct
48,2026-01-14,India,Android,LinkedIn
49,2026-01-09,India,Android,Organic
50,2026-03-31,USA,Android,Direct
51,2026-02-22,USA,Web,Direct
52,2026-05-10,UK,Android,Paid Search
53,2026-03-25,India,Android,Organic
54,2026-04-02,UAE,Web,LinkedIn
55,2026-04-21,USA,Web,LinkedIn
56,2026-06-21,India,Web,Direct
57,2026-01-08,India,Android,Organic
58,2026-06-24,India,iOS,Organic
59,2026-02-04,India,Web,Referral
60,2026-03-22,Germany,Web,Referral
61,2026-06-13,UAE,Web,Organic
62,2026-02-19,Germany,iOS,Paid Search
63,2026-04-14,UAE,Web,Referral
64,2026-05-12,USA,Android,LinkedIn
65,2026-01-02,India,iOS,Paid Search
66,2026-05-14,UAE,Android,Paid Search
67,2026-02-23,India,Web,Direct
68,2026-04-16,India,Web,Direct
69,2026-01-04,UK,Web,Organic
70,2026-02-23,Germany,Web,Organic
71,2026-05-26,USA,Web,Direct
72,2026-02-13,India,Android,Paid Search
73,2026-06-11,India,Web,LinkedIn
74,2026-01-14,India,Web,Referral
75,2026-04-05,UK,Web,Organic
76,2026-02-17,USA,Web,LinkedIn
77,2026-01-15,Germany,Android,LinkedIn
78,2026-02-09,India,Web,Referral
79,2026-03-23,UK,Web,Organic
80,2026-04-21,UAE,iOS,Direct
81,2026-02-22,USA,Web,Paid Search
82,2026-01-24,UK,Web,Referral
83,2026-06-03,USA,Web,Direct
84,2026-05-04,USA,Web,Paid Search
85,2026-02-10,India,Web,LinkedIn
86,2026-06-06,USA,Web,Direct
87,2026-01-15,India,Android,Paid Search
88,2026-02-14,USA,Web,Paid Search
89,2026-03-06,UAE,Android,Direct
90,2026-03-30,UK,Android,Organic
91,2026-03-12,Germany,Web,Organic
92,2026-01-09,Germany,Web,Direct
93,2026-03-29,USA,Web,Direct
94,2026-05-09,UK,iOS,Direct
95,2026-05-16,USA,iOS,Organic
96,2026-03-04,UK,iOS,Organic
97,2026-05-19,Germany,Web,Organic
98,2026-03-22,UAE,Android,LinkedIn
99,2026-05-16,Germany,Web,Referral
100,2026-06-12,Germany,Web,Paid Search
101,2026-06-12,USA,Web,Organic
102,2026-02-02,India,Web,Referral
103,2026-05-03,India,Web,Referral
104,2026-01-05,Germany,Android,Organic
105,2026-02-10,India,Android,Direct
106,2026-01-28,Germany,Android,Organic
107,2026-05-15,UAE,Web,LinkedIn
108,2026-03-13,UAE,iOS,Direct
109,2026-01-12,Germany,Web,Referral
110,2026-06-11,UK,Web,Organic
111,2026-02-02,UK,Web,Paid Search
112,2026-02-17,UK,Web,Direct
113,2026-05-31,UAE,Web,Organic
114,2026-03-03,USA,Web,LinkedIn
115,2026-02-06,India,iOS,Direct
116,2026-04-09,Germany,Android,Direct
117,2026-06-21,Germany,Web,Referral
118,2026-04-14,India,Android,Direct
119,2026-02-04,USA,Android,Direct
120,2026-04-11,UK,Web,Paid Search
121,2026-06-24,India,iOS,Organic
122,2026-05-11,Germany,Web,Organic
123,2026-01-01,India,Android,Organic
124,2026-01-05,India,iOS,Direct
125,2026-05-22,UK,Android,Referral
126,2026-04-13,UK,iOS,Direct
127,2026-01-27,UK,Android,LinkedIn
128,2026-05-17,USA,Android,LinkedIn
129,2026-01-15,UK,Web,Referral
130,2026-03-31,UK,Web,Organic
131,2026-02-11,India,Web,Direct
132,2026-05-04,UAE,Web,Paid Search
133,2026-06-28,India,Web,Referral
134,2026-03-04,India,Android,Organic
135,2026-04-06,UK,Web,Direct
136,2026-02-21,India,Android,Direct
137,2026-04-06,India,Android,Referral
138,2026-05-12,India,iOS,Referral
139,2026-05-31,Germany,Android,LinkedIn
140,2026-05-23,Germany,Web,Organic
141,2026-06-20,UK,Android,Organic
142,2026-01-29,Germany,Web,LinkedIn
143,2026-02-05,USA,Web,Organic
144,2026-01-13,UK,Web,Paid Search
145,2026-06-09,India,Web,Paid Search
146,2026-03-12,USA,iOS,Paid Search
147,2026-03-27,USA,Web,Organic
148,2026-01-28,UK,Web,Paid Search
149,2026-03-07,USA,Android,Paid Search
150,2026-06-19,UK,iOS,Paid Search
151,2026-02-14,USA,Web,LinkedIn
152,2026-03-03,Germany,iOS,Direct
153,2026-05-14,UAE,Android,Organic
154,2026-01-28,USA,Android,Direct
155,2026-01-28,UAE,Web,Organic
156,2026-04-18,USA,Web,Referral
157,2026-02-13,USA,Web,Referral
158,2026-03-25,India,Web,Referral
159,2026-01-30,UK,Android,LinkedIn
160,2026-03-16,India,Web,Paid Search
161,2026-05-08,USA,Android,Paid Search
162,2026-04-02,UAE,Web,Direct
163,2026-05-09,USA,Android,Organic
164,2026-05-01,India,Web,Organic
165,2026-01-27,UK,Android,Organic
166,2026-05-01,India,Android,Organic
167,2026-04-26,Germany,Android,Referral
168,2026-01-03,Germany,Web,Referral
169,2026-04-13,Germany,Web,Organic
170,2026-06-04,USA,iOS,Organic
171,2026-05-17,USA,Web,LinkedIn
172,2026-03-03,India,Web,LinkedIn
173,2026-06-14,India,Web,Direct
174,2026-02-20,UAE,Web,Direct
175,2026-06-21,USA,Web,Direct
176,2026-06-01,Germany,Web,LinkedIn
177,2026-02-28,India,Web,Referral
178,2026-04-28,Germany,Web,Organic
179,2026-06-09,USA,iOS,Referral
180,2026-04-06,UK,Web,Organic
181,2026-06-29,India,Web,Direct
182,2026-04-23,India,Android,Paid Search
183,2026-03-03,UK,Android,LinkedIn
184,2026-02-21,USA,Android,Organic
185,2026-01-12,India,Android,Referral
186,2026-02-08,UK,Web,Paid Search
187,2026-05-10,Germany,iOS,Organic
188,2026-05-11,USA,Web,Paid Search
189,2026-04-23,Germany,iOS,Organic
190,2026-04-11,UAE,Web,Paid Search
191,2026-04-23,India,iOS,Paid Search
192,2026-03-22,USA,Web,Direct
193,2026-04-23,UAE,Web,Paid Search
194,2026-01-02,India,Android,Paid Search
195,2026-05-10,India,Web,Direct
196,2026-02-23,UAE,Web,Referral
197,2026-03-28,India,Web,Paid Search
198,2026-05-09,India,Web,Paid Search
199,2026-05-27,India,Web,Direct
200,2026-05-06,India,Android,Paid Search
201,2026-05-10,UK,Web,Paid Search
202,2026-02-22,UK,Web,LinkedIn
203,2026-06-21,USA,Web,Organic
204,2026-06-09,India,iOS,Direct
205,2026-06-09,India,Android,Paid Search
206,2026-03-09,UK,iOS,Referral
207,2026-05-03,UK,iOS,LinkedIn
208,2026-05-25,UK,Android,Organic
209,2026-02-07,UAE,Android,Direct
210,2026-01-24,Germany,iOS,Direct
211,2026-03-10,India,Web,Paid Search
212,2026-04-26,UAE,iOS,Direct
213,2026-04-08,USA,Web,Organic
214,2026-05-19,UK,iOS,Direct
215,2026-05-24,India,Android,Paid Search
216,2026-04-07,UAE,iOS,Paid Search
217,2026-05-04,USA,Android,Organic
218,2026-03-11,India,Web,Paid Search
219,2026-04-03,India,Web,Organic
220,2026-01-03,India,Web,Direct
221,2026-05-28,USA,Android,Direct
222,2026-06-13,India,Android,Organic
223,2026-05-27,Germany,iOS,Organic
224,2026-03-31,UK,iOS,Direct
225,2026-05-27,Germany,iOS,Paid Search
226,2026-05-28,Germany,Android,Organic
227,2026-04-06,UAE,Android,Referral
228,2026-02-21,India,iOS,Paid Search
229,2026-06-10,India,iOS,Organic
230,2026-06-17,India,Web,LinkedIn
231,2026-05-08,USA,iOS,Referral
232,2026-02-08,India,Web,Organic
233,2026-03-23,India,Web,Direct
234,2026-04-14,UAE,Android,Referral
235,2026-05-09,Germany,Web,Organic
236,2026-01-11,India,Android,Organic
237,2026-06-27,India,Web,Organic
238,2026-05-31,India,Web,Paid Search
239,2026-06-08,Germany,Web,Organic
240,2026-02-11,UK,Web,Paid Search
241,2026-04-09,India,Web,Organic
242,2026-01-07,India,Web,LinkedIn
243,2026-05-24,India,Web,LinkedIn
244,2026-03-31,India,Web,Referral
245,2026-04-22,Germany,Web,LinkedIn
246,2026-03-01,USA,iOS,Direct
247,2026-04-23,UAE,Web,Referral
248,2026-01-02,Germany,iOS,Paid Search
249,2026-05-09,India,Android,Paid Search
250,2026-02-17,USA,Web,Direct
251,2026-05-20,Germany,Android,Organic
252,2026-02-06,UAE,iOS,Paid Search
253,2026-06-09,USA,iOS,Referral
254,2026-01-09,India,Web,LinkedIn
255,2026-04-09,India,Android,LinkedIn
256,2026-05-27,India,Android,Paid Search
257,2026-02-17,UAE,Web,Organic
258,2026-05-11,USA,Web,Direct
259,2026-05-28,Germany,Web,Organic
260,2026-06-01,UK,iOS,Organic
261,2026-02-23,Germany,Web,Paid Search
262,2026-04-30,USA,iOS,Direct
263,2026-06-10,India,Web,LinkedIn
264,2026-06-01,UAE,Android,Direct
265,2026-04-26,India,Web,Organic
266,2026-03-16,USA,Web,Paid Search
267,2026-04-23,Germany,iOS,Organic
268,2026-06-13,India,Web,Direct
269,2026-06-15,USA,Web,Paid Search
270,2026-04-14,UK,Web,Organic
271,2026-03-25,UK,Web,LinkedIn
272,2026-04-22,UAE,Android,Paid Search
273,2026-04-09,UAE,Android,Referral
274,2026-06-02,India,Web,Direct
275,2026-04-03,India,Web,Organic
276,2026-05-26,India,Web,Organic
277,2026-05-08,UK,iOS,Organic
278,2026-04-20,India,Web,Paid Search
279,2026-03-23,Germany,Web,Organic
280,2026-02-23,UK,Web,LinkedIn
281,2026-06-12,USA,Android,Organic
282,2026-06-18,UAE,Web,Direct
283,2026-06-10,UK,Android,Organic
284,2026-03-09,Germany,Web,Organic
285,2026-02-02,India,Web,Organic
286,2026-05-22,India,Web,LinkedIn
287,2026-01-21,USA,Web,Paid Search
288,2026-02-17,India,Web,Direct
289,2026-05-28,India,Web,LinkedIn
290,2026-05-08,UAE,Web,Direct
291,2026-05-16,India,Web,LinkedIn
292,2026-05-15,UK,Web,Organic
293,2026-05-25,India,Android,Direct
294,2026-05-08,Germany,Web,Direct
295,2026-02-02,USA,iOS,Direct
296,2026-06-25,USA,Web,Organic
297,2026-04-25,UK,Web,Referral
298,2026-04-29,Germany,Web,Organic
299,2026-01-22,India,Web,Organic
300,2026-06-07,Germany,Web,LinkedIn
301,2026-02-07,USA,Web,Direct
302,2026-04-19,USA,Android,Referral
303,2026-02-20,UK,Web,Direct
304,2026-01-08,India,Web,Organic
305,2026-01-27,UAE,Web,Organic
306,2026-01-27,USA,iOS,Referral
307,2026-01-21,India,Android,Paid Search
308,2026-01-30,USA,Web,Direct
309,2026-04-07,India,Web,Paid Search
310,2026-01-28,India,Web,Paid Search
311,2026-04-21,India,Web,Referral
312,2026-03-02,India,iOS,Organic
313,2026-02-17,UK,iOS,Direct
314,2026-05-27,India,Web,Paid Search
315,2026-01-04,Germany,Web,Paid Search
316,2026-02-04,UK,iOS,Direct
317,2026-02-18,India,Web,Paid Search
318,2026-01-17,USA,Web,Direct
319,2026-06-21,Germany,Android,Organic
320,2026-06-07,USA,Web,Organic
321,2026-02-15,India,Web,Direct
322,2026-04-27,Germany,Web,Direct
323,2026-01-06,USA,iOS,Paid Search
324,2026-04-09,India,Web,Referral
325,2026-05-04,India,Android,Direct
326,2026-02-06,UK,iOS,Organic
327,2026-01-24,India,Web,Organic
328,2026-04-03,USA,Web,Referral
329,2026-02-15,UAE,Web,Organic
330,2026-06-30,Germany,Web,Organic
331,2026-04-05,UK,Android,Direct
332,2026-04-09,India,iOS,Organic
333,2026-04-26,India,Web,Direct
334,2026-06-09,UK,iOS,Referral
335,2026-06-10,USA,Web,Referral
336,2026-03-08,USA,Android,LinkedIn
337,2026-05-08,India,iOS,Paid Search
338,2026-01-18,India,Web,Organic
339,2026-01-25,India,Web,Organic
340,2026-02-23,USA,Android,LinkedIn
341,2026-02-27,India,Android,Organic
342,2026-03-08,UAE,Web,Organic
343,2026-04-14,UK,Web,Direct
344,2026-06-23,Germany,iOS,Direct
345,2026-01-24,India,Web,Paid Search
346,2026-04-24,India,Web,Organic
347,2026-02-01,USA,Web,LinkedIn
348,2026-06-24,UK,Web,Direct
349,2026-03-27,India,Web,Organic
350,2026-05-31,Germany,Android,Organic
351,2026-05-07,USA,iOS,Direct
352,2026-06-04,India,Web,Direct
353,2026-05-10,India,Web,LinkedIn
354,2026-01-17,UK,Web,Organic
355,2026-04-14,USA,Web,Paid Search
356,2026-06-10,India,Android,Referral
357,2026-05-17,USA,Web,Organic
358,2026-02-12,UK,Android,Organic
359,2026-06-25,India,Web,Organic
360,2026-02-08,USA,iOS,Referral
361,2026-06-19,Germany,Web,Referral
362,2026-01-26,India,Web,Direct
363,2026-04-09,India,Web,LinkedIn
364,2026-02-19,UAE,Android,Direct
365,2026-06-02,Germany,Android,Direct
366,2026-06-01,Germany,Android,Organic
367,2026-01-13,UAE,iOS,Paid Search
368,2026-03-01,USA,Android,Referral
369,2026-05-15,UK,Web,Organic
370,2026-02-26,UK,Web,Direct
371,2026-02-05,India,iOS,Organic
372,2026-06-22,India,iOS,Paid Search
373,2026-01-20,India,iOS,Referral
374,2026-03-06,UK,Web,Referral
375,2026-01-08,India,Web,LinkedIn
376,2026-05-24,Germany,Android,Referral
377,2026-05-22,India,iOS,Organic
378,2026-04-25,India,Web,Organic
379,2026-05-23,UK,Android,Direct
380,2026-04-02,USA,Android,Organic
381,2026-04-08,India,Web,Organic
382,2026-03-07,India,Android,Paid Search
383,2026-02-01,Germany,Android,Organic
384,2026-03-27,India,Android,Referral
385,2026-02-20,India,Android,LinkedIn
386,2026-06-02,USA,Web,LinkedIn
387,2026-03-04,India,Web,LinkedIn
388,2026-05-05,UAE,Web,Organic
389,2026-05-30,UAE,Web,Paid Search
390,2026-02-27,India,Web,Organic
391,2026-02-27,India,Web,Organic
392,2026-03-27,India,Web,Paid Search
393,2026-02-18,India,Web,Organic
394,2026-06-29,India,Web,LinkedIn
395,2026-06-19,USA,Android,LinkedIn
396,2026-03-11,UAE,Web,Direct
397,2026-01-15,UAE,iOS,LinkedIn
398,2026-02-23,Germany,Web,Organic
399,2026-04-11,USA,Web,Paid Search
400,2026-01-08,India,Android,Organic
401,2026-02-22,Germany,Web,Paid Search
402,2026-03-01,India,Web,Organic
403,2026-04-18,India,Web,Organic
404,2026-01-05,USA,Web,Referral
405,2026-04-13,UK,Web,LinkedIn
406,2026-01-06,UAE,Web,LinkedIn
407,2026-04-19,India,Web,Paid Search
408,2026-04-26,UK,Android,Referral
409,2026-04-04,India,iOS,Referral
410,2026-02-16,Germany,Web,LinkedIn
411,2026-04-09,India,Web,Organic
412,2026-02-24,Germany,Web,LinkedIn
413,2026-06-17,UK,Web,Referral
414,2026-02-21,USA,Web,Organic
415,2026-05-24,USA,Android,Organic
416,2026-01-13,USA,Web,Organic
417,2026-04-24,India,Android,Referral
418,2026-05-04,India,Web,LinkedIn
419,2026-04-16,India,Android,Paid Search
420,2026-06-07,Germany,iOS,Paid Search
421,2026-05-27,USA,iOS,Direct
422,2026-05-25,UAE,Web,Organic
423,2026-04-30,India,Android,Organic
424,2026-03-04,UAE,Android,Paid Search
425,2026-01-19,UK,iOS,LinkedIn
426,2026-04-02,UAE,Web,Referral
427,2026-02-27,USA,iOS,Paid Search
428,2026-03-31,Germany,Web,Direct
429,2026-04-27,India,iOS,LinkedIn
430,2026-03-03,UAE,Android,Organic
431,2026-01-23,UAE,Web,LinkedIn
432,2026-05-07,India,Web,Organic
433,2026-05-17,India,Web,LinkedIn
434,2026-05-20,India,iOS,Organic
435,2026-05-09,Germany,Web,LinkedIn
436,2026-02-27,UAE,Web,Paid Search
437,2026-05-02,UAE,Web,Direct
438,2026-01-01,Germany,Android,Paid Search
439,2026-02-03,USA,Web,Referral
440,2026-04-06,India,iOS,Organic
441,2026-05-06,UK,Web,Direct
442,2026-04-28,UAE,Android,LinkedIn
443,2026-02-17,USA,Android,Organic
444,2026-03-30,USA,Web,Direct
445,2026-04-27,USA,Web,Paid Search
446,2026-05-09,India,Android,LinkedIn
447,2026-01-16,USA,Web,LinkedIn
448,2026-03-10,India,Web,Organic
449,2026-01-22,India,Android,Direct
450,2026-04-03,India,Android,Paid Search
451,2026-03-17,India,iOS,Organic
452,2026-06-03,India,Web,Direct
453,2026-05-24,USA,Web,LinkedIn
454,2026-06-28,Germany,Web,Organic
455,2026-03-27,India,Android,Organic
456,2026-01-29,India,Android,LinkedIn
457,2026-03-10,India,Android,Organic
458,2026-02-16,India,Web,Direct
459,2026-04-04,India,iOS,LinkedIn
460,2026-05-24,Germany,Web,Paid Search
461,2026-06-25,India,Web,Paid Search
462,2026-03-26,UAE,Android,Referral
463,2026-02-08,India,Web,Paid Search
464,2026-04-10,Germany,iOS,LinkedIn
465,2026-02-02,USA,iOS,Direct
466,2026-04-11,Germany,Android,Referral
467,2026-01-23,USA,Android,Paid Search
468,2026-01-10,India,Android,Organic
469,2026-03-10,India,Web,LinkedIn
470,2026-04-10,USA,Web,LinkedIn
471,2026-02-03,UAE,Web,LinkedIn
472,2026-06-29,UK,Web,Organic
473,2026-05-18,India,iOS,Direct
474,2026-05-27,India,iOS,Paid Search
475,2026-04-06,UK,Web,LinkedIn
476,2026-01-01,UK,Web,LinkedIn
477,2026-03-10,USA,Web,LinkedIn
478,2026-01-04,India,iOS,Paid Search
479,2026-01-16,UK,iOS,Referral
480,2026-01-24,India,iOS,Organic
481,2026-03-21,India,Web,LinkedIn
482,2026-01-02,UAE,Web,Organic
483,2026-05-08,India,Android,Paid Search
484,2026-06-09,India,Android,Organic
485,2026-03-25,India,Web,Direct
486,2026-06-01,India,iOS,Referral
487,2026-05-20,India,Web,LinkedIn
488,2026-06-27,India,iOS,LinkedIn
489,2026-06-12,India,Android,Direct
490,2026-05-04,India,iOS,Organic
491,2026-02-02,UK,Web,LinkedIn
492,2026-06-10,India,Web,Referral
493,2026-06-28,India,iOS,Organic
494,2026-06-20,India,iOS,Organic
495,2026-04-11,USA,iOS,Organic
496,2026-01-12,Germany,iOS,Organic
497,2026-03-08,USA,Web,Paid Search
498,2026-03-06,USA,Android,Organic
499,2026-06-10,UAE,Android,Referral
500,2026-06-17,USA,Web,Organic
501,2026-03-15,UK,iOS,Organic
502,2026-02-12,India,Web,Direct
503,2026-02-13,India,Web,Referral
504,2026-01-29,India,Web,Organic
505,2026-05-21,Germany,iOS,Referral
506,2026-01-12,UK,Android,Organic
507,2026-04-05,USA,iOS,Organic
508,2026-02-15,India,Web,Organic
509,2026-05-10,UAE,Web,Direct
510,2026-02-04,India,Web,LinkedIn
511,2026-03-22,India,Web,LinkedIn
512,2026-03-31,USA,Android,Direct
513,2026-01-08,UK,Android,Direct
514,2026-04-03,India,Web,LinkedIn
515,2026-06-03,USA,iOS,LinkedIn
516,2026-03-31,India,Android,Paid Search
517,2026-06-11,Germany,Web,Organic
518,2026-04-25,India,Android,Referral
519,2026-04-15,India,iOS,Referral
520,2026-05-15,India,iOS,Direct
521,2026-02-27,India,Web,Paid Search
522,2026-04-24,India,iOS,LinkedIn
523,2026-03-16,UK,Android,Referral
524,2026-06-06,Germany,Web,Organic
525,2026-04-30,USA,Web,Referral
526,2026-06-13,India,Web,Referral
527,2026-01-21,UK,Android,Paid Search
528,2026-06-13,India,Web,Referral
529,2026-05-18,India,Android,Organic
530,2026-04-11,USA,Web,Paid Search
531,2026-06-01,UK,Web,Referral
532,2026-06-26,India,Web,Paid Search
533,2026-04-09,India,Web,Paid Search
534,2026-02-05,Germany,Web,Organic
535,2026-04-06,India,iOS,Organic
536,2026-06-01,UAE,Web,Paid Search
537,2026-05-31,UK,Web,Paid Search
538,2026-02-06,India,Web,Referral
539,2026-01-12,India,iOS,Direct
540,2026-04-23,UAE,iOS,Organic
541,2026-01-13,USA,iOS,Organic
542,2026-01-23,UK,Android,Paid Search
543,2026-04-09,UK,Web,Paid Search
544,2026-04-15,Germany,Web,Referral
545,2026-01-30,USA,Web,Direct
546,2026-01-17,UAE,Web,Direct
547,2026-04-23,UAE,iOS,Organic
548,2026-03-03,UK,Web,Direct
549,2026-03-25,USA,Web,Organic
550,2026-04-22,UK,Web,Referral
551,2026-03-27,UK,Android,LinkedIn
552,2026-05-21,India,Android,LinkedIn
553,2026-01-19,UAE,Web,Organic
554,2026-06-26,India,Web,Paid Search
555,2026-04-10,India,Android,Referral
556,2026-05-20,India,Android,Organic
557,2026-05-27,UK,Web,Organic
558,2026-03-17,UK,Web,Referral
559,2026-01-09,India,Android,Paid Search
560,2026-01-28,UAE,iOS,LinkedIn
561,2026-05-08,UAE,Web,Organic
562,2026-02-21,India,iOS,Direct
563,2026-03-24,USA,Android,Organic
564,2026-04-21,USA,Android,Direct
565,2026-05-24,USA,iOS,Paid Search
566,2026-04-27,UK,iOS,Referral
567,2026-03-10,UK,Web,Direct
568,2026-04-09,India,Android,Organic
569,2026-05-20,India,Web,Organic
570,2026-01-25,India,Android,Paid Search
571,2026-06-29,Germany,Web,Organic
572,2026-05-03,India,Android,Referral
573,2026-02-22,India,Web,Organic
574,2026-05-31,Germany,Web,Direct
575,2026-05-24,Germany,Web,Referral
576,2026-02-26,USA,iOS,Organic
577,2026-02-08,India,Android,Direct
578,2026-04-19,India,iOS,Paid Search
579,2026-06-30,UAE,Web,Paid Search
580,2026-02-11,India,Web,Paid Search
581,2026-06-16,India,Android,Referral
582,2026-05-22,UAE,iOS,Paid Search
583,2026-05-02,Germany,iOS,Referral
584,2026-05-13,India,Android,Organic
585,2026-06-12,USA,iOS,Direct
586,2026-03-16,USA,Web,LinkedIn
587,2026-05-26,India,iOS,Organic
588,2026-03-17,USA,iOS,LinkedIn
589,2026-01-09,India,Android,Referral
590,2026-03-15,India,Android,Organic
591,2026-05-25,USA,Web,Organic
592,2026-01-07,India,Web,Organic
593,2026-06-23,Germany,Web,Direct
594,2026-05-21,India,Web,Referral
595,2026-06-17,UK,iOS,Paid Search
596,2026-06-19,UAE,Android,Organic
597,2026-05-17,India,Web,Paid Search
598,2026-06-27,India,Web,Referral
599,2026-01-27,UK,Android,LinkedIn
600,2026-05-02,USA,Android,Direct
601,2026-01-05,USA,Web,Paid Search
602,2026-01-29,UAE,Android,Paid Search
603,2026-06-14,USA,Web,Paid Search
604,2026-06-15,USA,Web,Direct
605,2026-03-24,USA,Web,Organic
606,2026-05-16,UAE,Web,Paid Search
607,2026-04-19,UK,Web,LinkedIn
608,2026-03-06,USA,Android,Organic
609,2026-03-27,UAE,Android,Organic
610,2026-05-25,USA,Web,Referral
611,2026-03-12,UK,Web,Organic
612,2026-02-14,India,Web,Paid Search
613,2026-05-12,India,iOS,Paid Search
614,2026-02-05,UAE,Android,Paid Search
615,2026-03-11,UK,Web,Organic
616,2026-06-08,USA,Web,Direct
617,2026-01-19,India,iOS,Organic
618,2026-04-18,USA,iOS,LinkedIn
619,2026-06-16,Germany,Web,Organic
620,2026-04-01,India,iOS,Paid Search
621,2026-03-31,Germany,iOS,Organic
622,2026-01-19,Germany,Web,Organic
623,2026-02-08,USA,Web,Organic
624,2026-05-06,USA,Web,Paid Search
625,2026-06-22,Germany,Android,Referral
626,2026-05-21,UK,Android,Organic
627,2026-05-06,India,Android,Direct
628,2026-02-27,USA,iOS,Organic
629,2026-05-28,UK,iOS,Paid Search
630,2026-03-02,UK,iOS,Organic
631,2026-05-07,India,Android,Paid Search
632,2026-04-15,USA,Web,LinkedIn
633,2026-06-16,India,Web,Referral
634,2026-01-01,Germany,iOS,Organic
635,2026-05-11,India,iOS,Organic
636,2026-04-02,India,Web,LinkedIn
637,2026-04-23,UAE,iOS,Organic
638,2026-06-02,India,Android,Paid Search
639,2026-02-25,USA,Web,Organic
640,2026-06-10,Germany,Android,Organic
641,2026-06-15,USA,Web,Organic
642,2026-04-27,India,Android,Direct
643,2026-05-14,India,Web,LinkedIn
644,2026-02-27,USA,iOS,Referral
645,2026-02-13,Germany,Web,Organic
646,2026-06-22,UAE,Web,Referral
647,2026-06-09,UAE,iOS,Referral
648,2026-06-22,India,Web,Referral
649,2026-03-02,Germany,Web,Organic
650,2026-02-16,UK,Web,Direct
651,2026-05-29,India,Android,Paid Search
652,2026-03-21,India,Android,Direct
653,2026-04-28,Germany,Web,Organic
654,2026-06-13,India,iOS,Organic
655,2026-05-27,India,Android,Organic
656,2026-01-20,UK,iOS,LinkedIn
657,2026-05-26,India,Web,Paid Search
658,2026-02-16,India,iOS,Direct
659,2026-02-18,USA,Web,Direct
660,2026-01-14,Germany,Web,LinkedIn
661,2026-05-23,USA,Web,LinkedIn
662,2026-06-08,Germany,iOS,LinkedIn
663,2026-01-01,UK,Web,LinkedIn
664,2026-04-27,USA,Android,Paid Search
665,2026-02-23,UAE,Web,LinkedIn
666,2026-04-28,USA,Web,Direct
667,2026-01-03,Germany,Web,Paid Search
668,2026-05-24,India,Web,Direct
669,2026-01-12,UAE,Web,Organic
670,2026-03-15,UAE,Web,Paid Search
671,2026-01-16,India,Web,Organic
672,2026-04-12,India,Web,Organic
673,2026-06-01,USA,Web,Direct
674,2026-06-05,Germany,Web,Direct
675,2026-04-27,UAE,Android,LinkedIn
676,2026-01-08,India,iOS,Direct
677,2026-05-02,India,iOS,Organic
678,2026-04-02,Germany,Web,Organic
679,2026-06-13,UAE,iOS,Referral
680,2026-03-31,India,Android,Direct
681,2026-05-16,UAE,Web,Organic
682,2026-03-01,India,Web,Direct
683,2026-06-27,UAE,Web,Referral
684,2026-01-28,Germany,Web,Direct
685,2026-04-11,UK,Web,Paid Search
686,2026-02-10,USA,iOS,Paid Search
687,2026-06-04,UAE,Web,LinkedIn
688,2026-05-25,USA,Android,LinkedIn
689,2026-06-10,USA,Web,Organic
690,2026-06-06,India,Web,Direct
691,2026-05-21,UK,Android,Direct
692,2026-02-15,India,Android,Organic
693,2026-02-04,USA,Web,Organic
694,2026-05-14,UAE,iOS,Paid Search
695,2026-03-23,Germany,Android,Paid Search
696,2026-04-25,India,Web,LinkedIn
697,2026-02-16,USA,Web,Organic
698,2026-06-02,USA,Android,Referral
699,2026-01-10,USA,Web,Referral
700,2026-02-25,India,Web,Organic
701,2026-01-30,UAE,Web,Referral
702,2026-04-19,USA,Web,Organic
703,2026-01-05,India,Android,Organic
704,2026-04-29,India,Web,Referral
705,2026-02-02,UK,Android,Direct
706,2026-04-28,UK,Web,Organic
707,2026-03-06,India,Web,Paid Search
708,2026-05-26,India,Web,Organic
709,2026-06-26,India,iOS,Organic
710,2026-01-11,USA,Android,Paid Search
711,2026-03-26,USA,Web,LinkedIn
712,2026-01-26,USA,Web,Organic
713,2026-03-04,Germany,iOS,Direct
714,2026-03-27,UAE,Android,Organic
715,2026-02-28,India,Web,Direct
716,2026-01-27,India,iOS,Direct
717,2026-06-26,India,iOS,Referral
718,2026-06-10,Germany,Web,Organic
719,2026-04-08,UK,Web,Referral
720,2026-04-15,India,Web,Referral
721,2026-04-09,UAE,Android,Direct
722,2026-05-09,UK,iOS,Referral
723,2026-05-29,USA,Web,Paid Search
724,2026-02-24,India,Web,Direct
725,2026-01-06,Germany,Web,Direct
726,2026-04-05,UK,Android,Referral
727,2026-05-13,India,Web,Direct
728,2026-04-12,Germany,Web,Referral
729,2026-01-03,India,Web,LinkedIn
730,2026-06-30,Germany,Web,LinkedIn
731,2026-01-23,Germany,Web,LinkedIn
732,2026-02-22,USA,Web,Paid Search
733,2026-06-14,USA,Web,Referral
734,2026-03-24,India,Android,Referral
735,2026-05-25,Germany,Web,Paid Search
736,2026-03-26,UK,Web,Paid Search
737,2026-03-19,USA,Android,LinkedIn
738,2026-04-20,Germany,Web,Referral
739,2026-01-01,Germany,iOS,Organic
740,2026-02-20,USA,Web,Direct
741,2026-06-22,India,Web,Direct
742,2026-01-04,Germany,Web,Paid Search
743,2026-04-23,UK,Web,Organic
744,2026-02-01,Germany,Android,Direct
745,2026-02-03,USA,Web,Direct
746,2026-04-02,India,Web,Organic
747,2026-04-05,UAE,Web,Organic
748,2026-03-13,UK,Web,Paid Search
749,2026-02-08,USA,Web,LinkedIn
750,2026-06-03,India,Web,Organic
751,2026-06-11,UK,Web,Referral
752,2026-04-28,India,Android,Paid Search
753,2026-01-03,USA,Web,Direct
754,2026-05-03,UAE,iOS,Paid Search
755,2026-02-19,India,Android,Referral
756,2026-01-12,India,Web,Direct
757,2026-02-23,India,Android,Organic
758,2026-05-13,UAE,Android,Organic
759,2026-02-26,India,Web,LinkedIn
760,2026-05-25,India,Android,Organic
761,2026-04-22,Germany,Web,Direct
762,2026-02-16,Germany,Web,Organic
763,2026-05-31,UAE,Android,Organic
764,2026-03-26,Germany,Web,Direct
765,2026-05-22,India,Web,Referral
766,2026-03-07,UK,Web,LinkedIn
767,2026-03-16,UK,Android,Organic
768,2026-06-28,UAE,Android,Organic
769,2026-04-13,UAE,iOS,Direct
770,2026-06-15,UAE,Android,Paid Search
771,2026-02-07,UAE,Web,Paid Search
772,2026-02-19,USA,Web,Organic
773,2026-04-08,India,iOS,Paid Search
774,2026-03-23,India,Android,LinkedIn
775,2026-01-30,India,Web,Direct
776,2026-03-20,India,Web,LinkedIn
777,2026-04-01,UK,Android,LinkedIn
778,2026-06-28,India,Android,Referral
779,2026-02-21,Germany,iOS,Referral
780,2026-06-15,India,Web,LinkedIn
781,2026-03-20,India,Android,Organic
782,2026-01-30,USA,Android,Organic
783,2026-04-16,India,Web,Direct
784,2026-02-20,UK,Android,Organic
785,2026-03-22,USA,Android,Organic
786,2026-05-13,India,Android,Referral
787,2026-01-29,India,Android,LinkedIn
788,2026-05-12,UAE,iOS,Referral
789,2026-05-18,India,iOS,Paid Search
790,2026-05-25,India,Web,Direct
791,2026-03-15,India,iOS,LinkedIn
792,2026-01-17,India,Android,Direct
793,2026-03-25,UK,Android,Organic
794,2026-03-10,USA,Web,Organic
795,2026-02-03,UK,iOS,Paid Search
796,2026-01-06,India,Web,Organic
797,2026-02-22,India,iOS,Organic
798,2026-05-06,Germany,iOS,Organic
799,2026-02-12,UK,Web,Referral
800,2026-04-25,Germany,Web,LinkedIn
801,2026-04-21,UAE,Web,LinkedIn
802,2026-05-31,UK,Web,Organic
803,2026-03-21,UK,Android,Paid Search
804,2026-04-05,India,Web,Organic
805,2026-04-28,UAE,Web,Paid Search
806,2026-05-24,UK,Web,Paid Search
807,2026-01-08,India,Web,Paid Search
808,2026-05-12,India,Android,Direct
809,2026-04-14,USA,Web,Direct
810,2026-05-12,Germany,Android,Referral
811,2026-01-25,UAE,Web,Direct
812,2026-04-06,India,Web,LinkedIn
813,2026-06-04,India,Web,Direct
814,2026-04-03,USA,iOS,Referral
815,2026-06-09,India,iOS,Referral
816,2026-06-27,Germany,Android,LinkedIn
817,2026-03-02,India,iOS,Organic
818,2026-05-02,UAE,Web,LinkedIn
819,2026-02-20,UK,Android,Direct
820,2026-05-27,USA,Android,LinkedIn
821,2026-01-21,UAE,Web,Organic
822,2026-01-05,UAE,Web,Paid Search
823,2026-04-02,Germany,iOS,Direct
824,2026-06-19,India,Web,Direct
825,2026-03-02,Germany,Android,Paid Search
826,2026-01-22,India,Web,Direct
827,2026-05-29,USA,Web,Direct
828,2026-03-11,UK,Android,Organic
829,2026-01-01,India,Android,Direct
830,2026-05-13,Germany,Web,Paid Search
831,2026-01-12,India,Android,Referral
832,2026-03-31,India,Web,Referral
833,2026-02-15,UK,Web,LinkedIn
834,2026-02-03,UAE,Android,LinkedIn
835,2026-06-26,UK,Web,Paid Search
836,2026-03-19,India,Web,Direct
837,2026-02-14,India,Web,Direct
838,2026-06-04,India,iOS,LinkedIn
839,2026-03-14,India,Web,Paid Search
840,2026-01-26,UAE,iOS,Organic
841,2026-02-16,USA,iOS,Paid Search
842,2026-05-01,Germany,Web,Direct
843,2026-02-25,USA,iOS,Organic
844,2026-04-04,India,Android,Direct
845,2026-04-17,UAE,Web,Direct
846,2026-03-04,India,Web,LinkedIn
847,2026-02-17,India,Web,LinkedIn
848,2026-03-02,UK,iOS,Referral
849,2026-03-22,India,Android,LinkedIn
850,2026-01-26,India,Web,Paid Search
851,2026-02-05,Germany,Web,Direct
852,2026-01-01,UAE,Web,LinkedIn
853,2026-01-08,UAE,iOS,LinkedIn
854,2026-04-23,India,Web,LinkedIn
855,2026-04-09,India,Android,Organic
856,2026-06-29,Germany,Web,Organic
857,2026-02-16,India,iOS,Direct
858,2026-05-07,UAE,Web,Organic
859,2026-02-25,India,iOS,Referral
860,2026-01-14,UAE,Web,Paid Search
861,2026-01-28,India,iOS,Organic
862,2026-03-19,USA,Web,Organic
863,2026-05-10,USA,Web,Direct
864,2026-04-19,USA,Web,Referral
865,2026-06-03,India,iOS,Referral
866,2026-01-14,USA,Web,Direct
867,2026-02-25,UK,Web,Organic
868,2026-04-25,UAE,Android,Organic
869,2026-01-07,UK,Android,LinkedIn
870,2026-01-03,India,Web,LinkedIn
871,2026-04-21,India,iOS,Paid Search
872,2026-05-31,USA,Web,Direct
873,2026-04-17,India,iOS,Direct
874,2026-01-18,UK,Android,Organic
875,2026-02-07,UAE,Web,Organic
876,2026-04-25,Germany,Android,Direct
877,2026-01-15,Germany,Web,Paid Search
878,2026-04-29,Germany,iOS,Organic
879,2026-01-28,India,iOS,LinkedIn
880,2026-02-08,India,Android,Paid Search
881,2026-01-17,UAE,Web,Paid Search
882,2026-03-27,India,Web,Organic
883,2026-05-06,India,Web,LinkedIn
884,2026-02-13,UK,Android,Referral
885,2026-01-25,UK,iOS,Organic
886,2026-05-25,Germany,iOS,Paid Search
887,2026-01-13,India,Web,Referral
888,2026-01-25,India,Android,Direct
889,2026-03-09,India,Android,Direct
890,2026-05-18,Germany,iOS,Organic
891,2026-03-08,USA,Web,LinkedIn
892,2026-04-19,USA,Web,LinkedIn
893,2026-05-26,Germany,iOS,Direct
894,2026-04-21,UK,iOS,Referral
895,2026-04-21,UAE,Web,Organic
896,2026-02-03,India,iOS,LinkedIn
897,2026-04-21,UK,Web,Organic
898,2026-01-08,UAE,Android,Organic
899,2026-06-17,UAE,Web,Referral
900,2026-04-23,Germany,Web,Direct
901,2026-03-24,Germany,Web,Organic
902,2026-02-11,USA,Web,Referral
903,2026-06-18,USA,Web,Paid Search
904,2026-04-11,USA,Android,Direct
905,2026-01-06,India,Web,Referral
906,2026-06-29,India,Web,Organic
907,2026-01-26,USA,Web,Organic
908,2026-03-05,USA,Web,Paid Search
909,2026-02-28,India,Web,Organic
910,2026-04-19,Germany,Web,Organic
911,2026-05-01,India,iOS,LinkedIn
912,2026-02-02,India,Web,Paid Search
913,2026-06-30,USA,iOS,LinkedIn
914,2026-05-30,India,Web,Organic
915,2026-01-21,India,Web,Referral
916,2026-03-11,India,Web,Paid Search
917,2026-04-22,USA,Android,Organic
918,2026-01-04,UAE,iOS,Referral
919,2026-04-04,USA,Android,Organic
920,2026-03-16,UK,Web,Direct
921,2026-03-03,India,Android,Referral
922,2026-04-04,Germany,Web,Referral
923,2026-04-05,India,Web,Organic
924,2026-06-01,Germany,iOS,Organic
925,2026-02-24,UK,Web,Paid Search
926,2026-05-17,Germany,Android,Referral
927,2026-05-11,India,Web,Organic
928,2026-01-31,UAE,Android,Organic
929,2026-02-09,India,iOS,Paid Search
930,2026-02-05,India,iOS,Paid Search
931,2026-06-01,UK,Web,Organic
932,2026-01-06,India,Web,Paid Search
933,2026-03-07,UK,Android,Paid Search
934,2026-03-16,India,Web,Paid Search
935,2026-01-04,India,iOS,Paid Search
936,2026-03-20,USA,Android,Referral
937,2026-05-14,UAE,Web,Organic
938,2026-04-28,UK,iOS,Organic
939,2026-04-23,UK,iOS,Paid Search
940,2026-04-04,USA,Web,Paid Search
941,2026-06-28,India,Web,Paid Search
942,2026-03-03,USA,Web,Direct
943,2026-03-20,Germany,Web,Direct
944,2026-05-16,USA,iOS,Organic
945,2026-01-26,UAE,Web,Direct
946,2026-06-28,UK,Android,Paid Search
947,2026-06-22,USA,Web,Organic
948,2026-02-13,UK,iOS,Direct
949,2026-05-13,India,iOS,Direct
950,2026-03-11,India,Web,Direct
951,2026-06-03,USA,Web,Organic
952,2026-04-28,India,Android,Organic
953,2026-03-09,USA,Android,Referral
954,2026-01-19,UAE,Web,Referral
955,2026-01-20,UK,Web,Organic
956,2026-04-23,India,Web,Direct
957,2026-05-20,India,Web,Referral
958,2026-02-16,Germany,iOS,Paid Search
959,2026-01-01,Germany,Android,Referral
960,2026-03-31,USA,Web,Referral
961,2026-05-22,UAE,Android,Organic
962,2026-03-05,USA,Web,Direct
963,2026-02-07,UK,iOS,Paid Search
964,2026-02-06,UK,Web,Organic
965,2026-05-06,India,Web,Direct
966,2026-05-19,UK,Web,Direct
967,2026-04-10,USA,Web,Direct
968,2026-03-18,Germany,iOS,Direct
969,2026-01-03,India,iOS,Referral
970,2026-06-10,USA,Web,Direct
971,2026-05-14,UK,Android,Organic
972,2026-06-27,UAE,Web,LinkedIn
973,2026-01-10,India,iOS,LinkedIn
974,2026-01-05,UAE,Web,Organic
975,2026-05-31,UAE,Web,Referral
976,2026-05-18,India,Web,Referral
977,2026-06-21,USA,iOS,LinkedIn
978,2026-05-10,USA,iOS,Organic
979,2026-01-13,UK,Web,Direct
980,2026-06-17,Germany,Web,Organic
981,2026-05-10,India,Web,Paid Search
982,2026-03-25,India,iOS,Direct
983,2026-03-06,USA,iOS,Referral
984,2026-03-04,India,Web,Paid Search
985,2026-04-11,India,Web,Organic
986,2026-03-14,India,Android,LinkedIn
987,2026-01-17,India,Web,Direct
988,2026-01-09,USA,Web,Direct
989,2026-05-23,India,Web,LinkedIn
990,2026-06-01,UAE,Web,Organic
991,2026-02-07,India,Web,Organic
992,2026-06-12,USA,iOS,Organic
993,2026-04-04,India,Web,Paid Search
994,2026-04-05,USA,iOS,Organic
995,2026-02-18,UAE,Web,Organic
996,2026-03-10,India,Android,Referral
997,2026-03-03,UK,iOS,Paid Search
998,2026-06-27,India,iOS,LinkedIn
999,2026-03-19,UAE,Web,Direct
1000,2026-04-27,India,Web,Referral
1001,2026-04-30,Germany,Web,LinkedIn
1002,2026-05-17,India,iOS,LinkedIn
1003,2026-06-11,USA,Web,Paid Search
1004,2026-03-17,India,Android,Organic
1005,2026-02-04,India,Android,Organic
1006,2026-01-01,UAE,Web,Organic
1007,2026-02-09,Germany,Android,LinkedIn
1008,2026-03-05,India,Web,Direct
1009,2026-05-30,India,Web,Direct
1010,2026-03-01,India,Web,Organic
1011,2026-03-05,India,iOS,Direct
1012,2026-04-03,India,Web,Paid Search
1013,2026-03-13,UK,Android,Direct
1014,2026-01-11,India,Web,Organic
1015,2026-04-15,India,Web,Organic
1016,2026-01-14,USA,Android,Paid Search
1017,2026-03-01,UAE,Web,Direct
1018,2026-01-30,India,Web,Organic
1019,2026-02-04,India,iOS,Organic
1020,2026-06-14,UK,Web,Direct
1021,2026-01-05,India,Web,Direct
1022,2026-03-24,UAE,Web,Organic
1023,2026-05-03,India,Web,LinkedIn
1024,2026-03-19,UK,Android,Paid Search
1025,2026-06-03,India,Android,Paid Search
1026,2026-03-03,UK,Web,Paid Search
1027,2026-05-12,USA,Web,Paid Search
1028,2026-03-30,UK,Web,Referral
1029,2026-02-11,India,Android,Referral
1030,2026-03-30,India,Web,Paid Search
1031,2026-05-26,India,Web,LinkedIn
1032,2026-02-09,India,iOS,LinkedIn
1033,2026-03-13,India,Android,Paid Search
1034,2026-02-08,USA,Web,Organic
1035,2026-04-14,UAE,Web,Referral
1036,2026-01-14,UAE,Web,LinkedIn
1037,2026-02-01,UK,Web,Referral
1038,2026-06-28,UK,iOS,Referral
1039,2026-05-05,India,iOS,Organic
1040,2026-06-15,USA,iOS,Referral
1041,2026-04-07,India,Web,Paid Search
1042,2026-01-23,USA,Web,Direct
1043,2026-03-04,USA,Web,LinkedIn
1044,2026-05-23,USA,Web,Organic
1045,2026-06-02,UK,Android,Paid Search
1046,2026-05-25,India,Web,Direct
1047,2026-02-22,UAE,Web,Paid Search
1048,2026-04-14,UK,Web,Referral
1049,2026-04-14,UAE,Web,LinkedIn
1050,2026-06-28,Germany,Web,LinkedIn
1051,2026-02-08,India,Android,Organic
1052,2026-06-28,India,Web,Referral
1053,2026-05-14,India,iOS,Direct
1054,2026-03-08,India,Web,Direct
1055,2026-05-15,UK,Web,LinkedIn
1056,2026-06-28,USA,Android,Direct
1057,2026-02-11,USA,Web,Referral
1058,2026-01-15,USA,iOS,Paid Search
1059,2026-04-21,Germany,Web,Referral
1060,2026-06-06,USA,Web,Organic
1061,2026-02-02,India,Android,Paid Search
1062,2026-06-04,USA,Android,Paid Search
1063,2026-06-13,India,Android,Direct
1064,2026-06-06,India,iOS,LinkedIn
1065,2026-02-07,UK,Web,Referral
1066,2026-04-07,India,iOS,Paid Search
1067,2026-06-04,India,iOS,Organic
1068,2026-02-02,India,Web,Paid Search
1069,2026-03-27,India,Web,LinkedIn
1070,2026-03-07,Germany,Android,Organic
1071,2026-01-10,India,Web,Paid Search
1072,2026-01-05,India,Web,Paid Search
1073,2026-05-03,UAE,Android,LinkedIn
1074,2026-03-15,UAE,Web,Direct
1075,2026-04-07,Germany,Web,LinkedIn
1076,2026-04-28,India,iOS,Paid Search
1077,2026-02-07,UK,Web,Paid Search
1078,2026-05-21,USA,iOS,Organic
1079,2026-06-08,Germany,Web,Organic
1080,2026-02-16,UK,Web,Organic
1081,2026-04-19,USA,Web,Organic
1082,2026-06-29,India,Android,Organic
1083,2026-01-15,UAE,Web,Organic
1084,2026-06-06,UAE,Web,Organic
1085,2026-05-16,Germany,Web,Referral
1086,2026-01-05,India,Web,Direct
1087,2026-06-06,India,Web,Direct
1088,2026-02-16,India,Web,Organic
1089,2026-03-09,India,Web,Paid Search
1090,2026-03-17,India,Web,Direct
1091,2026-06-22,Germany,Android,Organic
1092,2026-05-10,UAE,iOS,Direct
1093,2026-06-04,UK,Web,Referral
1094,2026-04-05,USA,Web,Direct
1095,2026-04-25,UAE,iOS,Direct
1096,2026-06-13,India,iOS,LinkedIn
1097,2026-02-05,India,Web,LinkedIn
1098,2026-01-26,India,Android,Organic
1099,2026-02-12,UK,Web,Organic
1100,2026-01-27,UAE,Web,Paid Search
1101,2026-03-10,India,Web,Organic
1102,2026-05-28,UK,Android,Organic
1103,2026-01-11,Germany,Web,Paid Search
1104,2026-03-15,USA,Android,Direct
1105,2026-04-14,USA,Web,Organic
1106,2026-02-07,USA,Web,Organic
1107,2026-05-14,India,Web,Paid Search
1108,2026-01-23,USA,Android,Referral
1109,2026-02-16,India,Web,Organic
1110,2026-03-31,USA,Web,Direct
1111,2026-02-15,UK,Web,Referral
1112,2026-04-17,India,Android,Referral
1113,2026-05-20,USA,Web,Organic
1114,2026-05-21,Germany,Web,Paid Search
1115,2026-04-14,India,Web,Direct
1116,2026-04-21,USA,Android,Organic
1117,2026-04-14,India,Android,Paid Search
1118,2026-03-01,UK,iOS,Organic
1119,2026-06-20,UAE,Web,Direct
1120,2026-04-10,UK,Web,Organic
1121,2026-03-09,Germany,Android,Direct
1122,2026-05-13,Germany,Web,Paid Search
1123,2026-04-30,USA,Web,Referral
1124,2026-02-06,India,Web,LinkedIn
1125,2026-03-13,Germany,Android,Organic
1126,2026-05-07,India,Web,Paid Search
1127,2026-04-16,Germany,iOS,Paid Search
1128,2026-04-02,India,Android,Organic
1129,2026-01-31,India,Web,Direct
1130,2026-05-02,USA,Web,Organic
1131,2026-05-17,India,Android,LinkedIn
1132,2026-02-20,India,Android,Paid Search
1133,2026-01-29,India,Android,Organic
1134,2026-02-09,India,iOS,LinkedIn
1135,2026-02-10,India,Web,Referral
1136,2026-01-11,India,Android,Paid Search
1137,2026-05-31,UAE,Web,Referral
1138,2026-01-01,India,Android,Organic
1139,2026-02-15,USA,Android,Direct
1140,2026-04-11,India,iOS,Paid Search
1141,2026-05-29,Germany,Android,Organic
1142,2026-03-31,Germany,Android,LinkedIn
1143,2026-04-20,India,Web,Organic
1144,2026-06-13,USA,iOS,Organic
1145,2026-02-26,USA,Web,Paid Search
1146,2026-01-01,Germany,Web,Direct
1147,2026-03-04,UK,Web,Direct
1148,2026-02-24,India,Web,LinkedIn
1149,2026-04-25,UK,Android,Paid Search
1150,2026-06-17,UK,Android,Referral
1151,2026-05-23,UK,Web,Paid Search
1152,2026-05-29,India,Web,Organic
1153,2026-06-24,Germany,Web,Direct
1154,2026-02-22,Germany,Android,Organic
1155,2026-05-17,India,Web,Paid Search
1156,2026-06-29,India,iOS,Direct
1157,2026-02-26,India,Android,LinkedIn
1158,2026-04-27,USA,Web,Organic
1159,2026-06-03,USA,Android,Organic
1160,2026-06-18,UK,Android,Referral
1161,2026-02-04,UAE,Android,Paid Search
1162,2026-03-04,UK,Web,Paid Search
1163,2026-01-25,India,Web,Paid Search
1164,2026-03-31,UAE,Android,Direct
1165,2026-03-16,USA,Web,Organic
1166,2026-02-07,Germany,iOS,Paid Search
1167,2026-05-10,Germany,Web,Paid Search
1168,2026-05-15,Germany,Web,Organic
1169,2026-06-11,UAE,Web,Organic
1170,2026-04-01,UAE,iOS,Direct
1171,2026-01-17,USA,Web,Direct
1172,2026-05-08,Germany,iOS,Organic
1173,2026-06-20,India,Web,Direct
1174,2026-04-18,India,iOS,Organic
1175,2026-06-28,India,iOS,Referral
1176,2026-06-01,UK,Web,Organic
1177,2026-01-25,India,Web,Direct
1178,2026-06-29,India,Web,Organic
1179,2026-03-29,India,Web,Referral
1180,2026-06-10,India,iOS,LinkedIn
1181,2026-06-26,Germany,Web,Organic
1182,2026-01-29,India,Web,Paid Search
1183,2026-03-04,USA,iOS,Organic
1184,2026-05-30,UK,Web,LinkedIn
1185,2026-06-03,Germany,Android,Paid Search
1186,2026-06-05,India,Web,Referral
1187,2026-04-24,Germany,Android,Direct
1188,2026-02-18,UK,Web,Paid Search
1189,2026-03-22,Germany,Web,Organic
1190,2026-03-25,Germany,Web,LinkedIn
1191,2026-04-15,India,Web,LinkedIn
1192,2026-06-26,India,Web,Direct
1193,2026-05-28,India,Web,Organic
1194,2026-04-28,UK,iOS,Paid Search
1195,2026-03-27,India,Web,Direct
1196,2026-03-04,India,Android,Direct
1197,2026-04-14,UAE,Web,Referral
1198,2026-02-18,India,Android,Organic
1199,2026-03-12,India,Web,Organic
1200,2026-01-01,UAE,Web,Organic
1201,2026-05-21,India,Web,Direct
1202,2026-06-28,UAE,Web,Organic
1203,2026-05-03,UAE,Web,Referral
1204,2026-03-03,UAE,Web,Referral
1205,2026-02-01,Germany,iOS,Paid Search
1206,2026-06-07,UK,Android,Paid Search
1207,2026-01-29,UAE,Web,LinkedIn
1208,2026-02-18,UAE,Android,Paid Search
1209,2026-06-22,USA,Android,Organic
1210,2026-01-30,Germany,Android,Paid Search
1211,2026-05-24,Germany,Web,Direct
1212,2026-06-17,USA,Web,Direct
1213,2026-01-19,India,Web,Referral
1214,2026-01-18,India,iOS,LinkedIn
1215,2026-01-01,India,Web,Referral
1216,2026-03-19,Germany,Web,Referral
1217,2026-04-25,USA,Web,Direct
1218,2026-06-24,USA,Web,Paid Search
1219,2026-04-23,India,iOS,Organic
1220,2026-04-24,USA,Web,Direct
1221,2026-06-15,India,iOS,LinkedIn
1222,2026-06-28,India,Android,Paid Search
1223,2026-03-04,UAE,Web,Direct
1224,2026-05-12,UK,Web,Paid Search
1225,2026-05-09,UAE,Android,Paid Search
1226,2026-01-08,Germany,Web,Referral
1227,2026-06-06,India,Web,Organic
1228,2026-02-24,UK,Web,LinkedIn
1229,2026-04-13,UK,iOS,Organic
1230,2026-05-11,India,iOS,Organic
1231,2026-02-01,USA,Web,Referral
1232,2026-01-10,USA,Web,Referral
1233,2026-04-20,USA,Web,Organic
1234,2026-06-11,Germany,Android,Direct
1235,2026-05-04,USA,Web,Referral
1236,2026-03-28,India,Android,Organic
1237,2026-02-24,USA,Web,Paid Search
1238,2026-02-01,India,iOS,Direct
1239,2026-06-27,India,Web,Referral
1240,2026-05-15,India,iOS,Organic
1241,2026-04-03,USA,Web,Organic
1242,2026-01-08,USA,Android,Paid Search
1243,2026-03-06,India,Web,Paid Search
1244,2026-02-26,USA,Web,LinkedIn
1245,2026-03-08,Germany,Web,Direct
1246,2026-03-13,India,Android,Organic
1247,2026-02-23,India,iOS,Direct
1248,2026-03-08,USA,Web,Direct
1249,2026-02-20,India,iOS,Direct
1250,2026-04-07,UK,iOS,Direct
1251,2026-04-02,India,Android,Direct
1252,2026-01-08,UAE,Android,Referral
1253,2026-06-11,USA,iOS,Paid Search
1254,2026-02-04,USA,Web,Paid Search
1255,2026-04-06,USA,Android,Direct
1256,2026-03-29,Germany,iOS,Paid Search
1257,2026-03-19,USA,Android,Organic
1258,2026-02-01,USA,Web,Organic
1259,2026-04-30,India,Web,Direct
1260,2026-02-15,UK,Web,LinkedIn
1261,2026-05-24,India,iOS,Paid Search
1262,2026-06-14,USA,Android,Organic
1263,2026-05-22,India,Web,LinkedIn
1264,2026-02-24,UK,iOS,Organic
1265,2026-06-25,India,iOS,Referral
1266,2026-01-07,USA,iOS,Paid Search
1267,2026-03-15,Germany,Web,Direct
1268,2026-01-07,UAE,Android,Referral
1269,2026-06-10,Germany,Web,Referral
1270,2026-05-31,India,Android,LinkedIn
1271,2026-03-26,UK,Web,Paid Search
1272,2026-05-27,Germany,Web,Organic
1273,2026-04-22,India,Android,Referral
1274,2026-05-05,Germany,Web,Direct
1275,2026-05-27,India,Web,Paid Search
1276,2026-02-05,India,iOS,LinkedIn
1277,2026-01-29,Germany,Web,Direct
1278,2026-03-23,India,Web,Direct
1279,2026-01-02,Germany,Web,LinkedIn
1280,2026-05-09,Germany,Web,LinkedIn
1281,2026-02-16,India,Web,Direct
1282,2026-05-28,UK,Web,Direct
1283,2026-01-11,India,Android,Direct
1284,2026-05-10,UAE,Web,Referral
1285,2026-04-29,India,Web,Paid Search
1286,2026-05-20,India,Web,Organic
1287,2026-01-20,UAE,Web,Paid Search
1288,2026-01-05,UAE,iOS,Direct
1289,2026-02-06,Germany,iOS,Direct
1290,2026-06-15,USA,Web,Referral
1291,2026-05-17,USA,Web,Referral
1292,2026-02-22,UK,Web,Paid Search
1293,2026-06-21,USA,Android,Paid Search
1294,2026-04-09,India,iOS,LinkedIn
1295,2026-03-27,USA,Web,Paid Search
1296,2026-04-18,Germany,Web,Organic
1297,2026-01-24,India,iOS,Referral
1298,2026-03-22,USA,Android,Organic
1299,2026-06-07,USA,Android,Direct
1300,2026-04-30,Germany,Web,Paid Search
1301,2026-02-28,USA,Web,Direct
1302,2026-05-08,India,Web,Organic
1303,2026-04-24,India,Android,Organic
1304,2026-04-25,India,Android,Referral
1305,2026-01-14,USA,Web,LinkedIn
1306,2026-01-09,India,Web,Referral
1307,2026-02-09,Germany,Web,Organic
1308,2026-01-25,India,Web,Organic
1309,2026-04-13,India,Web,Referral
1310,2026-01-22,UAE,iOS,Organic
1311,2026-01-04,USA,Web,Paid Search
1312,2026-06-03,India,Web,LinkedIn
1313,2026-01-29,UAE,iOS,Organic
1314,2026-04-19,UAE,Web,Organic
1315,2026-04-08,India,Web,Organic
1316,2026-02-06,India,Web,Direct
1317,2026-03-16,USA,Android,Paid Search
1318,2026-03-11,UK,Android,Direct
1319,2026-05-26,India,Web,Organic
1320,2026-05-08,USA,Web,LinkedIn
1321,2026-03-26,Germany,Web,Organic
1322,2026-02-11,UK,iOS,Paid Search
1323,2026-04-10,UK,iOS,Direct
1324,2026-02-10,Germany,Android,Direct
1325,2026-06-15,Germany,Web,LinkedIn
1326,2026-02-03,USA,Android,Direct
1327,2026-01-17,UAE,Android,Organic
1328,2026-06-14,UK,Android,Paid Search
1329,2026-06-02,USA,iOS,Paid Search
1330,2026-05-02,India,Web,Direct
1331,2026-03-17,UAE,Web,Organic
1332,2026-03-28,USA,Web,Direct
1333,2026-04-27,USA,Web,Paid Search
1334,2026-04-16,UAE,iOS,LinkedIn
1335,2026-03-27,USA,iOS,Organic
1336,2026-01-27,India,Android,Paid Search
1337,2026-02-26,UAE,Web,LinkedIn
1338,2026-01-31,USA,Web,Referral
1339,2026-05-14,India,Android,Direct
1340,2026-06-17,India,Web,LinkedIn
1341,2026-04-08,Germany,Web,Referral
1342,2026-01-12,India,Android,Direct
1343,2026-02-22,India,Android,LinkedIn
1344,2026-05-18,Germany,Web,Referral
1345,2026-06-22,USA,Android,Organic
1346,2026-05-25,USA,iOS,Paid Search
1347,2026-06-03,Germany,Android,LinkedIn
1348,2026-05-02,India,Android,Direct
1349,2026-02-15,USA,Web,Paid Search
1350,2026-03-05,UK,iOS,Organic
1351,2026-05-10,USA,Web,Referral
1352,2026-02-23,UK,Web,Organic
1353,2026-04-17,UK,Android,LinkedIn
1354,2026-02-20,UAE,Web,LinkedIn
1355,2026-06-30,UAE,iOS,Paid Search
1356,2026-02-05,USA,Android,Direct
1357,2026-04-25,UK,Android,Referral
1358,2026-01-26,UK,Android,Referral
1359,2026-01-29,UAE,Web,Organic
1360,2026-05-29,UK,Web,Paid Search
1361,2026-01-11,USA,Web,Direct
1362,2026-02-09,USA,Web,Organic
1363,2026-01-11,USA,Web,Paid Search
1364,2026-06-13,Germany,iOS,Paid Search
1365,2026-04-23,USA,iOS,Organic
1366,2026-02-08,UK,Android,Organic
1367,2026-02-23,USA,iOS,Organic
1368,2026-04-08,Germany,iOS,Direct
1369,2026-02-24,UK,Web,LinkedIn
1370,2026-04-21,USA,Web,Paid Search
1371,2026-06-01,USA,Web,LinkedIn
1372,2026-05-30,UK,Android,Organic
1373,2026-03-10,India,Web,Referral
1374,2026-02-25,UAE,iOS,Organic
1375,2026-02-02,Germany,iOS,Organic
1376,2026-02-05,USA,Web,Direct
1377,2026-05-28,UK,Web,Organic
1378,2026-03-22,Germany,Web,Direct
1379,2026-04-19,UK,Web,Paid Search
1380,2026-06-03,UK,Android,Organic
1381,2026-03-14,USA,iOS,LinkedIn
1382,2026-02-09,USA,iOS,Referral
1383,2026-01-17,India,Android,Paid Search
1384,2026-05-09,UAE,iOS,Organic
1385,2026-03-02,UAE,Android,Organic
1386,2026-06-20,UAE,Web,Direct
1387,2026-04-14,UK,iOS,Paid Search
1388,2026-02-11,UAE,Web,Organic
1389,2026-01-25,India,Web,Direct
1390,2026-02-08,UAE,Web,Organic
1391,2026-02-04,India,iOS,Organic
1392,2026-05-11,UK,Web,Organic
1393,2026-04-18,Germany,Web,Referral
1394,2026-06-21,USA,Android,Organic
1395,2026-06-28,UAE,Android,Paid Search
1396,2026-04-12,India,iOS,Direct
1397,2026-04-08,India,Android,Organic
1398,2026-01-12,UK,Android,Paid Search
1399,2026-01-19,India,iOS,Paid Search
1400,2026-04-11,UK,Web,Referral
1401,2026-02-13,India,Android,Direct
1402,2026-02-18,USA,iOS,Paid Search
1403,2026-01-17,UAE,Web,Organic
1404,2026-03-15,India,Web,Paid Search
1405,2026-02-26,USA,Web,Organic
1406,2026-02-24,India,Android,LinkedIn
1407,2026-02-16,India,Web,Organic
1408,2026-01-12,UK,Android,Organic
1409,2026-03-03,UK,Android,Referral
1410,2026-03-21,USA,iOS,Organic
1411,2026-03-24,India,iOS,Referral
1412,2026-01-08,UAE,Web,Organic
1413,2026-05-29,India,Web,Direct
1414,2026-03-22,India,Web,Organic
1415,2026-04-28,Germany,Android,Direct
1416,2026-01-25,USA,Web,Paid Search
1417,2026-03-30,India,Web,LinkedIn
1418,2026-01-12,UK,Web,Organic
1419,2026-05-23,India,Android,LinkedIn
1420,2026-02-28,Germany,Web,Paid Search
1421,2026-06-03,India,Android,Referral
1422,2026-04-19,India,Web,LinkedIn
1423,2026-01-26,UK,Web,Referral
1424,2026-02-16,UK,Web,Referral
1425,2026-02-01,UK,Web,Organic
1426,2026-01-10,India,iOS,Organic
1427,2026-01-16,India,Web,Referral
1428,2026-05-25,UAE,iOS,Organic
1429,2026-05-31,India,iOS,Organic
1430,2026-01-26,Germany,iOS,Organic
1431,2026-03-27,India,Android,Organic
1432,2026-05-15,UAE,Web,Referral
1433,2026-01-14,USA,iOS,Referral
1434,2026-03-20,India,Android,Direct
1435,2026-04-27,UK,Android,Paid Search
1436,2026-01-07,USA,Android,Direct
1437,2026-05-17,India,Web,LinkedIn
1438,2026-04-25,Germany,Android,Direct
1439,2026-06-25,UK,iOS,Direct
1440,2026-03-13,India,Web,LinkedIn
1441,2026-02-28,UAE,Android,Paid Search
1442,2026-03-23,India,iOS,Organic
1443,2026-04-26,USA,Web,Organic
1444,2026-06-16,USA,Web,Direct
1445,2026-05-26,USA,Android,Direct
1446,2026-04-13,Germany,Web,LinkedIn
1447,2026-01-17,USA,Web,Direct
1448,2026-01-14,UK,Web,Direct
1449,2026-06-08,India,Web,Referral
1450,2026-06-01,UK,Android,Referral
1451,2026-04-18,India,Web,Paid Search
1452,2026-02-14,USA,iOS,Paid Search
1453,2026-04-08,UAE,Android,Organic
1454,2026-05-11,India,Web,Paid Search
1455,2026-02-06,India,Web,LinkedIn
1456,2026-06-20,UAE,Android,Paid Search
1457,2026-06-17,UK,Web,Direct
1458,2026-04-18,UAE,Web,Paid Search
1459,2026-02-08,UK,iOS,Organic
1460,2026-01-15,UAE,Android,Direct
1461,2026-04-30,USA,Android,LinkedIn
1462,2026-01-04,India,Android,Organic
1463,2026-04-03,India,Android,Referral
1464,2026-06-02,UK,Android,Paid Search
1465,2026-05-21,UAE,Android,Direct
1466,2026-06-10,India,Web,Referral
1467,2026-01-16,UAE,Web,Organic
1468,2026-06-19,India,iOS,Referral
1469,2026-04-18,UK,iOS,Direct
1470,2026-05-06,UAE,Web,LinkedIn
1471,2026-02-24,UK,Web,Direct
1472,2026-06-19,USA,Web,Organic
1473,2026-02-03,India,iOS,Direct
1474,2026-06-07,Germany,Android,LinkedIn
1475,2026-01-13,UK,Android,LinkedIn
1476,2026-05-21,UK,Android,Paid Search
1477,2026-01-18,USA,Android,Direct
1478,2026-06-09,USA,Web,Referral
1479,2026-04-06,UK,Web,Direct
1480,2026-05-03,UAE,Web,Paid Search
1481,2026-02-08,India,iOS,Organic
1482,2026-02-15,India,Web,Paid Search
1483,2026-01-29,UAE,iOS,Paid Search
1484,2026-03-03,India,iOS,Referral
1485,2026-01-16,UAE,Web,Referral
1486,2026-05-01,India,Android,Referral
1487,2026-01-10,USA,iOS,Direct
1488,2026-06-07,Germany,Web,Organic
1489,2026-06-02,Germany,Web,Paid Search
1490,2026-04-13,UAE,iOS,Direct
1491,2026-03-25,USA,Web,Referral
1492,2026-05-13,Germany,Web,Referral
1493,2026-03-06,UAE,iOS,Paid Search
1494,2026-06-26,India,Android,Referral
1495,2026-01-03,Germany,Web,Organic
1496,2026-06-22,UK,Android,Referral
1497,2026-05-22,UAE,Android,Direct
1498,2026-04-30,India,Web,Referral
1499,2026-06-07,India,iOS,Organic
1500,2026-03-09,USA,Web,LinkedIn
1501,2026-05-26,UK,Web,Paid Search
1502,2026-02-06,India,iOS,Organic
1503,2026-06-02,India,iOS,Direct
1504,2026-06-25,UK,Web,Organic
1505,2026-06-30,UK,Android,Direct
1506,2026-03-14,India,Android,Paid Search
1507,2026-05-23,Germany,Android,LinkedIn
1508,2026-02-18,India,Web,Referral
1509,2026-05-01,UAE,Android,Organic
1510,2026-03-29,USA,Web,LinkedIn
1511,2026-05-20,India,Web,Direct
1512,2026-02-06,USA,Android,LinkedIn
1513,2026-03-02,USA,iOS,Referral
1514,2026-06-20,USA,iOS,Direct
1515,2026-05-04,India,Web,Organic
1516,2026-02-08,India,Web,Organic
1517,2026-03-04,India,iOS,Organic
1518,2026-02-15,UK,Web,LinkedIn
1519,2026-03-29,USA,iOS,Direct
1520,2026-01-11,USA,Web,Referral
1521,2026-03-03,USA,Android,Direct
1522,2026-03-18,Germany,iOS,LinkedIn
1523,2026-06-02,USA,iOS,Paid Search
1524,2026-02-21,India,Android,Organic
1525,2026-01-04,India,iOS,Direct
1526,2026-02-28,USA,Web,Organic
1527,2026-03-13,India,Web,Referral
1528,2026-05-28,India,iOS,Paid Search
1529,2026-04-03,UK,Web,Organic
1530,2026-03-04,USA,iOS,Referral
1531,2026-02-23,India,Web,Organic
1532,2026-04-27,USA,Web,Direct
1533,2026-04-20,USA,Web,Paid Search
1534,2026-03-15,UAE,Android,LinkedIn
1535,2026-04-17,India,iOS,LinkedIn
1536,2026-02-26,India,Android,LinkedIn
1537,2026-06-18,USA,Android,Direct
1538,2026-01-03,USA,Web,Organic
1539,2026-04-30,Germany,Web,Organic
1540,2026-01-06,UK,Android,Organic
1541,2026-01-05,India,Android,Direct
1542,2026-01-05,India,Web,Direct
1543,2026-02-23,USA,Android,Paid Search
1544,2026-02-16,India,Web,LinkedIn
1545,2026-06-26,India,Web,Organic
1546,2026-01-09,UAE,iOS,Organic
1547,2026-04-09,India,Web,LinkedIn
1548,2026-01-20,India,Web,Organic
1549,2026-05-02,UAE,Web,Paid Search
1550,2026-03-02,India,Web,LinkedIn
1551,2026-05-03,India,iOS,LinkedIn
1552,2026-06-12,USA,Android,Paid Search
1553,2026-06-27,USA,Android,Referral
1554,2026-03-23,India,iOS,Referral
1555,2026-03-03,USA,Web,Organic
1556,2026-05-25,UAE,Web,LinkedIn
1557,2026-01-03,UK,Web,Organic
1558,2026-06-09,Germany,Web,Organic
1559,2026-01-13,USA,Web,Paid Search
1560,2026-04-30,USA,Android,Direct
1561,2026-05-05,India,Android,Organic
1562,2026-03-30,India,Web,Organic
1563,2026-03-14,Germany,iOS,Organic
1564,2026-03-09,UAE,Web,Paid Search
1565,2026-05-22,India,iOS,Referral
1566,2026-04-11,USA,iOS,Organic
1567,2026-04-08,USA,Web,Direct
1568,2026-01-11,Germany,Web,LinkedIn
1569,2026-04-15,India,Android,LinkedIn
1570,2026-03-08,Germany,iOS,Paid Search
1571,2026-05-03,India,Android,Paid Search
1572,2026-01-29,India,Android,Paid Search
1573,2026-05-17,UK,Android,Referral
1574,2026-06-02,India,Web,Organic
1575,2026-03-17,India,Web,LinkedIn
1576,2026-06-19,USA,Web,Paid Search
1577,2026-01-09,India,Web,Organic
1578,2026-02-09,India,Web,Organic
1579,2026-01-25,India,iOS,Organic
1580,2026-01-05,UAE,iOS,Direct
1581,2026-05-19,UAE,Web,Organic
1582,2026-05-04,USA,Android,Direct
1583,2026-02-07,USA,Web,Referral
1584,2026-03-13,UAE,Web,Direct
1585,2026-05-13,USA,iOS,Paid Search
1586,2026-06-25,India,Android,Direct
1587,2026-03-31,India,Web,Organic
1588,2026-05-26,USA,Web,Referral
1589,2026-02-06,UAE,iOS,Organic
1590,2026-03-01,Germany,Web,Paid Search
1591,2026-06-25,UAE,Web,Referral
1592,2026-01-28,USA,iOS,Referral
1593,2026-03-22,UAE,Web,Paid Search
1594,2026-04-24,UAE,Web,Organic
1595,2026-02-09,UAE,Web,LinkedIn
1596,2026-02-14,USA,Android,Paid Search
1597,2026-03-03,UK,Android,Organic
1598,2026-04-03,Germany,Web,Direct
1599,2026-04-25,India,Web,Direct
1600,2026-03-08,India,Web,Direct
1601,2026-02-25,UAE,Web,Direct
1602,2026-02-09,UK,Web,Organic
1603,2026-04-08,Germany,iOS,Direct
1604,2026-02-09,India,Web,Paid Search
1605,2026-04-01,USA,Web,Organic
1606,2026-02-02,UAE,Web,Direct
1607,2026-01-06,UK,Web,Organic
1608,2026-05-27,Germany,Web,Referral
1609,2026-03-21,India,Web,Organic
1610,2026-06-17,UAE,iOS,Paid Search
1611,2026-04-02,Germany,iOS,Referral
1612,2026-04-07,Germany,Web,Paid Search
1613,2026-02-28,UK,iOS,Organic
1614,2026-02-28,UK,Web,Paid Search
1615,2026-02-17,India,Web,Paid Search
1616,2026-06-18,UK,iOS,Organic
1617,2026-01-13,USA,Web,Direct
1618,2026-04-17,USA,iOS,Paid Search
1619,2026-02-14,India,iOS,Direct
1620,2026-03-30,India,Android,Organic
1621,2026-06-30,India,Android,Paid Search
1622,2026-06-19,India,Web,Organic
1623,2026-04-10,India,Android,Paid Search
1624,2026-06-04,UAE,iOS,Organic
1625,2026-06-15,India,iOS,Paid Search
1626,2026-01-07,India,Web,Paid Search
1627,2026-05-13,UK,Android,Organic
1628,2026-02-14,India,Web,Referral
1629,2026-02-27,India,Android,Direct
1630,2026-01-31,India,Web,Organic
1631,2026-01-23,India,iOS,LinkedIn
1632,2026-06-19,UK,Web,LinkedIn
1633,2026-05-18,India,Web,Paid Search
1634,2026-06-09,USA,Web,Direct
1635,2026-04-17,Germany,Web,Direct
1636,2026-06-30,USA,Web,Paid Search
1637,2026-06-07,UK,Web,LinkedIn
1638,2026-02-08,Germany,iOS,LinkedIn
1639,2026-06-08,USA,Android,Paid Search
1640,2026-03-23,India,iOS,Paid Search
1641,2026-04-10,UAE,Web,Direct
1642,2026-01-02,Germany,Web,LinkedIn
1643,2026-03-18,India,Web,Organic
1644,2026-01-12,India,Android,Organic
1645,2026-02-08,USA,Android,Direct
1646,2026-01-13,USA,Web,Organic
1647,2026-02-15,India,Web,LinkedIn
1648,2026-06-04,UK,Android,Organic
1649,2026-04-23,India,Android,Organic
1650,2026-01-17,USA,Android,Organic
1651,2026-04-14,India,Android,Paid Search
1652,2026-04-08,India,Web,Organic
1653,2026-03-29,USA,Web,Referral
1654,2026-04-19,UAE,Web,Referral
1655,2026-06-12,USA,Web,Paid Search
1656,2026-03-11,UAE,Web,LinkedIn
1657,2026-06-07,India,Web,Paid Search
1658,2026-03-15,UK,Web,Paid Search
1659,2026-03-04,India,Web,Paid Search
1660,2026-06-05,UAE,Web,Paid Search
1661,2026-03-01,India,Web,Direct
1662,2026-03-20,USA,Web,LinkedIn
1663,2026-02-06,Germany,Android,Paid Search
1664,2026-01-22,Germany,Android,LinkedIn
1665,2026-05-28,UAE,Web,Paid Search
1666,2026-04-06,India,Web,Organic
1667,2026-03-09,UAE,Web,Paid Search
1668,2026-01-17,USA,iOS,LinkedIn
1669,2026-01-12,India,Web,Paid Search
1670,2026-05-30,Germany,Web,Direct
1671,2026-05-25,India,Android,Paid Search
1672,2026-05-18,Germany,Web,Paid Search
1673,2026-04-28,USA,Web,Direct
1674,2026-01-22,USA,Web,Paid Search
1675,2026-04-30,India,Web,Direct
1676,2026-02-19,India,Web,Direct
1677,2026-01-14,UAE,Android,Direct
1678,2026-06-24,India,Web,Organic
1679,2026-01-29,India,iOS,Organic
1680,2026-06-13,UK,Web,LinkedIn
1681,2026-06-29,UAE,Web,Referral
1682,2026-05-05,UK,Web,Referral
1683,2026-01-07,UK,Web,Organic
1684,2026-01-29,India,Web,Organic
1685,2026-05-19,Germany,Web,Referral
1686,2026-02-02,India,Android,Organic
1687,2026-05-14,UAE,Web,Organic
1688,2026-04-21,UAE,Web,Organic
1689,2026-03-20,USA,Web,Organic
1690,2026-06-09,India,Web,LinkedIn
1691,2026-06-28,UAE,Web,LinkedIn
1692,2026-02-27,UK,Web,Organic
1693,2026-01-26,India,Web,Organic
1694,2026-06-23,UK,Web,Referral
1695,2026-01-29,Germany,iOS,Paid Search
1696,2026-01-04,Germany,Web,Direct
1697,2026-04-09,India,Web,LinkedIn
1698,2026-05-21,India,iOS,Direct
1699,2026-02-08,India,Android,Referral
1700,2026-01-15,UAE,iOS,Paid Search
1701,2026-04-29,India,Web,Referral
1702,2026-01-29,India,iOS,Organic
1703,2026-06-06,Germany,iOS,Organic
1704,2026-03-16,Germany,Web,Organic
1705,2026-04-26,India,Android,Paid Search
1706,2026-02-01,India,Web,Organic
1707,2026-05-10,UAE,Android,Organic
1708,2026-06-24,India,iOS,Referral
1709,2026-03-25,UK,iOS,Direct
1710,2026-01-22,UK,iOS,Organic
1711,2026-01-27,Germany,Web,Referral
1712,2026-03-22,USA,Web,Organic
1713,2026-05-06,UK,Android,Direct
1714,2026-04-02,USA,iOS,Organic
1715,2026-01-21,India,Android,Direct
1716,2026-02-16,UK,Android,Organic
1717,2026-04-11,UAE,Android,Direct
1718,2026-03-25,India,iOS,Organic
1719,2026-01-06,India,Web,Organic
1720,2026-05-27,India,Web,Organic
1721,2026-05-11,Germany,iOS,Organic
1722,2026-01-01,India,Web,Direct
1723,2026-02-27,India,Web,Referral
1724,2026-05-04,UAE,Web,Paid Search
1725,2026-06-15,USA,Android,Direct
1726,2026-01-15,India,Android,Paid Search
1727,2026-06-11,Germany,iOS,Direct
1728,2026-06-12,Germany,Web,Organic
1729,2026-03-05,UK,iOS,Direct
1730,2026-01-25,USA,iOS,Organic
1731,2026-01-24,India,Web,Referral
1732,2026-01-12,India,Web,Paid Search
1733,2026-01-18,USA,Web,Referral
1734,2026-01-15,India,iOS,Referral
1735,2026-01-27,India,iOS,Paid Search
1736,2026-03-13,UK,Web,Direct
1737,2026-03-01,India,Android,Direct
1738,2026-06-23,Germany,Web,Direct
1739,2026-05-25,India,Web,Direct
1740,2026-04-03,USA,Web,LinkedIn
1741,2026-02-22,UK,Web,Direct
1742,2026-01-08,USA,Web,Direct
1743,2026-03-20,India,Web,Paid Search
1744,2026-01-27,UK,Web,LinkedIn
1745,2026-06-23,Germany,Web,Direct
1746,2026-02-19,UAE,iOS,LinkedIn
1747,2026-05-11,UAE,Web,Paid Search
1748,2026-04-03,UK,Web,Organic
1749,2026-06-21,USA,Android,Direct
1750,2026-06-30,UAE,Web,Direct
1751,2026-01-24,Germany,Android,Paid Search
1752,2026-03-01,India,Android,Organic
1753,2026-05-02,UAE,Web,Paid Search
1754,2026-05-11,USA,Android,Referral
1755,2026-05-28,USA,Android,Paid Search
1756,2026-02-15,Germany,Android,Referral
1757,2026-01-15,Germany,iOS,Direct
1758,2026-06-02,UAE,Web,LinkedIn
1759,2026-01-17,India,Android,Paid Search
1760,2026-05-06,India,Web,Direct
1761,2026-03-25,USA,Web,Referral
1762,2026-01-09,Germany,Web,Organic
1763,2026-06-15,India,Web,Paid Search
1764,2026-06-25,India,Web,LinkedIn
1765,2026-03-04,India,iOS,Direct
1766,2026-04-27,USA,Android,Direct
1767,2026-05-10,India,Web,Paid Search
1768,2026-03-29,UAE,Android,Organic
1769,2026-03-13,UK,Android,Organic
1770,2026-05-19,USA,Web,LinkedIn
1771,2026-03-05,USA,Web,LinkedIn
1772,2026-03-13,UK,Android,Paid Search
1773,2026-01-21,India,iOS,Paid Search
1774,2026-01-18,UK,Android,Direct
1775,2026-03-05,USA,iOS,Direct
1776,2026-03-23,Germany,Web,Organic
1777,2026-04-20,India,Web,LinkedIn
1778,2026-04-05,India,iOS,Referral
1779,2026-06-15,India,Web,Organic
1780,2026-02-01,UAE,iOS,Paid Search
1781,2026-01-11,USA,Android,Organic
1782,2026-02-14,India,iOS,Organic
1783,2026-02-02,UAE,Android,Referral
1784,2026-04-12,India,Web,Paid Search
1785,2026-06-18,India,iOS,Paid Search
1786,2026-05-16,UAE,iOS,Referral
1787,2026-01-11,India,Android,Organic
1788,2026-06-28,UAE,iOS,LinkedIn
1789,2026-03-29,USA,Web,Paid Search
1790,2026-02-10,UK,Android,Paid Search
1791,2026-05-25,India,iOS,Direct
1792,2026-03-17,Germany,Web,Paid Search
1793,2026-05-01,UK,iOS,Referral
1794,2026-02-15,USA,Android,Paid Search
1795,2026-06-09,India,iOS,Direct
1796,2026-03-21,India,Web,Direct
1797,2026-02-23,India,Android,Organic
1798,2026-03-27,India,Android,LinkedIn
1799,2026-04-02,UAE,Web,Organic
1800,2026-05-28,Germany,Web,Direct
1801,2026-06-10,UAE,Web,Paid Search
1802,2026-06-17,India,iOS,Direct
1803,2026-06-09,UK,Android,Paid Search
1804,2026-04-07,India,Web,Referral
1805,2026-01-02,UK,Web,Direct
1806,2026-02-02,UK,Web,Direct
1807,2026-06-07,USA,iOS,Organic
1808,2026-06-10,Germany,Web,Referral
1809,2026-03-18,India,Web,Paid Search
1810,2026-04-26,UK,Web,Paid Search
1811,2026-06-03,Germany,iOS,Paid Search
1812,2026-05-30,USA,Web,Paid Search
1813,2026-04-13,UAE,Web,Referral
1814,2026-06-15,Germany,Android,Organic
1815,2026-04-13,India,Web,Referral
1816,2026-03-31,Germany,Web,Organic
1817,2026-06-23,India,Android,Organic
1818,2026-05-02,UK,Web,LinkedIn
1819,2026-05-23,Germany,iOS,Organic
1820,2026-04-16,India,Web,Paid Search
1821,2026-04-29,UAE,Android,Paid Search
1822,2026-06-21,India,Web,Paid Search
1823,2026-02-18,Germany,Android,LinkedIn
1824,2026-04-14,USA,Web,Paid Search
1825,2026-03-02,USA,Web,Organic
1826,2026-05-03,UK,Android,Direct
1827,2026-05-14,USA,Android,Direct
1828,2026-01-09,UAE,Web,Organic
1829,2026-01-06,UAE,Android,Referral
1830,2026-03-14,USA,Web,Paid Search
1831,2026-04-13,UAE,iOS,Organic
1832,2026-06-09,India,Web,Paid Search
1833,2026-02-10,India,iOS,Referral
1834,2026-04-24,India,Web,Organic
1835,2026-01-08,Germany,Web,Direct
1836,2026-03-13,UAE,Web,Paid Search
1837,2026-06-27,USA,Web,Paid Search
1838,2026-04-02,UAE,Android,LinkedIn
1839,2026-03-03,India,Android,Organic
1840,2026-03-25,India,Android,Paid Search
1841,2026-03-03,USA,Web,Paid Search
1842,2026-04-21,UK,Web,Paid Search
1843,2026-05-07,Germany,iOS,Paid Search
1844,2026-01-07,USA,Android,Organic
1845,2026-03-25,UK,Web,Organic
1846,2026-05-12,UK,Android,Organic
1847,2026-05-14,Germany,Android,Direct
1848,2026-02-27,USA,Android,Organic
1849,2026-01-22,India,Web,Organic
1850,2026-06-03,UK,Web,Direct
1851,2026-05-07,USA,Web,Referral
1852,2026-01-03,USA,Web,Paid Search
1853,2026-05-07,India,Web,Organic
1854,2026-02-10,Germany,Web,LinkedIn
1855,2026-04-16,Germany,Android,Organic
1856,2026-01-14,India,Web,LinkedIn
1857,2026-01-12,Germany,Web,Direct
1858,2026-03-28,India,iOS,Referral
1859,2026-01-12,India,iOS,Organic
1860,2026-05-21,India,Android,Referral
1861,2026-01-25,India,Web,Referral
1862,2026-02-14,USA,iOS,Referral
1863,2026-05-02,India,iOS,Paid Search
1864,2026-05-27,India,Web,LinkedIn
1865,2026-02-24,India,Android,Referral
1866,2026-04-10,India,Web,Direct
1867,2026-06-22,India,Web,Direct
1868,2026-05-16,USA,Web,Organic
1869,2026-04-29,India,Web,LinkedIn
1870,2026-02-22,Germany,Web,Organic
1871,2026-02-01,USA,Android,LinkedIn
1872,2026-02-20,India,Web,Organic
1873,2026-02-13,Germany,Android,Paid Search
1874,2026-03-23,India,iOS,LinkedIn
1875,2026-05-26,India,Web,Organic
1876,2026-05-30,India,Web,Direct
1877,2026-02-06,India,iOS,Referral
1878,2026-04-06,UK,iOS,Paid Search
1879,2026-02-25,USA,Web,Paid Search
1880,2026-04-15,India,Web,Direct
1881,2026-02-28,USA,Android,Organic
1882,2026-05-11,India,Web,LinkedIn
1883,2026-06-05,USA,Android,LinkedIn
1884,2026-02-04,India,iOS,Direct
1885,2026-04-03,India,Web,LinkedIn
1886,2026-04-07,India,Web,Referral
1887,2026-05-15,India,Web,Direct
1888,2026-03-17,UK,Android,Direct
1889,2026-02-18,USA,Web,LinkedIn
1890,2026-04-04,India,Web,Organic
1891,2026-06-08,USA,iOS,Paid Search
1892,2026-01-24,USA,Web,Referral
1893,2026-05-28,Germany,Web,Referral
1894,2026-02-06,India,Android,Paid Search
1895,2026-01-04,UAE,Web,Organic
1896,2026-04-18,Germany,Android,Referral
1897,2026-05-06,USA,Android,Organic
1898,2026-01-20,UAE,Web,Organic
1899,2026-06-01,India,Web,Paid Search
1900,2026-02-19,India,Web,LinkedIn
1901,2026-06-26,UK,iOS,Paid Search
1902,2026-06-28,USA,Web,Organic
1903,2026-04-06,India,Android,Organic
1904,2026-04-15,UK,iOS,Paid Search
1905,2026-06-13,UK,Web,LinkedIn
1906,2026-04-27,UK,iOS,LinkedIn
1907,2026-04-08,USA,Web,Organic
1908,2026-03-07,USA,Android,Paid Search
1909,2026-03-20,India,iOS,Direct
1910,2026-06-11,Germany,Web,Organic
1911,2026-06-13,India,Web,Referral
1912,2026-01-06,India,Android,Paid Search
1913,2026-02-08,India,iOS,Organic
1914,2026-06-19,India,Android,Organic
1915,2026-04-25,India,Web,Referral
1916,2026-05-05,India,Web,Organic
1917,2026-01-12,USA,Web,Organic
1918,2026-05-11,India,iOS,Paid Search
1919,2026-01-18,USA,Web,Organic
1920,2026-02-09,India,Web,Paid Search
1921,2026-01-21,Germany,iOS,Organic
1922,2026-05-23,USA,Web,Paid Search
1923,2026-04-09,India,Web,LinkedIn
1924,2026-01-26,USA,Web,Referral
1925,2026-01-08,UK,iOS,Paid Search
1926,2026-04-10,USA,Web,Organic
1927,2026-03-28,UK,Web,Referral
1928,2026-02-11,UK,Web,Organic
1929,2026-06-21,USA,iOS,Organic
1930,2026-01-14,UAE,Android,LinkedIn
1931,2026-03-19,India,Web,Direct
1932,2026-01-02,USA,Web,Paid Search
1933,2026-04-29,UAE,Android,Organic
1934,2026-02-06,UAE,Android,Direct
1935,2026-03-10,India,iOS,Organic
1936,2026-06-15,UAE,Android,Direct
1937,2026-02-10,Germany,iOS,Paid Search
1938,2026-03-03,India,iOS,Paid Search
1939,2026-03-01,UAE,Web,Referral
1940,2026-05-05,USA,Web,Direct
1941,2026-04-21,USA,Web,Direct
1942,2026-01-14,UAE,Android,Paid Search
1943,2026-03-25,India,Android,LinkedIn
1944,2026-05-10,Germany,iOS,Referral
1945,2026-03-11,USA,Web,LinkedIn
1946,2026-05-25,India,Web,Direct
1947,2026-05-03,India,Web,Organic
1948,2026-03-30,UAE,Web,Paid Search
1949,2026-01-28,India,iOS,Direct
1950,2026-03-07,India,Android,Direct
1951,2026-06-12,Germany,Web,Organic
1952,2026-01-05,India,Web,Organic
1953,2026-06-17,USA,iOS,Direct
1954,2026-06-13,India,Web,Paid Search
1955,2026-02-14,USA,Android,Referral
1956,2026-05-31,USA,Web,Organic
1957,2026-02-16,India,Web,Direct
1958,2026-01-31,UK,Web,Organic
1959,2026-05-19,India,Web,Organic
1960,2026-01-10,Germany,iOS,Organic
1961,2026-04-28,Germany,Web,Direct
1962,2026-01-14,UAE,Web,LinkedIn
1963,2026-03-21,UAE,Web,LinkedIn
1964,2026-04-03,India,Web,Paid Search
1965,2026-01-10,USA,Web,Direct
1966,2026-03-17,UAE,Web,LinkedIn
1967,2026-04-04,India,iOS,LinkedIn
1968,2026-04-15,UAE,Android,Direct
1969,2026-01-01,India,Web,Paid Search
1970,2026-05-13,USA,Web,Referral
1971,2026-01-20,India,Web,Direct
1972,2026-01-08,UK,Web,LinkedIn
1973,2026-06-20,India,iOS,Referral
1974,2026-01-01,India,Android,Organic
1975,2026-02-26,UK,iOS,LinkedIn
1976,2026-03-05,Germany,Web,Referral
1977,2026-04-28,USA,Web,Organic
1978,2026-01-28,India,Android,Direct
1979,2026-05-01,India,Web,Paid Search
1980,2026-04-17,Germany,Web,Paid Search
1981,2026-06-14,UAE,Android,LinkedIn
1982,2026-06-24,India,iOS,Paid Search
1983,2026-06-14,Germany,iOS,Organic
1984,2026-02-18,USA,Web,Paid Search
1985,2026-04-30,Germany,Web,Organic
1986,2026-02-13,Germany,Web,Organic
1987,2026-02-25,Germany,iOS,Organic
1988,2026-06-05,India,Web,Organic
1989,2026-04-21,India,Android,Paid Search
1990,2026-05-14,UK,Android,Referral
1991,2026-04-18,UK,Web,Direct
1992,2026-05-28,UAE,Web,Referral
1993,2026-04-24,UAE,Web,LinkedIn
1994,2026-03-19,UAE,Android,Paid Search
1995,2026-05-10,UK,iOS,LinkedIn
1996,2026-02-06,India,iOS,Referral
1997,2026-01-20,India,Web,Paid Search
1998,2026-01-26,UK,Web,Organic
1999,2026-01-29,USA,iOS,Paid Search
2000,2026-01-01,India,Web,Referral
2001,2026-04-29,UK,iOS,Paid Search
2002,2026-02-04,USA,Android,Direct
2003,2026-02-28,UAE,Web,Organic
2004,2026-03-10,India,Web,Organic
2005,2026-06-10,UAE,Web,Referral
2006,2026-06-28,India,Web,Direct
2007,2026-01-12,Germany,Android,Paid Search
2008,2026-01-20,India,iOS,Referral
2009,2026-06-30,USA,Android,Organic
2010,2026-02-12,India,iOS,Referral
2011,2026-05-06,UAE,Web,LinkedIn
2012,2026-02-19,UK,Web,Direct
2013,2026-01-29,India,Android,Organic
2014,2026-02-08,UAE,Web,Paid Search
2015,2026-06-20,India,iOS,Referral
2016,2026-06-27,India,Android,Organic
2017,2026-05-31,UK,Web,LinkedIn
2018,2026-06-21,India,Web,Referral
2019,2026-02-07,Germany,iOS,Organic
2020,2026-03-25,UK,Android,Direct
2021,2026-05-31,UAE,Web,Organic
2022,2026-05-08,India,Android,Direct
2023,2026-05-06,UAE,iOS,Direct
2024,2026-02-14,USA,Android,LinkedIn
2025,2026-02-21,India,Web,Organic
2026,2026-03-21,USA,Web,Direct
2027,2026-06-27,India,Android,LinkedIn
2028,2026-05-04,USA,Android,Organic
2029,2026-04-29,India,Web,Paid Search
2030,2026-01-08,Germany,iOS,Organic
2031,2026-03-26,UAE,Android,Direct
2032,2026-05-09,India,Web,Direct
2033,2026-01-08,India,iOS,Direct
2034,2026-06-06,UAE,Android,LinkedIn
2035,2026-04-06,Germany,Web,Paid Search
2036,2026-04-12,India,Web,Organic
2037,2026-01-05,India,Android,Organic
2038,2026-03-27,UK,Web,Organic
2039,2026-06-24,UAE,Web,Referral
2040,2026-02-03,UK,Android,Direct
2041,2026-02-24,USA,iOS,Direct
2042,2026-04-29,India,Android,Organic
2043,2026-06-20,Germany,Android,LinkedIn
2044,2026-06-07,UAE,Web,Referral
2045,2026-04-24,India,Web,Paid Search
2046,2026-05-25,USA,Web,LinkedIn
2047,2026-01-26,UK,Web,Paid Search
2048,2026-05-16,India,iOS,Direct
2049,2026-02-16,UK,iOS,LinkedIn
2050,2026-04-23,India,Web,LinkedIn
2051,2026-03-17,UAE,Web,Organic
2052,2026-03-13,Germany,Web,Organic
2053,2026-03-30,India,Web,Paid Search
2054,2026-02-15,UAE,Web,LinkedIn
2055,2026-02-02,USA,Web,Direct
2056,2026-01-01,Germany,iOS,Paid Search
2057,2026-05-27,UAE,Web,LinkedIn
2058,2026-01-31,UK,Web,Paid Search
2059,2026-05-22,UK,iOS,Organic
2060,2026-02-22,Germany,Web,LinkedIn
2061,2026-02-17,Germany,iOS,LinkedIn
2062,2026-03-10,India,Web,Organic
2063,2026-04-15,UAE,Web,Paid Search
2064,2026-03-31,UAE,Web,Paid Search
2065,2026-03-04,USA,Android,Organic
2066,2026-03-14,UK,Web,Direct
2067,2026-06-10,USA,Android,Referral
2068,2026-06-18,Germany,Web,Organic
2069,2026-03-30,India,Web,Organic
2070,2026-06-25,India,Web,Direct
2071,2026-01-13,UAE,Web,LinkedIn
2072,2026-03-14,India,Web,LinkedIn
2073,2026-03-18,India,Web,Organic
2074,2026-06-08,India,Web,Direct
2075,2026-03-09,USA,Web,Paid Search
2076,2026-04-08,Germany,Web,LinkedIn
2077,2026-05-05,UK,Web,Direct
2078,2026-04-12,UK,Web,Organic
2079,2026-05-12,India,iOS,Paid Search
2080,2026-04-12,USA,Android,Organic
2081,2026-01-19,USA,Web,Paid Search
2082,2026-03-23,UK,Web,Organic
2083,2026-05-21,India,Web,Direct
2084,2026-01-23,India,Android,Paid Search
2085,2026-03-24,India,Web,Referral
2086,2026-04-19,UK,iOS,Direct
2087,2026-03-16,USA,Web,Direct
2088,2026-05-09,Germany,Web,Referral
2089,2026-03-29,UAE,Web,Paid Search
2090,2026-02-23,USA,Web,Organic
2091,2026-03-30,Germany,Android,Organic
2092,2026-05-23,India,Web,Referral
2093,2026-03-06,UAE,iOS,Organic
2094,2026-03-17,Germany,iOS,Paid Search
2095,2026-05-23,India,iOS,Organic
2096,2026-05-29,Germany,Web,Referral
2097,2026-05-27,Germany,Web,Paid Search
2098,2026-03-01,USA,Web,Organic
2099,2026-04-03,USA,Web,Organic
2100,2026-06-10,USA,iOS,Referral
2101,2026-02-18,USA,Web,LinkedIn
2102,2026-02-04,India,iOS,Paid Search
2103,2026-06-21,India,Web,Direct
2104,2026-04-12,India,Android,Organic
2105,2026-01-11,USA,Web,Organic
2106,2026-04-09,India,Web,Organic
2107,2026-04-20,India,Android,Referral
2108,2026-03-15,India,Web,LinkedIn
2109,2026-06-23,USA,Android,Organic
2110,2026-01-09,Germany,Web,Referral
2111,2026-01-03,Germany,Web,Paid Search
2112,2026-03-26,UAE,iOS,Direct
2113,2026-01-26,Germany,Android,LinkedIn
2114,2026-03-13,USA,Web,LinkedIn
2115,2026-02-17,UK,Android,Referral
2116,2026-06-05,UK,iOS,Direct
2117,2026-04-27,India,Android,Direct
2118,2026-06-03,Germany,Web,Referral
2119,2026-06-02,UAE,Web,Paid Search
2120,2026-01-12,UAE,Android,Paid Search
2121,2026-05-13,USA,Android,Paid Search
2122,2026-02-17,India,Web,Referral
2123,2026-02-06,India,Web,Organic
2124,2026-02-13,UK,Web,Direct
2125,2026-01-15,India,iOS,Paid Search
2126,2026-02-12,USA,Web,Direct
2127,2026-06-25,UK,Web,Paid Search
2128,2026-03-28,UK,Web,LinkedIn
2129,2026-03-11,UK,iOS,Paid Search
2130,2026-02-15,UK,Web,Referral
2131,2026-04-18,UK,Web,Paid Search
2132,2026-05-03,USA,iOS,Paid Search
2133,2026-06-20,USA,iOS,Direct
2134,2026-01-21,USA,Web,Organic
2135,2026-05-31,Germany,Web,Paid Search
2136,2026-04-17,India,iOS,Organic
2137,2026-03-21,UAE,Android,Direct
2138,2026-02-16,Germany,iOS,Organic
2139,2026-04-27,UAE,Android,Referral
2140,2026-05-04,India,iOS,Organic
2141,2026-05-23,UK,Android,Paid Search
2142,2026-01-25,India,Web,Direct
2143,2026-02-05,India,Web,Organic
2144,2026-02-20,Germany,Web,LinkedIn
2145,2026-01-15,UK,Web,Organic
2146,2026-03-09,India,Web,Paid Search
2147,2026-01-21,Germany,Web,Referral
2148,2026-05-21,Germany,iOS,Referral
2149,2026-01-19,UAE,Web,Referral
2150,2026-02-03,India,Web,Referral
2151,2026-03-19,USA,Android,Organic
2152,2026-05-05,USA,Web,Paid Search
2153,2026-04-27,USA,Web,Organic
2154,2026-02-21,Germany,Web,LinkedIn
2155,2026-01-27,USA,Android,Direct
2156,2026-06-06,India,Web,Organic
2157,2026-06-05,USA,iOS,Organic
2158,2026-02-04,India,Web,Organic
2159,2026-05-16,USA,Web,Direct
2160,2026-05-24,UK,Web,Direct
2161,2026-04-16,India,iOS,Paid Search
2162,2026-06-13,UK,Android,Paid Search
2163,2026-06-07,India,iOS,Organic
2164,2026-05-26,India,iOS,Referral
2165,2026-01-02,UK,Web,LinkedIn
2166,2026-06-26,India,iOS,Paid Search
2167,2026-03-18,USA,Web,Direct
2168,2026-05-12,India,iOS,Referral
2169,2026-03-31,USA,Web,Organic
2170,2026-03-30,USA,Web,Referral
2171,2026-04-04,USA,Web,Paid Search
2172,2026-01-07,UAE,Web,Direct
2173,2026-04-05,Germany,Web,Paid Search
2174,2026-04-18,India,iOS,Paid Search
2175,2026-03-15,India,Web,LinkedIn
2176,2026-02-08,UAE,Web,Referral
2177,2026-05-21,India,iOS,Paid Search
2178,2026-06-08,Germany,Web,Direct
2179,2026-03-12,India,iOS,Paid Search
2180,2026-02-25,USA,iOS,Organic
2181,2026-06-19,USA,Android,Direct
2182,2026-02-11,India,iOS,Organic
2183,2026-02-05,UK,Web,Organic
2184,2026-03-25,India,Web,Referral
2185,2026-04-28,UAE,Web,Organic
2186,2026-01-07,India,Android,Direct
2187,2026-02-23,Germany,Web,Paid Search
2188,2026-05-09,Germany,Web,Referral
2189,2026-06-21,India,Web,Organic
2190,2026-04-30,India,Android,Organic
2191,2026-06-22,USA,Web,Referral
2192,2026-04-16,India,Android,Referral
2193,2026-02-16,Germany,Web,LinkedIn
2194,2026-05-03,UK,Web,Organic
2195,2026-05-21,UAE,Web,LinkedIn
2196,2026-04-29,USA,Android,Organic
2197,2026-05-30,UAE,Android,Referral
2198,2026-04-28,Germany,Web,Referral
2199,2026-01-21,Germany,Web,Organic
2200,2026-05-17,India,iOS,Referral
2201,2026-01-26,India,Web,Organic
2202,2026-01-09,Germany,Web,Referral
2203,2026-01-15,Germany,Web,LinkedIn
2204,2026-01-10,India,Web,Organic
2205,2026-05-02,USA,Web,Direct
2206,2026-05-01,UAE,Web,Paid Search
2207,2026-05-05,India,Web,Direct
2208,2026-06-19,Germany,Android,Organic
2209,2026-03-13,India,Web,Direct
2210,2026-06-01,Germany,iOS,Organic
2211,2026-02-18,India,Web,Paid Search
2212,2026-06-03,UK,iOS,Direct
2213,2026-04-01,India,Web,Organic
2214,2026-02-06,UK,iOS,Organic
2215,2026-03-09,USA,Web,LinkedIn
2216,2026-02-19,India,Android,Referral
2217,2026-06-01,UK,Web,Referral
2218,2026-01-19,UAE,Web,Organic
2219,2026-04-10,India,Android,LinkedIn
2220,2026-03-01,USA,iOS,Organic
2221,2026-06-16,India,Web,Direct
2222,2026-03-30,UK,Android,LinkedIn
2223,2026-05-26,UK,Web,LinkedIn
2224,2026-05-27,UK,Web,Organic
2225,2026-06-13,India,Android,Direct
2226,2026-03-10,UAE,Web,Referral
2227,2026-06-24,UAE,Android,Direct
2228,2026-02-18,USA,Web,Organic
2229,2026-04-18,USA,iOS,LinkedIn
2230,2026-06-10,UK,Web,Referral
2231,2026-04-29,India,Android,Organic
2232,2026-05-29,India,iOS,Paid Search
2233,2026-05-30,India,Web,Organic
2234,2026-06-25,India,iOS,Paid Search
2235,2026-02-06,UAE,Web,Paid Search
2236,2026-05-23,India,Android,Paid Search
2237,2026-06-12,India,Android,Referral
2238,2026-06-09,India,Web,Referral
2239,2026-01-11,India,Android,Organic
2240,2026-05-18,India,Web,LinkedIn
2241,2026-03-19,India,Web,Direct
2242,2026-03-18,UAE,Web,Paid Search
2243,2026-06-02,UK,iOS,Organic
2244,2026-01-02,India,Web,Referral
2245,2026-03-05,UAE,Android,LinkedIn
2246,2026-02-04,India,Web,LinkedIn
2247,2026-01-07,India,iOS,Referral
2248,2026-03-26,India,Web,Organic
2249,2026-05-26,UAE,Android,Direct
2250,2026-03-08,USA,Web,Paid Search
2251,2026-02-11,India,Web,Organic
2252,2026-04-28,India,Web,Organic
2253,2026-05-05,Germany,iOS,Paid Search
2254,2026-06-16,India,Web,Referral
2255,2026-06-18,India,iOS,LinkedIn
2256,2026-01-24,Germany,Web,Direct
2257,2026-02-15,USA,Android,Organic
2258,2026-01-19,UAE,Web,Direct
2259,2026-03-09,UAE,Web,LinkedIn
2260,2026-04-12,India,Web,Paid Search
2261,2026-02-11,India,Web,Direct
2262,2026-02-01,UK,Web,LinkedIn
2263,2026-06-16,India,Android,Paid Search
2264,2026-04-19,UAE,Android,Direct
2265,2026-02-05,Germany,iOS,LinkedIn
2266,2026-04-07,Germany,Web,LinkedIn
2267,2026-06-13,India,Web,Direct
2268,2026-05-11,UK,iOS,Paid Search
2269,2026-03-14,UAE,Web,LinkedIn
2270,2026-05-16,Germany,Android,LinkedIn
2271,2026-04-07,India,Web,Paid Search
2272,2026-05-03,India,Android,Organic
2273,2026-03-11,India,Web,LinkedIn
2274,2026-06-18,India,Android,Organic
2275,2026-01-13,India,Web,LinkedIn
2276,2026-02-18,USA,Android,Direct
2277,2026-03-01,USA,Web,Paid Search
2278,2026-05-10,India,iOS,Organic
2279,2026-01-05,UAE,Android,Organic
2280,2026-06-21,India,Web,Referral
2281,2026-01-27,Germany,Web,Direct
2282,2026-06-09,Germany,Web,Referral
2283,2026-05-29,Germany,Web,Organic
2284,2026-01-08,Germany,Web,Referral
2285,2026-02-19,India,Web,LinkedIn
2286,2026-03-08,India,Web,Paid Search
2287,2026-02-13,UK,iOS,LinkedIn
2288,2026-05-05,Germany,iOS,Paid Search
2289,2026-02-27,India,Web,LinkedIn
2290,2026-01-03,India,Android,Paid Search
2291,2026-03-27,USA,Android,Organic
2292,2026-03-11,India,Web,Direct
2293,2026-05-10,UAE,Web,Referral
2294,2026-06-21,USA,Web,Organic
2295,2026-01-02,India,iOS,Direct
2296,2026-04-12,India,iOS,LinkedIn
2297,2026-02-04,USA,Web,Organic
2298,2026-04-08,UK,iOS,Referral
2299,2026-01-30,Germany,Web,Direct
2300,2026-04-26,India,Web,LinkedIn
2301,2026-01-08,India,iOS,Organic
2302,2026-05-30,USA,iOS,Referral
2303,2026-02-13,UK,Web,Referral
2304,2026-02-05,India,Web,Direct
2305,2026-03-18,USA,Android,Organic
2306,2026-01-31,India,iOS,LinkedIn
2307,2026-02-16,India,iOS,Organic
2308,2026-02-24,India,Web,LinkedIn
2309,2026-04-16,UAE,Web,Direct
2310,2026-06-07,UAE,Web,Organic
2311,2026-05-01,UK,Web,Paid Search
2312,2026-02-24,USA,Android,Referral
2313,2026-05-24,Germany,Web,LinkedIn
2314,2026-01-12,India,Web,Paid Search
2315,2026-05-25,India,Web,LinkedIn
2316,2026-05-24,India,Web,Direct
2317,2026-05-20,India,Android,LinkedIn
2318,2026-05-16,USA,iOS,LinkedIn
2319,2026-01-03,USA,Web,Paid Search
2320,2026-05-24,USA,iOS,Direct
2321,2026-01-30,India,iOS,Organic
2322,2026-01-23,India,iOS,Organic
2323,2026-04-02,UAE,Web,Paid Search
2324,2026-04-25,India,Web,LinkedIn
2325,2026-04-14,UK,Web,Direct
2326,2026-04-28,Germany,Android,Organic
2327,2026-01-05,UAE,iOS,Direct
2328,2026-04-14,USA,Web,Direct
2329,2026-04-18,UK,Web,Referral
2330,2026-03-06,India,Web,LinkedIn
2331,2026-05-01,UK,Web,Organic
2332,2026-01-30,India,Android,Organic
2333,2026-05-29,India,Web,Direct
2334,2026-03-25,UK,Web,Paid Search
2335,2026-05-30,Germany,Android,Organic
2336,2026-02-01,India,Web,LinkedIn
2337,2026-06-10,UAE,Android,Direct
2338,2026-01-16,Germany,Web,Referral
2339,2026-02-07,USA,iOS,Paid Search
2340,2026-05-22,USA,Web,Paid Search
2341,2026-02-05,India,Android,LinkedIn
2342,2026-05-31,Germany,Web,Organic
2343,2026-04-24,India,Web,Organic
2344,2026-03-07,UK,Android,Paid Search
2345,2026-04-15,India,Web,Referral
2346,2026-03-26,UK,iOS,Paid Search
2347,2026-01-02,India,Web,Organic
2348,2026-03-16,UAE,Web,Organic
2349,2026-03-08,India,iOS,Organic
2350,2026-06-29,India,iOS,Organic
2351,2026-05-31,UK,Android,Referral
2352,2026-06-03,Germany,iOS,Referral
2353,2026-02-24,Germany,Web,Paid Search
2354,2026-01-06,India,Android,Paid Search
2355,2026-06-12,USA,Web,Organic
2356,2026-05-30,USA,Web,Paid Search
2357,2026-06-20,India,Web,Organic
2358,2026-05-23,India,Web,Organic
2359,2026-03-27,USA,Android,Organic
2360,2026-03-01,Germany,Web,Direct
2361,2026-04-11,UK,iOS,Paid Search
2362,2026-01-12,UAE,Web,Direct
2363,2026-02-18,UK,Web,Paid Search
2364,2026-02-11,India,Web,Paid Search
2365,2026-06-15,USA,iOS,LinkedIn
2366,2026-03-23,USA,Web,Organic
2367,2026-06-22,India,Android,Organic
2368,2026-02-04,Germany,Web,Direct
2369,2026-06-07,India,Web,Referral
2370,2026-06-07,Germany,iOS,Organic
2371,2026-05-14,UAE,Android,Organic
2372,2026-03-08,India,Web,Direct
2373,2026-03-21,UAE,iOS,Direct
2374,2026-01-07,UAE,Android,Paid Search
2375,2026-06-29,India,Android,Organic
2376,2026-01-14,UK,iOS,Direct
2377,2026-03-14,UK,iOS,Paid Search
2378,2026-05-23,USA,Web,Paid Search
2379,2026-05-29,India,Android,LinkedIn
2380,2026-06-12,UK,Web,Paid Search
2381,2026-03-07,India,Android,Referral
2382,2026-04-01,USA,Web,Direct
2383,2026-05-10,India,Web,LinkedIn
2384,2026-06-12,Germany,iOS,Paid Search
2385,2026-01-20,USA,Web,Organic
2386,2026-01-10,UK,Web,Organic
2387,2026-01-25,UAE,iOS,Paid Search
2388,2026-01-25,India,Android,Paid Search
2389,2026-02-23,India,iOS,Paid Search
2390,2026-02-02,Germany,Web,Organic
2391,2026-06-13,Germany,iOS,Organic
2392,2026-04-05,India,Web,Paid Search
2393,2026-01-14,UK,Web,Referral
2394,2026-03-06,USA,iOS,Referral
2395,2026-04-20,UK,Android,Paid Search
2396,2026-03-21,India,Web,LinkedIn
2397,2026-02-23,India,Web,LinkedIn
2398,2026-05-05,India,Web,Paid Search
2399,2026-06-29,USA,Web,Organic
2400,2026-05-11,UAE,Web,Referral
2401,2026-06-18,UAE,Android,Paid Search
2402,2026-05-14,Germany,Android,Organic
2403,2026-01-25,UK,iOS,Direct
2404,2026-05-21,Germany,Web,Paid Search
2405,2026-04-27,UAE,Android,Referral
2406,2026-05-16,India,Web,Paid Search
2407,2026-05-29,Germany,Web,Organic
2408,2026-01-25,UAE,Web,Organic
2409,2026-03-20,India,iOS,Referral
2410,2026-03-09,India,Android,Organic
2411,2026-06-22,India,Web,Organic
2412,2026-01-12,UAE,Web,Direct
2413,2026-02-01,Germany,Web,Paid Search
2414,2026-05-08,Germany,Android,Organic
2415,2026-04-06,Germany,Web,Paid Search
2416,2026-04-02,India,Web,Referral
2417,2026-05-21,UAE,iOS,Paid Search
2418,2026-01-31,India,Web,Organic
2419,2026-03-19,Germany,Web,Paid Search
2420,2026-01-20,UAE,Web,Organic
2421,2026-05-26,UK,iOS,Referral
2422,2026-03-01,USA,Web,Referral
2423,2026-05-14,UAE,Android,Organic
2424,2026-06-09,India,iOS,Organic
2425,2026-04-03,Germany,Web,Paid Search
2426,2026-02-12,Germany,Web,Referral
2427,2026-05-10,India,Web,Organic
2428,2026-03-01,UAE,Web,Organic
2429,2026-05-31,Germany,Android,Direct
2430,2026-01-31,India,Android,Organic
2431,2026-01-05,UAE,Web,Direct
2432,2026-06-11,India,Web,Organic
2433,2026-01-10,UK,Web,Organic
2434,2026-03-30,India,Web,Paid Search
2435,2026-05-10,UAE,iOS,Organic
2436,2026-05-06,India,Web,Organic
2437,2026-01-11,UK,Android,Organic
2438,2026-06-27,Germany,Web,Direct
2439,2026-06-08,USA,iOS,Paid Search
2440,2026-02-25,USA,Android,Referral
2441,2026-03-24,UK,Web,LinkedIn
2442,2026-05-17,India,Web,LinkedIn
2443,2026-04-09,India,Web,LinkedIn
2444,2026-05-29,Germany,Web,Paid Search
2445,2026-03-14,UAE,Android,Organic
2446,2026-06-05,India,Android,Organic
2447,2026-04-25,USA,Android,Organic
2448,2026-01-07,India,Android,Organic
2449,2026-03-21,India,Web,Organic
2450,2026-05-24,Germany,Android,Direct
2451,2026-04-07,Germany,Android,Direct
2452,2026-01-04,UAE,Web,Organic
2453,2026-01-04,Germany,Web,Organic
2454,2026-04-13,USA,Web,Organic
2455,2026-02-09,USA,Web,Organic
2456,2026-01-17,India,Web,Organic
2457,2026-04-11,India,Android,Direct
2458,2026-04-13,UK,Android,Organic
2459,2026-05-04,Germany,Web,Organic
2460,2026-02-21,UK,Web,Organic
2461,2026-02-21,India,Android,Direct
2462,2026-06-13,India,iOS,Direct
2463,2026-05-04,USA,Web,LinkedIn
2464,2026-06-15,India,iOS,Paid Search
2465,2026-06-27,UK,Android,Organic
2466,2026-03-04,India,Android,Organic
2467,2026-04-26,India,Web,Paid Search
2468,2026-03-03,USA,Web,LinkedIn
2469,2026-01-07,USA,Android,Organic
2470,2026-06-04,India,Web,Paid Search
2471,2026-04-02,India,iOS,Referral
2472,2026-01-14,USA,Web,Organic
2473,2026-03-27,India,Web,Referral
2474,2026-05-13,UK,Web,Paid Search
2475,2026-05-10,Germany,Web,Organic
2476,2026-03-03,India,Android,Paid Search
2477,2026-05-29,Germany,Web,Direct
2478,2026-03-20,India,Android,Organic
2479,2026-05-29,UK,Android,Paid Search
2480,2026-05-18,UAE,Web,Organic
2481,2026-02-27,Germany,iOS,Referral
2482,2026-04-30,India,Web,Direct
2483,2026-06-16,UAE,Android,Paid Search
2484,2026-05-13,Germany,iOS,Organic
2485,2026-03-06,UK,Web,Direct
2486,2026-01-13,UK,Web,LinkedIn
2487,2026-06-30,India,iOS,Referral
2488,2026-03-23,USA,Android,Paid Search
2489,2026-06-22,India,Web,Organic
2490,2026-06-09,India,iOS,LinkedIn
2491,2026-06-13,UK,Web,Referral
2492,2026-05-19,India,Android,Referral
2493,2026-05-29,Germany,Web,Organic
2494,2026-02-21,Germany,iOS,Referral
2495,2026-04-27,USA,Web,Direct
2496,2026-01-26,USA,iOS,Direct
2497,2026-02-03,USA,Android,Organic
2498,2026-02-21,India,Android,Referral
2499,2026-04-22,USA,Android,Referral
2500,2026-03-23,India,Web,Direct
2501,2026-06-29,India,Android,LinkedIn
2502,2026-06-06,USA,iOS,Direct
2503,2026-06-15,UK,Android,Direct
2504,2026-02-11,Germany,Web,Organic
2505,2026-01-21,India,Web,LinkedIn
2506,2026-02-11,UK,Web,Referral
2507,2026-05-21,India,Web,Organic
2508,2026-04-23,UK,Web,Organic
2509,2026-04-15,USA,Android,Organic
2510,2026-01-17,UK,iOS,LinkedIn
2511,2026-04-30,India,Android,Paid Search
2512,2026-05-17,India,Web,Direct
2513,2026-06-18,India,Web,Referral
2514,2026-05-09,UK,Android,LinkedIn
2515,2026-05-10,Germany,Web,Organic
2516,2026-03-01,India,Web,Paid Search
2517,2026-02-17,USA,Android,Paid Search
2518,2026-01-29,Germany,Web,Organic
2519,2026-04-07,UK,Web,Direct
2520,2026-01-10,USA,Android,Referral
2521,2026-02-27,USA,Web,Organic
2522,2026-01-21,India,Android,Direct
2523,2026-01-28,India,Web,Organic
2524,2026-02-03,India,iOS,Paid Search
2525,2026-01-08,Germany,Web,Referral
2526,2026-06-26,Germany,iOS,Organic
2527,2026-03-20,USA,Web,LinkedIn
2528,2026-05-25,India,Android,LinkedIn
2529,2026-03-28,UAE,Web,LinkedIn
2530,2026-03-29,India,Web,Organic
2531,2026-06-22,India,iOS,Organic
2532,2026-03-10,UK,Web,Organic
2533,2026-06-09,Germany,Web,Direct
2534,2026-06-21,Germany,Web,Organic
2535,2026-03-28,USA,Web,Paid Search
2536,2026-04-11,India,Web,Direct
2537,2026-01-08,India,Web,LinkedIn
2538,2026-03-18,India,Web,Direct
2539,2026-03-28,USA,iOS,Direct
2540,2026-02-12,USA,Web,Paid Search
2541,2026-05-09,UAE,Web,Paid Search
2542,2026-04-19,UAE,Android,Organic
2543,2026-06-28,India,Android,Organic
2544,2026-06-01,India,Web,Referral
2545,2026-06-01,UAE,Web,Organic
2546,2026-01-17,India,Android,LinkedIn
2547,2026-05-13,UAE,Web,Organic
2548,2026-05-28,Germany,Web,Organic
2549,2026-01-21,UK,Web,LinkedIn
2550,2026-02-27,India,Android,Organic
2551,2026-06-08,India,Web,LinkedIn
2552,2026-04-20,UAE,Android,Direct
2553,2026-05-19,UAE,iOS,LinkedIn
2554,2026-06-29,UAE,Web,Paid Search
2555,2026-05-23,UK,Android,Direct
2556,2026-05-15,UK,Web,Organic
2557,2026-01-28,USA,iOS,LinkedIn
2558,2026-02-20,India,Web,Organic
2559,2026-01-05,USA,Web,Organic
2560,2026-01-05,India,Web,Direct
2561,2026-04-04,India,Web,Paid Search
2562,2026-04-06,UK,Web,Direct
2563,2026-01-08,UK,Web,Paid Search
2564,2026-03-05,Germany,Web,Direct
2565,2026-05-18,USA,iOS,Direct
2566,2026-02-07,Germany,Web,Paid Search
2567,2026-04-21,Germany,iOS,Referral
2568,2026-04-22,UK,Web,Referral
2569,2026-03-22,UK,Web,Direct
2570,2026-05-16,UK,Web,Organic
2571,2026-04-14,Germany,Web,Referral
2572,2026-06-02,USA,iOS,Paid Search
2573,2026-03-14,India,Web,Organic
2574,2026-06-27,USA,Android,Organic
2575,2026-02-18,India,Android,Referral
2576,2026-02-05,UAE,Web,Direct
2577,2026-05-06,India,Android,Paid Search
2578,2026-03-09,USA,Web,Referral
2579,2026-03-19,Germany,Web,Referral
2580,2026-04-15,India,iOS,Paid Search
2581,2026-06-18,India,Web,Direct
2582,2026-05-02,India,Web,Paid Search
2583,2026-04-29,USA,Web,Organic
2584,2026-04-24,India,Web,Organic
2585,2026-01-10,India,Web,Direct
2586,2026-05-29,India,Web,Direct
2587,2026-06-13,UAE,Web,Organic
2588,2026-05-20,India,Web,Organic
2589,2026-04-01,USA,Android,Paid Search
2590,2026-01-02,India,Web,LinkedIn
2591,2026-04-28,USA,Android,Referral
2592,2026-01-13,India,iOS,Direct
2593,2026-06-30,UAE,iOS,Direct
2594,2026-06-09,India,iOS,Direct
2595,2026-04-05,USA,Web,Referral
2596,2026-05-24,Germany,Web,Paid Search
2597,2026-02-01,Germany,Web,LinkedIn
2598,2026-02-01,UK,Android,Paid Search
2599,2026-05-04,UAE,iOS,Organic
2600,2026-01-11,USA,Web,Organic
2601,2026-01-10,USA,Web,Referral
2602,2026-01-15,India,Android,Referral
2603,2026-01-17,USA,Web,Referral
2604,2026-06-17,UAE,Web,Organic
2605,2026-05-26,India,Web,Referral
2606,2026-06-02,India,Android,Organic
2607,2026-02-28,India,Web,LinkedIn
2608,2026-03-19,UK,Web,Paid Search
2609,2026-05-04,India,iOS,Direct
2610,2026-04-24,India,Web,LinkedIn
2611,2026-01-22,India,Android,LinkedIn
2612,2026-06-07,UK,Web,LinkedIn
2613,2026-06-21,USA,Web,Referral
2614,2026-02-01,India,Android,Organic
2615,2026-06-28,India,Android,LinkedIn
2616,2026-06-23,India,Web,Paid Search
2617,2026-04-23,Germany,Web,Paid Search
2618,2026-04-30,UAE,Android,Paid Search
2619,2026-05-29,UAE,Web,Direct
2620,2026-05-02,India,Android,Organic
2621,2026-02-01,USA,Android,Paid Search
2622,2026-04-29,UK,Web,Direct
2623,2026-02-08,India,Android,Direct
2624,2026-01-12,India,Web,Organic
2625,2026-06-24,UAE,iOS,Direct
2626,2026-01-18,USA,Web,Organic
2627,2026-05-29,Germany,Android,LinkedIn
2628,2026-05-21,UK,iOS,Referral
2629,2026-05-29,USA,iOS,Referral
2630,2026-05-06,India,Android,LinkedIn
2631,2026-05-16,UK,Web,Organic
2632,2026-02-15,USA,Web,Organic
2633,2026-04-14,India,Android,LinkedIn
2634,2026-05-15,Germany,iOS,Organic
2635,2026-05-31,India,Android,Direct
2636,2026-03-27,India,Android,Paid Search
2637,2026-05-30,UK,Web,Organic
2638,2026-03-30,UK,Web,LinkedIn
2639,2026-01-22,USA,Web,Paid Search
2640,2026-04-02,India,iOS,Organic
2641,2026-01-29,USA,Web,Paid Search
2642,2026-01-13,UK,Android,Direct
2643,2026-01-02,UAE,Web,Paid Search
2644,2026-01-29,Germany,Web,Paid Search
2645,2026-06-29,USA,Web,Paid Search
2646,2026-01-27,India,Web,Organic
2647,2026-02-19,USA,iOS,Organic
2648,2026-04-05,India,Web,Direct
2649,2026-05-31,India,Web,Direct
2650,2026-03-29,UAE,Web,Organic
2651,2026-02-13,Germany,Android,Referral
2652,2026-01-22,India,Android,Direct
2653,2026-06-20,USA,Web,Organic
2654,2026-06-14,India,iOS,Organic
2655,2026-04-07,USA,Web,Direct
2656,2026-01-03,UK,Web,LinkedIn
2657,2026-04-28,USA,iOS,Organic
2658,2026-01-19,India,Web,Paid Search
2659,2026-01-23,USA,Android,Organic
2660,2026-06-06,Germany,Web,Paid Search
2661,2026-01-30,USA,Android,LinkedIn
2662,2026-02-08,UAE,Web,Referral
2663,2026-04-18,Germany,iOS,Referral
2664,2026-04-21,India,Android,Paid Search
2665,2026-01-25,USA,Web,Organic
2666,2026-05-08,Germany,Web,Organic
2667,2026-04-21,India,Web,Direct
2668,2026-05-16,UAE,iOS,Referral
2669,2026-04-16,India,Web,Organic
2670,2026-05-24,UK,Web,Paid Search
2671,2026-03-13,UK,iOS,Direct
2672,2026-05-09,India,Web,Referral
2673,2026-04-18,UAE,iOS,Paid Search
2674,2026-01-05,India,Web,Organic
2675,2026-01-03,UAE,Web,Organic
2676,2026-05-12,India,iOS,Direct
2677,2026-04-14,Germany,iOS,Referral
2678,2026-03-05,India,Web,LinkedIn
2679,2026-04-16,Germany,Web,Direct
2680,2026-04-08,UK,Web,Direct
2681,2026-01-10,India,Web,Organic
2682,2026-05-29,USA,Web,Organic
2683,2026-05-08,UK,Web,Paid Search
2684,2026-02-15,UAE,iOS,Organic
2685,2026-06-04,India,iOS,LinkedIn
2686,2026-03-07,UAE,Web,Direct
2687,2026-06-18,India,Web,LinkedIn
2688,2026-04-22,India,Web,Organic
2689,2026-01-13,UAE,Web,Organic
2690,2026-05-17,India,Android,Paid Search
2691,2026-06-13,India,iOS,Direct
2692,2026-03-27,India,iOS,Paid Search
2693,2026-03-31,India,Android,Organic
2694,2026-02-27,India,Web,Organic
2695,2026-02-23,Germany,Web,Direct
2696,2026-01-12,India,iOS,LinkedIn
2697,2026-01-14,UK,Web,Direct
2698,2026-05-01,India,iOS,LinkedIn
2699,2026-06-11,Germany,iOS,Referral
2700,2026-06-30,India,Android,Organic
2701,2026-05-01,Germany,Web,Paid Search
2702,2026-01-20,UK,Web,Referral
2703,2026-03-16,India,iOS,Direct
2704,2026-05-24,Germany,Android,Organic
2705,2026-03-11,UK,Android,Organic
2706,2026-02-25,India,Android,Referral
2707,2026-04-11,USA,Web,Organic
2708,2026-05-12,Germany,Web,Referral
2709,2026-04-21,UAE,Web,Organic
2710,2026-05-05,India,Web,Organic
2711,2026-05-12,USA,Android,Paid Search
2712,2026-01-20,USA,Android,Referral
2713,2026-05-18,Germany,Web,Referral
2714,2026-01-24,USA,Web,Organic
2715,2026-06-03,India,Web,Direct
2716,2026-02-06,Germany,Android,Organic
2717,2026-02-23,India,Web,Organic
2718,2026-04-13,India,Web,Referral
2719,2026-05-29,UK,Web,Organic
2720,2026-02-07,UK,Web,Referral
2721,2026-06-23,India,Android,Direct
2722,2026-01-04,USA,Web,LinkedIn
2723,2026-02-26,UAE,Web,Referral
2724,2026-06-22,UAE,Web,Referral
2725,2026-01-20,USA,Web,Organic
2726,2026-01-17,UAE,iOS,Paid Search
2727,2026-04-29,India,Web,Paid Search
2728,2026-03-12,India,Web,Direct
2729,2026-01-04,Germany,Android,Organic
2730,2026-01-14,India,Web,Paid Search
2731,2026-01-03,UAE,iOS,Direct
2732,2026-03-21,UK,Web,LinkedIn
2733,2026-02-24,UAE,Web,Direct
2734,2026-05-12,India,iOS,Referral
2735,2026-04-30,UK,Android,Paid Search
2736,2026-01-24,UAE,iOS,Direct
2737,2026-06-11,Germany,Web,Organic
2738,2026-06-07,India,Web,Organic
2739,2026-03-23,UAE,Web,LinkedIn
2740,2026-05-27,UAE,Web,Referral
2741,2026-06-08,UAE,iOS,Direct
2742,2026-03-01,USA,Web,Direct
2743,2026-05-27,India,Web,Direct
2744,2026-02-18,India,iOS,Organic
2745,2026-03-04,USA,Web,LinkedIn
2746,2026-04-20,UK,iOS,LinkedIn
2747,2026-05-30,UAE,Web,Direct
2748,2026-06-01,India,Web,Paid Search
2749,2026-04-19,India,Android,Organic
2750,2026-03-17,India,Web,Direct
2751,2026-01-30,India,Web,Paid Search
2752,2026-02-27,UK,iOS,Referral
2753,2026-04-27,Germany,Android,Paid Search
2754,2026-06-08,India,Android,Paid Search
2755,2026-04-10,India,iOS,LinkedIn
2756,2026-01-19,India,Web,Paid Search
2757,2026-06-25,UAE,Android,LinkedIn
2758,2026-06-22,India,iOS,Organic
2759,2026-04-04,Germany,Web,Paid Search
2760,2026-04-23,USA,Android,Paid Search
2761,2026-05-26,Germany,Web,LinkedIn
2762,2026-03-04,Germany,Web,Paid Search
2763,2026-04-26,UAE,Android,Referral
2764,2026-04-23,UK,Web,LinkedIn
2765,2026-02-16,India,Web,LinkedIn
2766,2026-02-26,UAE,Web,Referral
2767,2026-04-28,Germany,iOS,Paid Search
2768,2026-02-14,India,Web,Paid Search
2769,2026-06-10,Germany,Web,Referral
2770,2026-05-25,India,iOS,Organic
2771,2026-01-04,Germany,Android,Direct
2772,2026-05-28,Germany,Web,Direct
2773,2026-02-16,USA,Android,Paid Search
2774,2026-05-23,USA,Android,Referral
2775,2026-02-16,UAE,iOS,Direct
2776,2026-03-19,USA,Web,Organic
2777,2026-05-04,Germany,Android,LinkedIn
2778,2026-03-16,USA,Web,Organic
2779,2026-04-13,UK,Web,Referral
2780,2026-05-17,UK,Web,Direct
2781,2026-03-31,USA,Android,Referral
2782,2026-05-24,UK,Web,Referral
2783,2026-03-10,USA,Web,Direct
2784,2026-03-02,UK,iOS,LinkedIn
2785,2026-05-18,India,Android,LinkedIn
2786,2026-02-19,UAE,iOS,Referral
2787,2026-01-03,UAE,Web,Referral
2788,2026-04-17,India,Web,Direct
2789,2026-04-23,India,iOS,Direct
2790,2026-04-04,UK,Web,LinkedIn
2791,2026-04-28,India,iOS,LinkedIn
2792,2026-03-22,India,Web,Organic
2793,2026-04-19,USA,Android,Direct
2794,2026-02-20,Germany,Web,LinkedIn
2795,2026-05-27,USA,Web,LinkedIn
2796,2026-06-19,Germany,Android,Organic
2797,2026-02-04,USA,Web,Direct
2798,2026-02-15,India,Web,Organic
2799,2026-06-03,USA,Android,Organic
2800,2026-03-10,USA,Web,LinkedIn
2801,2026-04-03,UAE,Web,LinkedIn
2802,2026-03-05,India,Web,Paid Search
2803,2026-06-14,USA,Web,LinkedIn
2804,2026-02-18,India,Web,Paid Search
2805,2026-05-29,UK,iOS,Organic
2806,2026-03-15,India,iOS,Organic
2807,2026-01-05,UK,Web,Direct
2808,2026-04-10,UK,Web,Organic
2809,2026-03-11,India,Android,Organic
2810,2026-03-31,UAE,Android,LinkedIn
2811,2026-01-04,UK,Web,Paid Search
2812,2026-05-06,USA,Android,LinkedIn
2813,2026-02-08,Germany,iOS,Direct
2814,2026-06-12,UAE,Web,Direct
2815,2026-05-09,USA,Web,Paid Search
2816,2026-01-24,India,Web,Referral
2817,2026-02-26,India,Android,LinkedIn
2818,2026-04-10,India,iOS,Paid Search
2819,2026-03-11,UK,iOS,Organic
2820,2026-02-10,India,Web,Paid Search
2821,2026-06-23,India,iOS,Organic
2822,2026-03-01,USA,Android,Direct
2823,2026-04-18,USA,Android,LinkedIn
2824,2026-02-26,UAE,Web,Organic
2825,2026-01-31,India,iOS,Organic
2826,2026-03-25,UAE,Web,Direct
2827,2026-06-01,UAE,iOS,Paid Search
2828,2026-02-05,USA,iOS,LinkedIn
2829,2026-06-07,India,Web,Paid Search
2830,2026-06-01,USA,Android,Direct
2831,2026-04-18,Germany,Web,LinkedIn
2832,2026-04-16,India,Android,Organic
2833,2026-06-07,Germany,Web,Organic
2834,2026-03-27,UAE,iOS,Referral
2835,2026-05-15,India,Android,Direct
2836,2026-06-12,UAE,Web,Organic
2837,2026-01-14,India,Web,Referral
2838,2026-04-30,India,Web,Paid Search
2839,2026-05-18,UAE,Web,Direct
2840,2026-03-21,USA,iOS,LinkedIn
2841,2026-05-24,Germany,iOS,Paid Search
2842,2026-04-16,USA,Android,Organic
2843,2026-03-11,India,Android,Organic
2844,2026-02-13,USA,Web,Referral
2845,2026-03-14,UK,iOS,Paid Search
2846,2026-02-14,USA,Android,Paid Search
2847,2026-04-17,USA,Web,Direct
2848,2026-03-25,Germany,Web,Paid Search
2849,2026-03-23,UAE,Web,LinkedIn
2850,2026-04-17,USA,Android,Organic
2851,2026-01-21,India,iOS,Organic
2852,2026-06-27,Germany,iOS,Paid Search
2853,2026-06-10,India,Web,LinkedIn
2854,2026-01-07,India,Android,Referral
2855,2026-03-11,India,Web,Direct
2856,2026-05-07,USA,iOS,Paid Search
2857,2026-05-23,UAE,Web,Paid Search
2858,2026-06-09,UAE,Web,Direct
2859,2026-05-28,Germany,Android,Paid Search
2860,2026-05-23,Germany,Android,Organic
2861,2026-06-25,India,Web,Organic
2862,2026-05-29,India,Web,LinkedIn
2863,2026-06-19,USA,Web,Direct
2864,2026-06-03,Germany,Web,Organic
2865,2026-04-30,UK,Web,Paid Search
2866,2026-05-08,UK,Android,LinkedIn
2867,2026-05-22,India,Android,Direct
2868,2026-02-26,USA,Web,Paid Search
2869,2026-06-14,UK,iOS,Direct
2870,2026-02-27,UK,Web,Paid Search
2871,2026-01-21,India,Web,Organic
2872,2026-03-23,Germany,Web,Organic
2873,2026-03-10,UK,iOS,Paid Search
2874,2026-05-11,India,Web,Paid Search
2875,2026-03-28,UK,Web,Direct
2876,2026-06-14,USA,Web,Organic
2877,2026-02-18,UK,Web,Paid Search
2878,2026-05-27,USA,Web,Organic
2879,2026-04-25,UK,Android,LinkedIn
2880,2026-03-30,Germany,iOS,Direct
2881,2026-03-26,India,Android,Organic
2882,2026-05-08,India,Web,Paid Search
2883,2026-05-20,India,Web,Organic
2884,2026-06-18,USA,Web,Paid Search
2885,2026-06-10,UK,Web,Organic
2886,2026-06-27,Germany,iOS,Referral
2887,2026-04-27,USA,Web,LinkedIn
2888,2026-05-07,UK,Web,Referral
2889,2026-03-12,Germany,iOS,Organic
2890,2026-03-27,India,Web,Paid Search
2891,2026-02-02,USA,Android,Referral
2892,2026-03-22,UAE,Web,Referral
2893,2026-06-01,UK,iOS,Organic
2894,2026-03-02,USA,Web,Direct
2895,2026-03-02,UK,Android,Paid Search
2896,2026-04-08,India,Web,Organic
2897,2026-01-28,UAE,iOS,Organic
2898,2026-02-12,UK,Web,Direct
2899,2026-06-18,USA,iOS,Organic
2900,2026-06-16,UAE,Web,Direct
2901,2026-03-27,Germany,Web,Paid Search
2902,2026-06-26,UAE,Android,Paid Search
2903,2026-01-17,UK,Android,LinkedIn
2904,2026-04-08,USA,Web,Organic
2905,2026-04-08,UK,Android,Paid Search
2906,2026-03-06,Germany,Web,Paid Search
2907,2026-03-15,USA,Android,Direct
2908,2026-03-26,UK,iOS,Referral
2909,2026-01-05,India,Web,Paid Search
2910,2026-01-02,UAE,Android,Organic
2911,2026-01-22,India,Android,Referral
2912,2026-04-22,USA,Web,Organic
2913,2026-02-26,India,Android,Organic
2914,2026-03-07,India,Web,Organic
2915,2026-03-15,India,Android,Referral
2916,2026-04-08,India,iOS,Paid Search
2917,2026-05-24,India,Web,Referral
2918,2026-04-22,Germany,iOS,LinkedIn
2919,2026-06-28,USA,iOS,Direct
2920,2026-05-05,USA,iOS,LinkedIn
2921,2026-06-16,USA,Web,Paid Search
2922,2026-03-27,India,Web,LinkedIn
2923,2026-03-17,Germany,Android,Direct
2924,2026-03-29,India,Web,Paid Search
2925,2026-06-17,India,Web,Paid Search
2926,2026-02-07,UK,iOS,Organic
2927,2026-02-28,India,Web,Direct
2928,2026-05-18,USA,iOS,Organic
2929,2026-04-09,UAE,iOS,Organic
2930,2026-03-04,USA,iOS,Referral
2931,2026-02-18,UAE,Web,Direct
2932,2026-02-01,India,Web,Paid Search
2933,2026-05-15,USA,Web,LinkedIn
2934,2026-01-21,India,Android,Direct
2935,2026-01-20,UAE,Web,Paid Search
2936,2026-06-03,India,Android,Referral
2937,2026-05-07,UK,iOS,Referral
2938,2026-03-09,USA,Android,Direct
2939,2026-04-20,UAE,Web,LinkedIn
2940,2026-04-26,Germany,Web,Direct
2941,2026-05-23,Germany,Android,Organic
2942,2026-04-30,USA,Web,Paid Search
2943,2026-03-20,USA,Web,Organic
2944,2026-04-26,India,Web,Paid Search
2945,2026-04-02,USA,Android,Direct
2946,2026-01-14,India,iOS,Paid Search
2947,2026-06-04,India,iOS,Organic
2948,2026-05-05,Germany,iOS,Organic
2949,2026-06-17,UK,Web,Paid Search
2950,2026-02-27,UAE,Android,Organic
2951,2026-01-28,India,Web,Paid Search
2952,2026-01-26,UK,Android,Direct
2953,2026-04-23,India,Web,Paid Search
2954,2026-03-07,India,Web,Referral
2955,2026-06-02,India,Web,Referral
2956,2026-05-11,UAE,Web,LinkedIn
2957,2026-02-13,UK,iOS,Organic
2958,2026-04-07,India,Web,Direct
2959,2026-02-11,USA,Web,Referral
2960,2026-01-06,India,Web,Organic
2961,2026-06-16,USA,iOS,Organic
2962,2026-06-29,Germany,Web,Organic
2963,2026-01-23,USA,iOS,LinkedIn
2964,2026-03-30,Germany,Web,Referral
2965,2026-05-03,Germany,Web,Paid Search
2966,2026-06-27,UAE,Web,Paid Search
2967,2026-06-20,USA,Android,Direct
2968,2026-05-27,Germany,iOS,Direct
2969,2026-02-20,UAE,Web,Referral
2970,2026-01-11,India,iOS,Referral
2971,2026-01-12,Germany,Android,Direct
2972,2026-03-15,USA,Web,LinkedIn
2973,2026-01-08,India,Android,Paid Search
2974,2026-06-01,UAE,Web,Organic
2975,2026-02-10,USA,Android,LinkedIn
2976,2026-06-13,UK,Web,Organic
2977,2026-03-26,UK,Web,Organic
2978,2026-03-13,USA,Web,Direct
2979,2026-02-24,UK,Android,Referral
2980,2026-05-17,UK,Android,Direct
2981,2026-02-16,USA,iOS,Paid Search
2982,2026-05-23,USA,Web,Direct
2983,2026-06-25,UK,Web,Paid Search
2984,2026-04-14,UAE,Web,LinkedIn
2985,2026-02-11,UAE,Web,Paid Search
2986,2026-03-01,Germany,Web,Organic
2987,2026-01-12,India,Android,Paid Search
2988,2026-05-10,India,iOS,LinkedIn
2989,2026-01-07,UAE,Web,Organic
2990,2026-03-21,USA,iOS,Referral
2991,2026-05-11,India,Android,Organic
2992,2026-04-19,India,iOS,Organic
2993,2026-01-03,India,iOS,Referral
2994,2026-01-27,USA,Android,Direct
2995,2026-04-24,India,Android,Paid Search
2996,2026-04-17,UAE,Web,Referral
2997,2026-02-09,UAE,Web,Direct
2998,2026-06-10,Germany,Android,LinkedIn
2999,2026-05-09,UAE,Web,LinkedIn
3000,2026-01-08,India,Web,Organic
3001,2026-04-11,UK,Web,Paid Search
3002,2026-06-09,Germany,iOS,Paid Search
3003,2026-05-04,UK,Android,Paid Search
3004,2026-06-25,Germany,Web,Direct
3005,2026-04-17,USA,Web,Paid Search
3006,2026-04-11,India,Android,Organic
3007,2026-01-04,USA,Web,Direct
3008,2026-04-20,India,Web,Referral
3009,2026-01-19,UK,Android,Direct
3010,2026-02-01,India,Web,Referral
3011,2026-05-17,India,Web,Organic
3012,2026-01-12,Germany,iOS,Referral
3013,2026-05-19,India,Web,Referral
3014,2026-02-15,Germany,Android,Organic
3015,2026-04-29,India,Web,Paid Search
3016,2026-01-16,India,Web,Paid Search
3017,2026-05-09,Germany,Web,Referral
3018,2026-03-04,UK,Web,Organic
3019,2026-04-19,USA,Android,Referral
3020,2026-04-29,India,Android,Organic
3021,2026-01-21,UK,Android,Paid Search
3022,2026-06-07,USA,Web,Organic
3023,2026-01-13,UK,iOS,Organic
3024,2026-06-11,UAE,Web,Paid Search
3025,2026-01-04,Germany,Android,Organic
3026,2026-06-05,USA,iOS,Paid Search
3027,2026-04-12,Germany,Web,Direct
3028,2026-02-28,USA,Web,Referral
3029,2026-05-08,USA,Web,Referral
3030,2026-01-27,India,iOS,Direct
3031,2026-03-10,UAE,Android,Direct
3032,2026-01-25,Germany,Web,Direct
3033,2026-05-11,India,Web,Organic
3034,2026-04-07,India,Web,Referral
3035,2026-01-25,India,Android,Direct
3036,2026-05-28,India,Web,Direct
3037,2026-06-11,Germany,Web,Referral
3038,2026-06-03,Germany,Web,Organic
3039,2026-05-06,UAE,iOS,Direct
3040,2026-05-13,India,Web,Paid Search
3041,2026-01-09,USA,iOS,Paid Search
3042,2026-04-26,UK,Web,Paid Search
3043,2026-06-27,Germany,Web,Paid Search
3044,2026-05-14,UK,Web,Organic
3045,2026-03-01,India,Web,Paid Search
3046,2026-06-21,UK,Web,Direct
3047,2026-05-01,Germany,Web,Paid Search
3048,2026-05-19,USA,iOS,Referral
3049,2026-06-24,USA,Web,Direct
3050,2026-04-18,India,Web,Referral
3051,2026-04-18,USA,Android,Paid Search
3052,2026-05-11,USA,iOS,Referral
3053,2026-03-17,India,iOS,Organic
3054,2026-01-30,UAE,Android,Organic
3055,2026-01-21,India,Web,LinkedIn
3056,2026-06-05,India,Android,Direct
3057,2026-06-10,India,Web,LinkedIn
3058,2026-06-12,India,Web,Organic
3059,2026-06-29,UK,Web,Paid Search
3060,2026-02-03,India,Web,Organic
3061,2026-02-10,India,Web,Referral
3062,2026-02-20,Germany,Web,Organic
3063,2026-06-24,UK,Web,Direct
3064,2026-03-23,UK,Web,Organic
3065,2026-02-27,UAE,Web,Organic
3066,2026-03-16,USA,Web,Paid Search
3067,2026-01-23,India,Web,Organic
3068,2026-06-25,USA,Web,LinkedIn
3069,2026-05-08,India,iOS,Direct
3070,2026-05-30,USA,Web,Organic
3071,2026-01-17,India,Android,Paid Search
3072,2026-03-10,USA,Android,Direct
3073,2026-04-18,UK,Web,LinkedIn
3074,2026-05-19,UAE,iOS,Direct
3075,2026-04-04,India,Web,Organic
3076,2026-01-15,UK,Web,Organic
3077,2026-04-01,Germany,Android,Organic
3078,2026-06-12,USA,Web,Paid Search
3079,2026-02-02,India,Android,LinkedIn
3080,2026-05-05,UAE,iOS,Organic
3081,2026-01-16,Germany,Web,Referral
3082,2026-06-11,UK,Web,Organic
3083,2026-03-07,USA,Web,Direct
3084,2026-06-17,Germany,Web,Organic
3085,2026-06-05,Germany,Web,Organic
3086,2026-02-16,UK,iOS,Referral
3087,2026-06-16,UAE,Web,Organic
3088,2026-05-28,India,Web,Paid Search
3089,2026-05-04,USA,Web,Paid Search
3090,2026-01-01,India,Android,Direct
3091,2026-03-28,India,Web,Referral
3092,2026-05-08,UAE,Web,Referral
3093,2026-03-08,India,Android,Direct
3094,2026-01-04,USA,Web,Direct
3095,2026-06-02,UK,Web,LinkedIn
3096,2026-02-16,UAE,Android,Referral
3097,2026-02-07,UAE,Android,Referral
3098,2026-05-23,Germany,Web,Paid Search
3099,2026-01-21,India,Web,Direct
3100,2026-02-26,USA,iOS,LinkedIn
3101,2026-04-27,Germany,Web,Organic
3102,2026-06-30,UAE,Android,Organic
3103,2026-02-15,UK,Web,Organic
3104,2026-05-22,Germany,Web,Organic
3105,2026-05-25,India,Web,Organic
3106,2026-02-08,UK,iOS,Paid Search
3107,2026-05-17,UAE,Android,Organic
3108,2026-04-09,India,iOS,Referral
3109,2026-03-18,USA,Android,Organic
3110,2026-04-25,Germany,Web,Organic
3111,2026-05-14,USA,Web,Paid Search
3112,2026-05-31,India,Android,Direct
3113,2026-04-01,India,Android,Paid Search
3114,2026-04-08,UK,Android,Paid Search
3115,2026-04-30,India,Android,Referral
3116,2026-02-15,USA,Web,Organic
3117,2026-02-07,UK,Web,Paid Search
3118,2026-05-22,USA,Android,Organic
3119,2026-04-10,UK,Web,Referral
3120,2026-03-13,UAE,Web,LinkedIn
3121,2026-02-04,India,iOS,LinkedIn
3122,2026-05-27,India,Web,Organic
3123,2026-01-30,UK,Android,LinkedIn
3124,2026-03-19,USA,Web,Organic
3125,2026-03-25,USA,Android,Organic
3126,2026-04-23,USA,iOS,Paid Search
3127,2026-01-25,Germany,iOS,Referral
3128,2026-06-17,India,Web,Organic
3129,2026-03-29,India,Web,Referral
3130,2026-01-14,India,Web,Direct
3131,2026-06-03,USA,Web,Organic
3132,2026-04-12,UAE,iOS,Paid Search
3133,2026-05-30,USA,Web,Organic
3134,2026-06-25,UK,Web,Paid Search
3135,2026-03-24,Germany,Web,Organic
3136,2026-04-20,Germany,iOS,Direct
3137,2026-06-28,India,Web,Paid Search
3138,2026-05-11,UAE,Android,LinkedIn
3139,2026-06-19,UK,iOS,Organic
3140,2026-01-19,India,Android,Direct
3141,2026-01-28,UAE,Android,Direct
3142,2026-06-22,USA,Web,LinkedIn
3143,2026-03-12,India,Android,Direct
3144,2026-03-04,UK,Web,Organic
3145,2026-03-14,USA,Android,Paid Search
3146,2026-05-04,India,Android,Referral
3147,2026-04-29,UAE,Web,Referral
3148,2026-05-01,India,Web,Direct
3149,2026-01-19,USA,Web,Organic
3150,2026-06-24,India,iOS,Organic
3151,2026-05-22,Germany,Web,Organic
3152,2026-04-30,UAE,Web,Direct
3153,2026-06-15,India,Web,Direct
3154,2026-06-30,UAE,Web,Referral
3155,2026-03-02,UAE,Android,Referral
3156,2026-06-13,UAE,Android,Referral
3157,2026-06-17,UK,Web,Referral
3158,2026-01-30,UK,Web,Organic
3159,2026-01-09,India,Web,LinkedIn
3160,2026-03-05,India,Web,Paid Search
3161,2026-06-10,USA,Android,Referral
3162,2026-04-30,UK,Web,Organic
3163,2026-02-21,UAE,Web,LinkedIn
3164,2026-03-30,USA,Android,Direct
3165,2026-05-22,UAE,Android,Referral
3166,2026-02-22,USA,Web,LinkedIn
3167,2026-03-19,India,Web,Referral
3168,2026-02-10,India,Web,Referral
3169,2026-03-09,Germany,iOS,Paid Search
3170,2026-01-08,UAE,Android,LinkedIn
3171,2026-01-02,USA,Web,Paid Search
3172,2026-04-15,India,Web,LinkedIn
3173,2026-05-05,UK,Android,Referral
3174,2026-04-20,Germany,iOS,LinkedIn
3175,2026-03-27,India,Android,LinkedIn
3176,2026-06-18,USA,Web,Referral
3177,2026-04-30,UK,Web,Direct
3178,2026-05-07,UK,Web,Paid Search
3179,2026-01-16,UK,Web,Direct
3180,2026-03-03,Germany,iOS,LinkedIn
3181,2026-04-23,India,Web,Organic
3182,2026-06-25,India,Web,Direct
3183,2026-06-07,Germany,Android,Referral
3184,2026-01-12,USA,Web,Direct
3185,2026-02-04,India,iOS,LinkedIn
3186,2026-01-11,UK,Web,Organic
3187,2026-03-05,UK,Android,Paid Search
3188,2026-02-19,UAE,Web,Referral
3189,2026-05-29,India,Android,Direct
3190,2026-03-10,USA,Web,LinkedIn
3191,2026-02-17,India,Web,Paid Search
3192,2026-01-20,USA,iOS,LinkedIn
3193,2026-04-11,USA,Web,Referral
3194,2026-06-21,UAE,Web,Organic
3195,2026-06-10,India,Android,Organic
3196,2026-05-17,India,Android,Paid Search
3197,2026-03-09,UAE,Web,Organic
3198,2026-02-04,USA,Web,Organic
3199,2026-03-06,UAE,Web,Organic
3200,2026-01-08,UK,Web,Direct
3201,2026-02-14,UAE,Android,Organic
3202,2026-03-28,India,iOS,Organic
3203,2026-06-24,India,Web,Organic
3204,2026-06-17,India,Android,Paid Search
3205,2026-03-17,India,iOS,Referral
3206,2026-03-17,UAE,iOS,Organic
3207,2026-06-23,Germany,Web,Referral
3208,2026-02-16,USA,Web,LinkedIn
3209,2026-01-15,India,iOS,Paid Search
3210,2026-04-15,India,Web,Referral
3211,2026-05-27,India,Web,Referral
3212,2026-01-26,India,Web,Organic
3213,2026-02-21,UAE,Web,LinkedIn
3214,2026-04-03,UAE,Web,Direct
3215,2026-05-30,India,iOS,Referral
3216,2026-01-21,India,Web,Paid Search
3217,2026-02-20,India,Web,Direct
3218,2026-02-07,India,iOS,Paid Search
3219,2026-01-20,USA,Web,Organic
3220,2026-06-06,India,Web,Paid Search
3221,2026-06-28,UAE,Android,LinkedIn
3222,2026-05-12,UK,Web,Direct
3223,2026-02-24,Germany,Android,Paid Search
3224,2026-04-02,Germany,Android,Organic
3225,2026-01-28,USA,Web,Referral
3226,2026-01-04,India,Web,Direct
3227,2026-05-30,UK,Android,Organic
3228,2026-03-17,USA,Web,Direct
3229,2026-06-22,India,Android,Paid Search
3230,2026-03-08,UK,iOS,LinkedIn
3231,2026-03-27,Germany,Web,Referral
3232,2026-06-11,UAE,Web,Paid Search
3233,2026-04-01,India,Web,LinkedIn
3234,2026-04-15,India,Web,Direct
3235,2026-01-01,UAE,iOS,Paid Search
3236,2026-03-13,India,Android,Paid Search
3237,2026-03-28,USA,Android,Organic
3238,2026-06-15,USA,Web,Organic
3239,2026-01-06,India,Android,LinkedIn
3240,2026-06-02,Germany,Android,Organic
3241,2026-05-25,UAE,Android,LinkedIn
3242,2026-03-02,India,Web,Paid Search
3243,2026-01-12,USA,Android,Direct
3244,2026-01-06,USA,iOS,Organic
3245,2026-01-27,UK,Web,Organic
3246,2026-05-16,Germany,Android,Organic
3247,2026-05-04,USA,Web,Direct
3248,2026-04-16,Germany,Web,Paid Search
3249,2026-04-03,UAE,Android,Organic
3250,2026-04-19,USA,Web,Direct
3251,2026-04-09,Germany,Android,Direct
3252,2026-06-17,USA,iOS,Direct
3253,2026-05-22,India,Web,Organic
3254,2026-02-04,UK,Web,Paid Search
3255,2026-06-25,UK,Android,LinkedIn
3256,2026-03-25,India,iOS,Paid Search
3257,2026-02-25,Germany,Android,Organic
3258,2026-06-26,India,Android,Organic
3259,2026-05-21,India,Web,Direct
3260,2026-02-18,Germany,Web,Organic
3261,2026-02-15,UAE,Android,LinkedIn
3262,2026-04-23,India,Web,Paid Search
3263,2026-05-16,UK,Web,LinkedIn
3264,2026-02-12,UK,Android,LinkedIn
3265,2026-05-28,India,Android,Paid Search
3266,2026-05-04,Germany,iOS,Paid Search
3267,2026-04-07,UK,Web,LinkedIn
3268,2026-03-31,UK,iOS,Paid Search
3269,2026-02-08,UK,iOS,LinkedIn
3270,2026-03-26,UK,Android,LinkedIn
3271,2026-06-26,India,Android,Referral
3272,2026-03-03,India,Web,Paid Search
3273,2026-04-16,UK,Android,Organic
3274,2026-04-17,USA,Android,LinkedIn
3275,2026-02-23,India,Web,Organic
3276,2026-05-06,UK,Web,Direct
3277,2026-01-09,USA,Android,Direct
3278,2026-03-29,India,Web,Organic
3279,2026-02-06,India,Web,Organic
3280,2026-02-18,India,Web,Paid Search
3281,2026-02-10,UK,Web,Direct
3282,2026-01-17,India,Web,Paid Search
3283,2026-03-29,UAE,Web,Paid Search
3284,2026-01-21,UK,Android,LinkedIn
3285,2026-02-20,UK,iOS,Organic
3286,2026-02-28,India,iOS,Paid Search
3287,2026-06-16,UAE,Web,Organic
3288,2026-02-10,USA,iOS,Referral
3289,2026-02-08,Germany,iOS,Organic
3290,2026-05-21,Germany,iOS,Referral
3291,2026-01-11,UK,Web,Direct
3292,2026-05-27,UAE,Web,Referral
3293,2026-05-19,India,Android,LinkedIn
3294,2026-03-18,India,iOS,Organic
3295,2026-05-07,India,iOS,Paid Search
3296,2026-02-15,USA,iOS,Organic
3297,2026-02-14,India,Web,Referral
3298,2026-01-01,India,Android,Organic
3299,2026-06-17,Germany,Web,Organic
3300,2026-04-18,India,iOS,Organic
3301,2026-01-19,India,Android,Paid Search
3302,2026-03-17,India,Android,Referral
3303,2026-03-13,UK,Web,Referral
3304,2026-04-19,UK,Web,Organic
3305,2026-01-12,UAE,iOS,LinkedIn
3306,2026-06-10,UK,Android,Paid Search
3307,2026-02-14,USA,iOS,Referral
3308,2026-03-31,USA,Web,Direct
3309,2026-04-13,Germany,Web,Paid Search
3310,2026-01-08,USA,iOS,Organic
3311,2026-06-02,UK,iOS,Referral
3312,2026-04-01,India,Android,Direct
3313,2026-06-23,India,Web,Referral
3314,2026-03-28,India,Android,Direct
3315,2026-06-07,USA,Web,LinkedIn
3316,2026-06-24,USA,iOS,Referral
3317,2026-06-26,UK,Android,Referral
3318,2026-06-24,India,Web,Paid Search
3319,2026-03-25,UK,Web,Referral
3320,2026-03-23,Germany,Android,Referral
3321,2026-05-26,UK,iOS,LinkedIn
3322,2026-03-09,USA,Web,Paid Search
3323,2026-06-10,USA,Web,Organic
3324,2026-05-07,Germany,iOS,LinkedIn
3325,2026-06-13,USA,Android,LinkedIn
3326,2026-03-23,USA,Web,Direct
3327,2026-05-27,India,Android,Paid Search
3328,2026-06-05,India,Web,Organic
3329,2026-06-17,UK,Web,Organic
3330,2026-03-25,India,Web,LinkedIn
3331,2026-04-23,Germany,Android,Organic
3332,2026-03-17,India,Web,Direct
3333,2026-05-02,Germany,Android,Organic
3334,2026-05-23,UAE,Web,Direct
3335,2026-02-10,India,Android,LinkedIn
3336,2026-06-16,Germany,Android,Direct
3337,2026-01-02,UAE,iOS,Organic
3338,2026-01-29,UAE,Android,Referral
3339,2026-04-15,India,iOS,Organic
3340,2026-02-20,USA,Android,Organic
3341,2026-03-16,India,Web,Paid Search
3342,2026-01-10,UK,Web,LinkedIn
3343,2026-05-22,UK,iOS,Organic
3344,2026-02-20,USA,Web,Direct
3345,2026-04-28,USA,Web,Organic
3346,2026-05-01,UK,Web,Paid Search
3347,2026-02-08,India,Web,Organic
3348,2026-01-28,USA,iOS,LinkedIn
3349,2026-01-03,India,Web,Organic
3350,2026-03-25,UK,Android,Direct
3351,2026-06-04,UAE,Android,Referral
3352,2026-04-27,Germany,Android,Direct
3353,2026-01-02,UAE,Web,Organic
3354,2026-04-03,UAE,Web,Paid Search
3355,2026-06-15,USA,Android,LinkedIn
3356,2026-05-11,UK,Android,Direct
3357,2026-05-24,India,Android,Paid Search
3358,2026-04-04,UK,Web,Direct
3359,2026-02-09,USA,iOS,Organic
3360,2026-01-02,Germany,Android,LinkedIn
3361,2026-03-22,UK,Web,Paid Search
3362,2026-06-18,UAE,iOS,Organic
3363,2026-01-12,India,Android,Paid Search
3364,2026-06-12,Germany,iOS,Direct
3365,2026-03-06,USA,Web,Direct
3366,2026-02-24,India,iOS,Paid Search
3367,2026-02-14,India,Android,Direct
3368,2026-04-11,USA,iOS,Referral
3369,2026-03-03,India,Android,LinkedIn
3370,2026-02-18,India,iOS,Organic
3371,2026-05-07,India,iOS,Referral
3372,2026-06-02,India,iOS,Organic
3373,2026-01-23,UAE,Web,Organic
3374,2026-06-01,USA,Web,Referral
3375,2026-02-07,India,Web,Direct
3376,2026-01-28,India,Web,Referral
3377,2026-01-21,India,Web,Direct
3378,2026-04-17,UAE,Web,Direct
3379,2026-05-26,India,Android,Organic
3380,2026-06-13,UAE,Web,Paid Search
3381,2026-04-09,USA,Web,LinkedIn
3382,2026-06-22,India,Web,Direct
3383,2026-04-29,India,iOS,Direct
3384,2026-03-14,India,Web,LinkedIn
3385,2026-06-30,UK,Web,Referral
3386,2026-05-02,Germany,Web,LinkedIn
3387,2026-01-30,India,Android,Organic
3388,2026-04-18,Germany,Android,Organic
3389,2026-04-08,India,Android,LinkedIn
3390,2026-02-01,USA,Web,Direct
3391,2026-06-05,UAE,iOS,Direct
3392,2026-06-21,USA,iOS,Paid Search
3393,2026-03-20,UK,Web,LinkedIn
3394,2026-02-10,UAE,Web,Direct
3395,2026-03-04,USA,Web,Referral
3396,2026-01-23,USA,Android,Paid Search
3397,2026-04-14,UAE,Web,Referral
3398,2026-03-16,India,Web,Referral
3399,2026-02-17,India,Web,Referral
3400,2026-06-09,USA,iOS,Referral
3401,2026-02-26,UK,Android,Direct
3402,2026-04-28,UAE,iOS,Organic
3403,2026-04-10,USA,iOS,Paid Search
3404,2026-05-04,Germany,Web,Referral
3405,2026-06-10,UK,Web,Organic
3406,2026-06-01,USA,Web,Direct
3407,2026-06-16,USA,Android,Organic
3408,2026-02-03,UAE,Android,Paid Search
3409,2026-06-05,India,iOS,Direct
3410,2026-06-14,USA,Web,Organic
3411,2026-01-07,UAE,Web,Direct
3412,2026-06-14,Germany,Web,Referral
3413,2026-02-25,India,Android,Organic
3414,2026-03-06,India,iOS,Direct
3415,2026-02-16,Germany,Android,Organic
3416,2026-05-28,UK,iOS,Referral
3417,2026-01-19,UAE,Web,Organic
3418,2026-06-06,USA,Web,Organic
3419,2026-05-26,USA,Web,Direct
3420,2026-06-12,UK,iOS,LinkedIn
3421,2026-06-20,India,Web,Organic
3422,2026-05-06,USA,iOS,Referral
3423,2026-05-19,Germany,iOS,LinkedIn
3424,2026-02-18,India,Web,Direct
3425,2026-04-23,Germany,Web,Paid Search
3426,2026-02-07,Germany,Web,Direct
3427,2026-03-05,UK,iOS,Referral
3428,2026-03-10,USA,Web,LinkedIn
3429,2026-05-16,UAE,Web,Direct
3430,2026-06-11,India,Android,Organic
3431,2026-06-25,USA,iOS,Organic
3432,2026-04-26,Germany,Web,Paid Search
3433,2026-03-06,USA,iOS,Organic
3434,2026-01-31,UK,Android,Organic
3435,2026-05-12,India,iOS,LinkedIn
3436,2026-04-23,India,Web,Paid Search
3437,2026-04-19,UAE,Web,Paid Search
3438,2026-06-27,India,Android,Paid Search
3439,2026-03-10,UK,Web,Organic
3440,2026-06-07,UAE,iOS,Paid Search
3441,2026-04-30,USA,Android,Referral
3442,2026-03-29,India,Android,Organic
3443,2026-03-08,UK,Web,Direct
3444,2026-03-16,UK,Web,Paid Search
3445,2026-02-14,India,Web,Direct
3446,2026-01-04,India,Android,Organic
3447,2026-06-03,India,Web,LinkedIn
3448,2026-06-04,Germany,Web,Referral
3449,2026-06-23,India,Web,Direct
3450,2026-04-17,USA,Web,Referral
3451,2026-02-20,Germany,Web,Direct
3452,2026-02-19,USA,Web,Referral
3453,2026-01-06,India,iOS,LinkedIn
3454,2026-02-28,Germany,Web,Direct
3455,2026-05-05,India,Web,LinkedIn
3456,2026-05-23,UAE,Android,Referral
3457,2026-01-30,Germany,Android,Organic
3458,2026-06-19,UK,Web,Direct
3459,2026-05-02,UAE,Web,Paid Search
3460,2026-05-05,India,iOS,Referral
3461,2026-02-06,UAE,Web,Organic
3462,2026-06-19,UK,Web,Paid Search
3463,2026-05-04,India,Web,LinkedIn
3464,2026-04-11,Germany,Web,Referral
3465,2026-02-04,Germany,iOS,Paid Search
3466,2026-03-28,Germany,Android,Organic
3467,2026-05-14,UAE,Android,Paid Search
3468,2026-01-18,USA,Web,LinkedIn
3469,2026-04-23,Germany,Web,Organic
3470,2026-01-29,Germany,iOS,Referral
3471,2026-03-18,UAE,Web,Referral
3472,2026-02-28,India,Web,Direct
3473,2026-06-24,India,iOS,Organic
3474,2026-05-06,UK,Android,Organic
3475,2026-05-25,UK,Web,Referral
3476,2026-04-19,USA,Android,Referral
3477,2026-01-22,India,Web,Organic
3478,2026-03-09,India,Web,Direct
3479,2026-03-10,UAE,Web,Paid Search
3480,2026-06-14,UAE,iOS,Paid Search
3481,2026-02-18,India,Android,Paid Search
3482,2026-05-21,USA,iOS,Direct
3483,2026-06-11,UK,Web,Organic
3484,2026-04-19,USA,Web,Organic
3485,2026-03-27,UAE,iOS,Organic
3486,2026-02-22,India,Web,Referral
3487,2026-05-03,UAE,Web,Direct
3488,2026-03-28,Germany,Android,Paid Search
3489,2026-06-28,India,iOS,Organic
3490,2026-05-11,USA,Web,Organic
3491,2026-02-11,UAE,Web,Referral
3492,2026-04-08,Germany,Web,Organic
3493,2026-06-09,USA,iOS,Direct
3494,2026-04-19,India,Android,Organic
3495,2026-02-20,USA,iOS,Organic
3496,2026-03-26,India,Web,Organic
3497,2026-06-23,Germany,Web,Direct
3498,2026-05-07,UAE,Android,LinkedIn
3499,2026-01-21,UAE,Android,Direct
3500,2026-02-13,USA,Web,Paid Search
3501,2026-05-19,USA,Web,Organic
3502,2026-04-13,India,Web,Referral
3503,2026-03-09,USA,Android,Referral
3504,2026-05-09,UAE,iOS,Referral
3505,2026-04-02,UAE,iOS,Paid Search
3506,2026-01-24,USA,Web,Organic
3507,2026-05-05,UAE,Web,Organic
3508,2026-05-21,India,Web,LinkedIn
3509,2026-04-21,USA,Android,Referral
3510,2026-04-08,India,Web,Direct
3511,2026-05-19,USA,Android,Paid Search
3512,2026-06-28,India,Web,Direct
3513,2026-01-17,India,Android,Paid Search
3514,2026-04-09,India,Android,Organic
3515,2026-03-23,UK,Web,Direct
3516,2026-04-14,USA,Android,Referral
3517,2026-06-01,India,Web,Referral
3518,2026-01-19,India,Web,LinkedIn
3519,2026-06-14,Germany,Web,Paid Search
3520,2026-03-26,India,Android,LinkedIn
3521,2026-01-08,Germany,Android,Direct
3522,2026-01-28,India,Web,Paid Search
3523,2026-01-05,USA,iOS,LinkedIn
3524,2026-05-25,India,iOS,LinkedIn
3525,2026-04-11,Germany,Android,Organic
3526,2026-06-13,USA,Web,Paid Search
3527,2026-04-28,UAE,Web,Organic
3528,2026-05-27,India,iOS,Referral
3529,2026-03-05,USA,Web,Direct
3530,2026-04-01,UK,Web,Referral
3531,2026-04-27,India,iOS,Organic
3532,2026-04-08,India,Web,Referral
3533,2026-01-11,USA,Android,Direct
3534,2026-02-23,India,Web,Paid Search
3535,2026-06-22,UK,Android,Direct
3536,2026-02-16,UAE,Web,LinkedIn
3537,2026-05-20,Germany,Web,Organic
3538,2026-05-29,Germany,Web,Organic
3539,2026-05-19,Germany,Android,Referral
3540,2026-01-05,India,Android,LinkedIn
3541,2026-01-20,Germany,Web,Direct
3542,2026-06-18,India,Web,Referral
3543,2026-02-15,UK,iOS,Paid Search
3544,2026-01-12,UK,Web,Organic
3545,2026-03-11,India,Android,LinkedIn
3546,2026-01-17,Germany,Web,Organic
3547,2026-04-25,India,iOS,LinkedIn
3548,2026-05-27,USA,iOS,Organic
3549,2026-06-03,USA,Android,Organic
3550,2026-02-17,USA,iOS,Organic
3551,2026-04-18,India,Web,Organic
3552,2026-02-21,UAE,Web,Referral
3553,2026-04-06,USA,iOS,Organic
3554,2026-03-11,India,Web,Direct
3555,2026-04-12,UAE,Android,Referral
3556,2026-03-16,India,iOS,Paid Search
3557,2026-06-10,UAE,Web,Paid Search
3558,2026-05-31,Germany,Web,Referral
3559,2026-05-23,UAE,Web,Organic
3560,2026-06-04,UK,Web,Direct
3561,2026-06-28,UAE,Web,Referral
3562,2026-06-30,UAE,iOS,Organic
3563,2026-03-23,India,Web,Referral
3564,2026-04-02,India,Web,Paid Search
3565,2026-06-28,UAE,Web,Organic
3566,2026-06-24,UK,Web,Direct
3567,2026-01-04,UAE,Web,Organic
3568,2026-05-15,India,iOS,Referral
3569,2026-04-19,UAE,Web,Direct
3570,2026-06-12,India,iOS,Organic
3571,2026-02-17,Germany,iOS,Organic
3572,2026-03-14,UK,Android,Organic
3573,2026-03-13,India,Web,Organic
3574,2026-04-26,India,Web,Organic
3575,2026-06-22,Germany,Web,Direct
3576,2026-03-22,India,Web,Direct
3577,2026-03-22,USA,Android,LinkedIn
3578,2026-04-23,India,iOS,Paid Search
3579,2026-04-06,Germany,iOS,Direct
3580,2026-03-13,Germany,Web,Referral
3581,2026-05-27,UK,iOS,Paid Search
3582,2026-03-04,India,Web,Paid Search
3583,2026-02-07,India,iOS,Organic
3584,2026-03-08,UAE,iOS,Direct
3585,2026-03-10,UAE,Web,Referral
3586,2026-01-13,India,Web,LinkedIn
3587,2026-06-24,India,Android,LinkedIn
3588,2026-01-31,UK,Web,LinkedIn
3589,2026-04-24,UK,Web,Organic
3590,2026-01-22,India,Web,Referral
3591,2026-04-03,India,Web,Direct
3592,2026-06-20,Germany,iOS,Organic
3593,2026-03-08,UAE,iOS,Direct
3594,2026-02-23,USA,Android,Paid Search
3595,2026-05-18,UAE,Web,Organic
3596,2026-02-11,India,iOS,Referral
3597,2026-03-05,India,Android,Direct
3598,2026-05-06,India,Web,Paid Search
3599,2026-01-21,USA,Web,Referral
3600,2026-06-18,USA,Android,Paid Search
3601,2026-06-01,India,Web,Referral
3602,2026-02-04,Germany,Web,Organic
3603,2026-01-30,India,Web,Organic
3604,2026-02-26,Germany,Web,Organic
3605,2026-02-16,Germany,Web,Organic
3606,2026-06-12,India,Web,Organic
3607,2026-01-19,India,iOS,Referral
3608,2026-04-24,UAE,Web,Paid Search
3609,2026-01-08,USA,Android,Organic
3610,2026-01-26,UK,Web,Organic
3611,2026-04-23,Germany,Android,Organic
3612,2026-03-12,USA,Android,Paid Search
3613,2026-01-30,India,Android,Organic
3614,2026-05-15,India,Android,Paid Search
3615,2026-03-08,USA,iOS,Paid Search
3616,2026-03-06,India,Android,Referral
3617,2026-02-05,USA,Web,LinkedIn
3618,2026-01-25,India,Web,Organic
3619,2026-02-06,India,Android,Organic
3620,2026-01-01,India,Web,Organic
3621,2026-05-23,USA,Android,Organic
3622,2026-02-06,India,Android,Organic
3623,2026-05-21,USA,Web,LinkedIn
3624,2026-05-16,UAE,Android,Organic
3625,2026-05-13,USA,Web,Direct
3626,2026-05-08,UK,Web,Organic
3627,2026-05-07,India,Web,LinkedIn
3628,2026-01-01,USA,Web,LinkedIn
3629,2026-06-13,India,iOS,Paid Search
3630,2026-02-04,UAE,iOS,Paid Search
3631,2026-04-14,India,Web,Referral
3632,2026-01-23,USA,Android,Direct
3633,2026-01-09,Germany,iOS,Paid Search
3634,2026-02-03,UK,Web,Organic
3635,2026-06-23,UK,Web,Paid Search
3636,2026-05-08,USA,Android,Organic
3637,2026-01-04,India,Android,Direct
3638,2026-06-07,Germany,Web,LinkedIn
3639,2026-04-12,India,Web,Organic
3640,2026-03-16,Germany,Android,Organic
3641,2026-04-09,USA,iOS,Organic
3642,2026-03-13,USA,Web,Direct
3643,2026-01-03,USA,iOS,Direct
3644,2026-05-22,UAE,Web,Organic
3645,2026-06-22,UK,Android,Paid Search
3646,2026-02-03,India,Web,Direct
3647,2026-02-14,UK,Web,Organic
3648,2026-03-02,UK,Web,Organic
3649,2026-03-24,Germany,Android,Paid Search
3650,2026-05-03,UK,Android,Organic
3651,2026-04-12,India,iOS,Organic
3652,2026-01-16,India,iOS,Direct
3653,2026-03-07,USA,Web,Referral
3654,2026-06-17,India,Android,Paid Search
3655,2026-05-25,India,Web,Paid Search
3656,2026-04-29,USA,Android,LinkedIn
3657,2026-06-11,UK,Web,Paid Search
3658,2026-05-04,UK,Web,Organic
3659,2026-05-24,India,Web,Organic
3660,2026-04-12,USA,Android,LinkedIn
3661,2026-03-07,India,Android,Organic
3662,2026-01-13,USA,iOS,Organic
3663,2026-04-21,India,Web,Paid Search
3664,2026-06-08,Germany,Android,Organic
3665,2026-02-03,UAE,Web,Direct
3666,2026-02-08,UAE,Android,Referral
3667,2026-05-16,UK,iOS,Organic
3668,2026-04-30,UK,Web,Organic
3669,2026-05-06,India,Web,Referral
3670,2026-02-24,USA,Web,Paid Search
3671,2026-01-27,India,Web,LinkedIn
3672,2026-04-28,Germany,Web,Referral
3673,2026-02-22,USA,Web,Paid Search
3674,2026-02-08,India,Web,Direct
3675,2026-03-06,USA,iOS,Paid Search
3676,2026-05-25,UAE,Android,Paid Search
3677,2026-06-07,India,Web,LinkedIn
3678,2026-06-30,Germany,Web,Direct
3679,2026-01-13,USA,Web,Referral
3680,2026-01-21,UAE,Web,LinkedIn
3681,2026-05-27,UAE,Android,Paid Search
3682,2026-02-22,India,iOS,Paid Search
3683,2026-01-19,Germany,Android,Organic
3684,2026-02-26,India,Web,LinkedIn
3685,2026-01-25,India,iOS,Organic
3686,2026-01-31,UAE,Web,Organic
3687,2026-03-22,UAE,Android,Direct
3688,2026-01-23,UAE,Android,Paid Search
3689,2026-02-01,India,iOS,Organic
3690,2026-03-15,India,Android,Organic
3691,2026-01-10,India,Web,Paid Search
3692,2026-02-23,Germany,Android,Paid Search
3693,2026-02-21,India,Web,Organic
3694,2026-05-28,USA,Web,Organic
3695,2026-06-09,USA,Web,Organic
3696,2026-04-24,USA,Android,Organic
3697,2026-01-14,Germany,Android,Organic
3698,2026-06-27,India,Android,Paid Search
3699,2026-06-05,India,Android,Organic
3700,2026-04-20,UAE,Web,Organic
3701,2026-02-22,India,Android,Direct
3702,2026-06-01,USA,Android,Direct
3703,2026-03-20,UK,Web,Organic
3704,2026-01-22,Germany,Web,Organic
3705,2026-01-30,India,iOS,Referral
3706,2026-01-04,Germany,Android,Referral
3707,2026-02-28,India,Android,Direct
3708,2026-01-08,UAE,Android,Paid Search
3709,2026-01-12,UAE,Android,Referral
3710,2026-04-29,USA,Android,Direct
3711,2026-06-08,UAE,Android,Paid Search
3712,2026-02-03,Germany,iOS,Organic
3713,2026-03-23,Germany,Web,Paid Search
3714,2026-04-08,Germany,iOS,Organic
3715,2026-05-07,India,Web,Organic
3716,2026-03-16,Germany,Android,LinkedIn
3717,2026-04-15,USA,Web,Organic
3718,2026-02-18,India,Web,Organic
3719,2026-03-20,India,Web,Direct
3720,2026-04-03,India,iOS,Paid Search
3721,2026-06-03,India,Web,Organic
3722,2026-01-18,UK,Web,Organic
3723,2026-04-06,Germany,Web,Organic
3724,2026-02-07,UAE,Web,Organic
3725,2026-03-28,UK,Web,Direct
3726,2026-03-29,Germany,Web,Organic
3727,2026-02-19,India,Web,Referral
3728,2026-01-08,Germany,Web,Organic
3729,2026-06-18,UK,Web,Direct
3730,2026-05-14,UK,Web,Referral
3731,2026-03-10,India,Android,Direct
3732,2026-06-21,UK,Web,Paid Search
3733,2026-05-01,India,Web,Direct
3734,2026-03-05,USA,Web,Direct
3735,2026-06-06,India,Web,LinkedIn
3736,2026-06-05,Germany,Web,Organic
3737,2026-05-19,UAE,Web,Organic
3738,2026-05-01,India,iOS,Organic
3739,2026-03-06,USA,iOS,Organic
3740,2026-04-17,India,Web,LinkedIn
3741,2026-05-27,USA,Android,Referral
3742,2026-05-17,Germany,Web,Referral
3743,2026-06-04,USA,Android,Organic
3744,2026-06-11,India,Web,Organic
3745,2026-06-21,UK,iOS,Organic
3746,2026-04-10,USA,Web,Paid Search
3747,2026-03-23,USA,Android,LinkedIn
3748,2026-05-23,India,Web,Organic
3749,2026-02-20,UAE,Web,LinkedIn
3750,2026-05-21,UK,iOS,Paid Search
3751,2026-03-24,India,Web,Direct
3752,2026-06-26,India,Android,Organic
3753,2026-04-22,UAE,iOS,Paid Search
3754,2026-02-25,USA,Web,Organic
3755,2026-06-28,Germany,Web,Paid Search
3756,2026-06-14,UK,Web,Referral
3757,2026-05-25,UAE,iOS,LinkedIn
3758,2026-06-06,India,Web,Organic
3759,2026-06-10,Germany,iOS,Organic
3760,2026-03-01,Germany,Android,Referral
3761,2026-04-30,Germany,Web,Paid Search
3762,2026-05-18,USA,Android,Paid Search
3763,2026-06-24,India,iOS,Direct
3764,2026-01-23,USA,Web,Paid Search
3765,2026-05-29,UAE,Web,LinkedIn
3766,2026-01-13,India,iOS,LinkedIn
3767,2026-04-11,USA,Web,Direct
3768,2026-06-10,India,Web,Referral
3769,2026-01-24,India,Web,Organic
3770,2026-04-18,UAE,Android,Paid Search
3771,2026-01-11,UAE,iOS,Direct
3772,2026-01-17,Germany,iOS,Organic
3773,2026-06-24,India,Web,Referral
3774,2026-01-25,India,Android,Direct
3775,2026-04-04,India,Android,Referral
3776,2026-01-21,India,Web,Paid Search
3777,2026-03-25,India,Web,Organic
3778,2026-05-20,USA,Android,Paid Search
3779,2026-02-06,UAE,Android,Organic
3780,2026-02-11,USA,iOS,Direct
3781,2026-05-25,Germany,Android,LinkedIn
3782,2026-04-11,USA,iOS,LinkedIn
3783,2026-02-17,India,Web,Paid Search
3784,2026-04-13,India,iOS,Organic
3785,2026-01-28,Germany,iOS,Organic
3786,2026-02-10,UK,Android,Organic
3787,2026-04-09,USA,Web,Paid Search
3788,2026-02-16,Germany,iOS,Paid Search
3789,2026-05-26,Germany,Android,Paid Search
3790,2026-04-15,Germany,Web,Paid Search
3791,2026-05-04,UK,Web,Direct
3792,2026-01-13,India,Android,Organic
3793,2026-05-21,Germany,Web,Referral
3794,2026-04-10,UK,iOS,Organic
3795,2026-01-31,India,Android,Paid Search
3796,2026-05-10,UK,Web,Organic
3797,2026-01-16,UK,Android,Referral
3798,2026-05-17,Germany,iOS,Organic
3799,2026-03-14,USA,Web,Organic
3800,2026-06-15,India,Web,Direct
3801,2026-02-23,Germany,Android,Organic
3802,2026-04-10,USA,Web,Paid Search
3803,2026-04-19,UK,Web,Paid Search
3804,2026-03-28,India,Web,Paid Search
3805,2026-06-22,UAE,Web,LinkedIn
3806,2026-06-11,USA,Web,Referral
3807,2026-05-17,India,Android,Organic
3808,2026-01-08,India,Android,Organic
3809,2026-01-07,USA,Web,LinkedIn
3810,2026-02-05,UAE,Web,Paid Search
3811,2026-01-18,UAE,iOS,Direct
3812,2026-01-03,India,Web,Paid Search
3813,2026-01-28,UAE,Android,LinkedIn
3814,2026-03-11,USA,Android,Direct
3815,2026-06-21,India,Android,LinkedIn
3816,2026-05-29,India,Web,Paid Search
3817,2026-01-28,USA,Web,Referral
3818,2026-02-23,Germany,Web,Referral
3819,2026-03-06,UK,Web,Referral
3820,2026-04-10,India,Web,Organic
3821,2026-01-21,India,Android,LinkedIn
3822,2026-01-13,Germany,Android,Organic
3823,2026-02-26,India,Android,Organic
3824,2026-02-18,UK,Android,Referral
3825,2026-04-28,UAE,Web,Organic
3826,2026-02-23,India,iOS,LinkedIn
3827,2026-05-18,USA,Web,Direct
3828,2026-02-22,USA,Web,Direct
3829,2026-02-13,USA,iOS,LinkedIn
3830,2026-02-16,India,iOS,Paid Search
3831,2026-02-22,India,iOS,Paid Search
3832,2026-03-15,UK,Web,Paid Search
3833,2026-02-15,UK,Web,Organic
3834,2026-01-13,India,Web,Paid Search
3835,2026-06-14,India,Web,LinkedIn
3836,2026-04-12,India,Web,Organic
3837,2026-01-24,Germany,iOS,Organic
3838,2026-01-02,USA,Android,LinkedIn
3839,2026-03-22,Germany,Web,Organic
3840,2026-04-10,India,iOS,Organic
3841,2026-05-22,Germany,Web,Organic
3842,2026-05-18,India,Android,LinkedIn
3843,2026-06-12,UK,Web,Referral
3844,2026-06-02,USA,Android,LinkedIn
3845,2026-05-11,India,Android,Organic
3846,2026-04-21,UAE,Android,LinkedIn
3847,2026-04-12,India,Web,Referral
3848,2026-01-17,India,iOS,Paid Search
3849,2026-01-12,UK,Web,Paid Search
3850,2026-04-26,USA,Web,Referral
3851,2026-01-24,USA,Web,Paid Search
3852,2026-01-29,UK,Android,Referral
3853,2026-06-20,UK,Android,Organic
3854,2026-06-02,India,Web,Referral
3855,2026-05-02,India,Web,Paid Search
3856,2026-03-31,Germany,Android,Paid Search
3857,2026-03-06,India,Web,Paid Search
3858,2026-03-25,USA,Web,Direct
3859,2026-04-29,India,Web,Direct
3860,2026-06-05,USA,Android,Referral
3861,2026-01-16,USA,Web,LinkedIn
3862,2026-06-24,India,Android,Organic
3863,2026-04-14,India,Web,LinkedIn
3864,2026-04-02,USA,Web,Paid Search
3865,2026-01-27,UAE,Web,Paid Search
3866,2026-06-30,India,Web,Organic
3867,2026-06-19,USA,Web,Organic
3868,2026-06-24,India,Web,Organic
3869,2026-06-11,Germany,Android,Organic
3870,2026-06-14,UK,Web,Organic
3871,2026-05-14,India,Android,LinkedIn
3872,2026-05-15,USA,Android,Organic
3873,2026-06-02,UK,Android,Paid Search
3874,2026-02-02,India,Android,Direct
3875,2026-02-24,UAE,iOS,Organic
3876,2026-01-07,India,Web,Direct
3877,2026-02-26,India,Android,Referral
3878,2026-05-06,India,Android,Paid Search
3879,2026-01-12,UAE,Android,Organic
3880,2026-01-16,India,iOS,Organic
3881,2026-02-12,USA,iOS,Paid Search
3882,2026-04-27,USA,Web,Organic
3883,2026-05-15,UK,iOS,Organic
3884,2026-04-21,USA,Web,Organic
3885,2026-02-20,USA,Web,Referral
3886,2026-06-09,UK,iOS,Organic
3887,2026-03-16,UK,Web,LinkedIn
3888,2026-01-08,India,Web,Organic
3889,2026-02-14,Germany,Android,LinkedIn
3890,2026-02-28,India,Android,Organic
3891,2026-05-12,India,iOS,LinkedIn
3892,2026-04-14,USA,Web,Paid Search
3893,2026-06-06,India,Android,Referral
3894,2026-06-06,India,Web,Organic
3895,2026-04-08,UK,iOS,Paid Search
3896,2026-06-05,UK,Web,Organic
3897,2026-03-20,USA,Web,Paid Search
3898,2026-05-04,USA,iOS,Organic
3899,2026-06-21,India,iOS,Paid Search
3900,2026-01-04,India,Web,Organic
3901,2026-03-31,USA,Web,Organic
3902,2026-04-14,India,Web,Referral
3903,2026-05-17,UK,Web,Direct
3904,2026-04-29,India,iOS,Paid Search
3905,2026-05-13,UAE,Web,LinkedIn
3906,2026-02-25,UK,Web,Referral
3907,2026-04-06,UK,Web,Paid Search
3908,2026-06-27,UK,Web,Organic
3909,2026-03-16,UAE,iOS,Organic
3910,2026-05-23,India,iOS,Direct
3911,2026-02-01,India,Web,Paid Search
3912,2026-01-28,India,Web,Referral
3913,2026-01-22,UAE,iOS,Referral
3914,2026-01-17,UAE,Web,Paid Search
3915,2026-02-28,UK,Web,Paid Search
3916,2026-03-31,India,Web,Referral
3917,2026-04-16,USA,Web,Organic
3918,2026-01-26,Germany,Web,Paid Search
3919,2026-01-25,India,Android,Paid Search
3920,2026-05-18,India,iOS,Direct
3921,2026-02-14,India,iOS,Paid Search
3922,2026-03-24,UK,Web,Referral
3923,2026-01-11,UAE,iOS,Organic
3924,2026-06-30,India,Android,Organic
3925,2026-04-14,USA,iOS,Direct
3926,2026-03-09,India,Web,LinkedIn
3927,2026-04-05,UK,iOS,Paid Search
3928,2026-06-05,UK,Web,Referral
3929,2026-03-06,USA,iOS,Organic
3930,2026-02-18,India,Web,LinkedIn
3931,2026-06-24,Germany,Android,Organic
3932,2026-02-21,USA,iOS,LinkedIn
3933,2026-04-12,India,Web,Referral
3934,2026-02-26,India,Web,Organic
3935,2026-02-16,UAE,Web,Direct
3936,2026-06-08,USA,Web,Direct
3937,2026-06-23,USA,Web,Organic
3938,2026-01-26,UK,Web,Direct
3939,2026-04-24,Germany,Web,LinkedIn
3940,2026-01-05,India,Android,LinkedIn
3941,2026-03-25,India,Web,Direct
3942,2026-02-21,Germany,Web,Paid Search
3943,2026-04-15,USA,Web,LinkedIn
3944,2026-02-23,UAE,Web,Direct
3945,2026-06-10,USA,Web,Paid Search
3946,2026-06-27,Germany,iOS,Paid Search
3947,2026-06-15,USA,Web,Paid Search
3948,2026-06-04,USA,iOS,LinkedIn
3949,2026-01-15,USA,Android,LinkedIn
3950,2026-03-02,India,Web,Paid Search
3951,2026-05-02,USA,Web,Paid Search
3952,2026-01-21,India,Web,Organic
3953,2026-02-15,Germany,Android,Organic
3954,2026-05-14,UAE,Web,Referral
3955,2026-02-07,USA,iOS,Paid Search
3956,2026-03-03,UAE,Android,LinkedIn
3957,2026-03-27,India,iOS,Referral
3958,2026-03-19,India,Web,Direct
3959,2026-02-15,Germany,Web,Organic
3960,2026-05-21,Germany,iOS,Direct
3961,2026-01-03,India,Android,Organic
3962,2026-01-06,Germany,Android,Referral
3963,2026-04-03,USA,Android,Referral
3964,2026-01-08,UK,Android,Paid Search
3965,2026-06-21,India,iOS,Organic
3966,2026-04-18,Germany,Android,Organic
3967,2026-06-10,UK,Web,LinkedIn
3968,2026-03-16,Germany,iOS,Paid Search
3969,2026-03-18,USA,Web,Direct
3970,2026-02-19,USA,Web,Paid Search
3971,2026-01-11,USA,Android,Direct
3972,2026-04-05,India,Web,Organic
3973,2026-06-05,India,Web,Organic
3974,2026-03-11,India,Web,Paid Search
3975,2026-06-18,India,Android,Direct
3976,2026-01-16,UK,iOS,Referral
3977,2026-03-09,USA,Web,Organic
3978,2026-04-09,Germany,Web,Organic
3979,2026-02-17,India,Web,Paid Search
3980,2026-03-05,UK,Web,Referral
3981,2026-03-31,India,Web,Paid Search
3982,2026-03-17,India,Android,LinkedIn
3983,2026-05-19,India,Web,Referral
3984,2026-04-11,USA,Web,Direct
3985,2026-03-30,India,Web,Referral
3986,2026-01-18,USA,Web,Paid Search
3987,2026-01-19,India,Web,Direct
3988,2026-02-24,Germany,iOS,Paid Search
3989,2026-04-12,USA,Web,Paid Search
3990,2026-04-28,Germany,Android,Direct
3991,2026-06-03,Germany,iOS,Organic
3992,2026-05-14,Germany,Web,Paid Search
3993,2026-01-04,Germany,Web,Organic
3994,2026-04-18,USA,iOS,Organic
3995,2026-04-25,India,Web,Organic
3996,2026-01-29,India,iOS,Organic
3997,2026-02-28,India,Android,Paid Search
3998,2026-05-05,UK,Web,Direct
3999,2026-04-08,UK,iOS,Referral
4000,2026-01-17,Germany,Android,Referral
4001,2026-04-17,Germany,Web,Referral
4002,2026-02-12,UAE,iOS,Direct
4003,2026-03-21,UK,Web,Direct
4004,2026-06-11,Germany,Web,Direct
4005,2026-01-08,India,iOS,Direct
4006,2026-05-21,USA,iOS,Organic
4007,2026-04-16,India,Android,Referral
4008,2026-01-08,USA,Web,Referral
4009,2026-04-06,India,Web,Referral
4010,2026-04-04,Germany,Web,Paid Search
4011,2026-03-06,UK,Web,Organic
4012,2026-06-20,India,Web,Organic
4013,2026-02-08,India,Web,Direct
4014,2026-03-22,UAE,Web,Referral
4015,2026-03-25,Germany,Web,Organic
4016,2026-03-29,USA,Web,Organic
4017,2026-03-27,UAE,Android,Referral
4018,2026-04-03,India,Android,Paid Search
4019,2026-03-27,UK,Web,Paid Search
4020,2026-02-13,USA,Android,Organic
4021,2026-05-17,USA,iOS,Organic
4022,2026-06-14,India,Android,Paid Search
4023,2026-03-15,USA,Web,LinkedIn
4024,2026-02-05,USA,Web,Organic
4025,2026-04-11,Germany,Android,Paid Search
4026,2026-06-05,Germany,Web,LinkedIn
4027,2026-06-19,USA,Android,LinkedIn
4028,2026-06-20,USA,Android,Organic
4029,2026-06-19,India,Android,LinkedIn
4030,2026-04-14,USA,Web,Direct
4031,2026-03-07,UAE,Web,Direct
4032,2026-02-24,India,Web,LinkedIn
4033,2026-06-25,UAE,Android,LinkedIn
4034,2026-04-01,USA,Web,Organic
4035,2026-01-22,India,iOS,Referral
4036,2026-04-11,UAE,Web,Referral
4037,2026-06-04,UAE,Web,Paid Search
4038,2026-05-01,India,Web,Paid Search
4039,2026-04-03,India,Web,LinkedIn
4040,2026-04-18,USA,Android,Direct
4041,2026-05-21,USA,Web,Organic
4042,2026-06-22,India,Android,Organic
4043,2026-01-10,Germany,iOS,Referral
4044,2026-01-09,USA,iOS,Organic
4045,2026-06-04,UAE,iOS,Referral
4046,2026-02-03,USA,Web,Organic
4047,2026-05-09,Germany,Web,Paid Search
4048,2026-06-09,UAE,Android,Referral
4049,2026-03-30,India,Web,Organic
4050,2026-04-03,Germany,Web,Organic
4051,2026-03-12,UK,Web,Paid Search
4052,2026-03-08,India,iOS,Paid Search
4053,2026-05-28,UK,Web,LinkedIn
4054,2026-04-27,UK,Web,Referral
4055,2026-04-04,Germany,Web,Paid Search
4056,2026-06-12,UK,Android,Paid Search
4057,2026-04-09,India,Web,Organic
4058,2026-04-23,USA,iOS,LinkedIn
4059,2026-04-13,UK,iOS,Organic
4060,2026-04-01,India,Android,Direct
4061,2026-03-31,UK,Web,Referral
4062,2026-01-17,USA,Android,Referral
4063,2026-01-18,India,Web,LinkedIn
4064,2026-06-22,UK,Web,Direct
4065,2026-04-26,India,iOS,Direct
4066,2026-04-03,India,Android,Referral
4067,2026-06-30,UAE,iOS,Organic
4068,2026-04-01,India,Android,Direct
4069,2026-03-23,USA,Web,Organic
4070,2026-03-09,India,Android,Direct
4071,2026-04-24,USA,Web,LinkedIn
4072,2026-01-01,India,iOS,Direct
4073,2026-02-27,Germany,Web,Direct
4074,2026-06-03,UK,Web,Organic
4075,2026-04-19,USA,Web,Referral
4076,2026-05-28,India,Web,Organic
4077,2026-04-26,UAE,Web,Organic
4078,2026-03-28,India,Web,Paid Search
4079,2026-01-10,Germany,Web,Organic
4080,2026-02-28,UAE,iOS,LinkedIn
4081,2026-02-10,UK,Web,Direct
4082,2026-04-15,USA,Web,Referral
4083,2026-05-13,UAE,Web,Organic
4084,2026-05-02,USA,Web,Direct
4085,2026-05-25,USA,Android,Direct
4086,2026-01-22,USA,Android,LinkedIn
4087,2026-04-08,UAE,Web,Referral
4088,2026-06-18,UAE,iOS,Direct
4089,2026-03-09,India,iOS,Organic
4090,2026-05-19,USA,Web,Direct
4091,2026-02-25,UK,iOS,Direct
4092,2026-06-28,UAE,Web,Direct
4093,2026-05-29,Germany,Web,Organic
4094,2026-04-09,India,Web,Direct
4095,2026-03-17,Germany,Web,Paid Search
4096,2026-01-26,Germany,iOS,Referral
4097,2026-04-25,Germany,Web,Direct
4098,2026-05-27,USA,Web,Organic
4099,2026-04-19,UAE,Web,Paid Search
4100,2026-02-16,India,Android,Direct
4101,2026-03-12,USA,Android,Direct
4102,2026-06-03,India,iOS,Direct
4103,2026-02-09,India,Web,Organic
4104,2026-05-13,USA,iOS,LinkedIn
4105,2026-05-29,India,Web,Organic
4106,2026-05-12,Germany,Web,LinkedIn
4107,2026-01-23,USA,Web,Organic
4108,2026-04-16,USA,Web,LinkedIn
4109,2026-03-25,USA,iOS,Paid Search
4110,2026-05-23,Germany,Android,Direct
4111,2026-04-26,USA,Android,Referral
4112,2026-04-19,UK,Web,Referral
4113,2026-05-16,India,Web,Paid Search
4114,2026-02-10,Germany,Web,LinkedIn
4115,2026-04-22,USA,iOS,Paid Search
4116,2026-05-27,UAE,iOS,Organic
4117,2026-04-22,India,Android,Referral
4118,2026-04-13,UK,Web,Direct
4119,2026-02-15,India,Android,Organic
4120,2026-06-05,Germany,iOS,Organic
4121,2026-03-09,Germany,Android,Referral
4122,2026-05-02,India,iOS,Direct
4123,2026-01-15,USA,iOS,Organic
4124,2026-06-14,India,iOS,Direct
4125,2026-05-09,USA,iOS,Direct
4126,2026-04-21,India,Web,Organic
4127,2026-01-24,USA,Web,Organic
4128,2026-01-27,UAE,Web,LinkedIn
4129,2026-02-09,India,Web,Direct
4130,2026-06-13,UAE,iOS,LinkedIn
4131,2026-01-24,India,Web,Paid Search
4132,2026-01-24,UK,Web,Organic
4133,2026-01-04,India,Web,Paid Search
4134,2026-03-08,UK,iOS,Referral
4135,2026-02-03,Germany,Web,Paid Search
4136,2026-06-26,USA,Web,Referral
4137,2026-06-30,Germany,Web,Organic
4138,2026-04-26,Germany,Web,Paid Search
4139,2026-01-23,India,Android,Organic
4140,2026-04-19,India,Web,Organic
4141,2026-03-10,UK,iOS,Direct
4142,2026-04-05,Germany,iOS,Organic
4143,2026-06-30,Germany,Android,Referral
4144,2026-03-03,India,Web,Organic
4145,2026-06-18,UAE,Web,Organic
4146,2026-02-26,India,Web,Paid Search
4147,2026-02-23,USA,Web,Organic
4148,2026-03-11,UK,iOS,Organic
4149,2026-04-11,India,Web,Direct
4150,2026-02-26,UAE,Web,Organic
4151,2026-05-18,USA,Android,Organic
4152,2026-06-17,USA,iOS,Direct
4153,2026-05-15,India,Web,Organic
4154,2026-04-13,Germany,Web,LinkedIn
4155,2026-06-15,UK,Web,Organic
4156,2026-03-26,USA,Android,Organic
4157,2026-03-02,USA,Android,Referral
4158,2026-01-03,India,Android,Direct
4159,2026-05-08,India,Android,Organic
4160,2026-06-28,USA,Web,Paid Search
4161,2026-03-27,India,Web,Organic
4162,2026-02-16,USA,Web,Organic
4163,2026-03-17,USA,iOS,Direct
4164,2026-02-07,USA,Android,Organic
4165,2026-06-13,India,Web,Direct
4166,2026-06-18,India,Web,Organic
4167,2026-05-21,USA,Android,Direct
4168,2026-03-28,India,Web,Referral
4169,2026-02-27,USA,Android,Direct
4170,2026-02-19,USA,Web,Organic
4171,2026-01-30,UAE,Web,LinkedIn
4172,2026-04-11,USA,Web,LinkedIn
4173,2026-01-25,India,iOS,Referral
4174,2026-04-22,India,iOS,Direct
4175,2026-06-04,Germany,Web,Referral
4176,2026-06-28,Germany,Android,Direct
4177,2026-05-06,UK,iOS,Paid Search
4178,2026-05-03,Germany,iOS,Referral
4179,2026-02-16,UK,Web,Direct
4180,2026-04-28,India,Android,Organic
4181,2026-02-08,India,Web,Paid Search
4182,2026-01-16,Germany,Web,Direct
4183,2026-01-22,India,Web,Paid Search
4184,2026-02-23,UK,Web,Organic
4185,2026-05-29,UK,Android,Paid Search
4186,2026-01-16,USA,Web,Direct
4187,2026-02-28,UAE,Web,Direct
4188,2026-01-31,India,Android,Direct
4189,2026-06-19,India,iOS,LinkedIn
4190,2026-02-01,UK,Android,Referral
4191,2026-06-11,USA,Web,Organic
4192,2026-01-09,UK,iOS,Organic
4193,2026-05-19,USA,Web,Organic
4194,2026-01-10,India,Android,Organic
4195,2026-01-17,Germany,iOS,Direct
4196,2026-03-09,UK,iOS,Direct
4197,2026-02-17,India,Web,Referral
4198,2026-06-29,UAE,Web,Direct
4199,2026-04-21,USA,Web,Direct
4200,2026-06-02,Germany,Web,LinkedIn
4201,2026-05-03,India,Web,Paid Search
4202,2026-05-29,USA,iOS,Organic
4203,2026-04-11,India,Web,Referral
4204,2026-04-12,India,Android,Organic
4205,2026-03-06,UK,Web,Paid Search
4206,2026-02-20,USA,Web,Direct
4207,2026-02-05,USA,Android,Paid Search
4208,2026-03-22,India,iOS,Organic
4209,2026-05-07,India,Web,Referral
4210,2026-03-29,UAE,Web,Referral
4211,2026-04-14,India,iOS,Organic
4212,2026-01-15,India,Web,Organic
4213,2026-04-06,India,Web,Direct
4214,2026-06-16,UAE,iOS,Organic
4215,2026-05-03,India,Web,Direct
4216,2026-01-01,UK,Web,Paid Search
4217,2026-05-31,India,Android,Paid Search
4218,2026-05-02,India,Android,Organic
4219,2026-06-16,USA,Web,LinkedIn
4220,2026-05-06,India,Web,Direct
4221,2026-02-26,UK,Web,Organic
4222,2026-03-22,India,Android,Organic
4223,2026-06-11,UAE,iOS,Organic
4224,2026-06-18,India,Web,LinkedIn
4225,2026-03-14,India,Web,Paid Search
4226,2026-05-21,UK,Web,Organic
4227,2026-03-11,Germany,Web,Paid Search
4228,2026-01-06,India,iOS,Referral
4229,2026-03-25,UAE,Web,Direct
4230,2026-02-21,USA,Web,Referral
4231,2026-01-03,UAE,Web,Organic
4232,2026-03-22,USA,Web,Organic
4233,2026-03-04,India,Web,Paid Search
4234,2026-02-18,Germany,iOS,Organic
4235,2026-03-17,UAE,iOS,LinkedIn
4236,2026-04-22,India,Android,Paid Search
4237,2026-06-24,Germany,Android,Paid Search
4238,2026-04-19,UK,iOS,Referral
4239,2026-03-06,UK,iOS,LinkedIn
4240,2026-03-22,USA,Android,Referral
4241,2026-01-15,UK,Web,Direct
4242,2026-04-10,India,Web,Referral
4243,2026-02-01,USA,Web,LinkedIn
4244,2026-04-06,India,iOS,LinkedIn
4245,2026-05-08,USA,Android,Organic
4246,2026-05-26,Germany,Web,Organic
4247,2026-04-23,UAE,Web,Direct
4248,2026-03-24,UAE,Web,Direct
4249,2026-02-12,India,Web,LinkedIn
4250,2026-04-26,India,Web,LinkedIn
4251,2026-06-12,Germany,Web,Organic
4252,2026-03-19,India,Web,Referral
4253,2026-02-27,UAE,Android,Direct
4254,2026-02-02,USA,Android,Direct
4255,2026-01-14,Germany,Android,Paid Search
4256,2026-06-11,UK,iOS,Paid Search
4257,2026-05-12,UK,Android,Paid Search
4258,2026-02-28,USA,iOS,Paid Search
4259,2026-06-06,Germany,iOS,Paid Search
4260,2026-03-24,UK,iOS,Referral
4261,2026-05-14,UK,Web,Organic
4262,2026-05-01,India,Web,LinkedIn
4263,2026-06-26,India,iOS,LinkedIn
4264,2026-06-17,UK,Web,Direct
4265,2026-03-24,Germany,Web,Direct
4266,2026-01-27,Germany,Web,Referral
4267,2026-03-21,Germany,Web,LinkedIn
4268,2026-05-14,UK,Android,Paid Search
4269,2026-01-13,USA,Web,Direct
4270,2026-03-05,USA,Web,Organic
4271,2026-05-27,UK,Web,Direct
4272,2026-03-21,India,Android,Organic
4273,2026-05-03,UAE,iOS,Organic
4274,2026-02-12,Germany,iOS,Paid Search
4275,2026-03-30,India,Android,Referral
4276,2026-05-28,Germany,Web,Organic
4277,2026-04-05,India,Web,Referral
4278,2026-06-21,USA,Web,Direct
4279,2026-05-31,UK,iOS,Organic
4280,2026-01-02,USA,iOS,Referral
4281,2026-04-30,UAE,Web,Paid Search
4282,2026-01-22,Germany,Web,Referral
4283,2026-04-25,UK,Web,LinkedIn
4284,2026-02-26,India,iOS,Paid Search
4285,2026-03-13,UK,Web,Direct
4286,2026-01-07,India,Web,Referral
4287,2026-04-29,India,Web,Direct
4288,2026-04-24,UAE,iOS,LinkedIn
4289,2026-01-16,Germany,iOS,Direct
4290,2026-03-24,UK,Web,Organic
4291,2026-06-28,USA,iOS,Organic
4292,2026-03-13,UAE,Web,Paid Search
4293,2026-05-04,India,Android,Direct
4294,2026-04-23,Germany,Web,Organic
4295,2026-01-12,UK,iOS,Direct
4296,2026-05-06,Germany,Web,Organic
4297,2026-02-22,India,Web,Organic
4298,2026-03-16,India,iOS,Organic
4299,2026-05-13,Germany,Web,Referral
4300,2026-01-27,USA,Web,Direct
4301,2026-05-20,India,Web,Organic
4302,2026-05-25,India,Web,Referral
4303,2026-05-14,USA,Web,Organic
4304,2026-04-07,UAE,Web,Referral
4305,2026-01-05,USA,iOS,Organic
4306,2026-02-26,India,Android,Paid Search
4307,2026-06-05,UAE,Web,LinkedIn
4308,2026-03-19,Germany,iOS,Referral
4309,2026-03-10,India,Android,Organic
4310,2026-04-28,UK,Web,Organic
4311,2026-04-30,USA,Web,LinkedIn
4312,2026-02-28,India,Android,Direct
4313,2026-02-02,UAE,iOS,Direct
4314,2026-03-03,UK,Web,Direct
4315,2026-02-19,UAE,Web,Direct
4316,2026-04-22,UAE,Web,Paid Search
4317,2026-01-19,UAE,Android,Paid Search
4318,2026-05-03,UK,Web,Organic
4319,2026-02-16,UK,Android,Paid Search
4320,2026-06-16,USA,Web,LinkedIn
4321,2026-02-02,India,Web,Direct
4322,2026-05-21,UK,Web,Organic
4323,2026-03-25,Germany,iOS,Referral
4324,2026-05-15,UK,Web,LinkedIn
4325,2026-03-20,USA,Web,Referral
4326,2026-01-14,UK,Android,Organic
4327,2026-05-27,Germany,Android,LinkedIn
4328,2026-05-08,Germany,Web,Organic
4329,2026-02-23,India,Web,Direct
4330,2026-05-28,UAE,Android,Direct
4331,2026-01-29,UAE,iOS,Paid Search
4332,2026-01-24,UAE,Web,Paid Search
4333,2026-03-23,India,Android,LinkedIn
4334,2026-03-04,USA,Web,Paid Search
4335,2026-04-15,India,iOS,Organic
4336,2026-02-26,UK,Web,Direct
4337,2026-05-16,USA,iOS,Paid Search
4338,2026-03-03,India,Web,Organic
4339,2026-06-06,Germany,iOS,Referral
4340,2026-01-17,USA,Android,Organic
4341,2026-03-07,UAE,Web,Organic
4342,2026-01-06,UAE,Web,Referral
4343,2026-02-27,India,Web,Paid Search
4344,2026-03-10,USA,Android,Referral
4345,2026-06-05,India,Android,Direct
4346,2026-03-03,USA,Android,Direct
4347,2026-06-18,USA,Web,Organic
4348,2026-03-23,India,Android,Organic
4349,2026-06-18,Germany,Web,Referral
4350,2026-06-26,India,Web,Referral
4351,2026-06-26,Germany,Web,Direct
4352,2026-03-12,India,Web,Referral
4353,2026-05-11,UK,Android,Organic
4354,2026-01-10,India,iOS,Paid Search
4355,2026-04-08,USA,Web,Direct
4356,2026-03-30,UK,Web,Direct
4357,2026-02-04,India,Web,Organic
4358,2026-01-02,UK,iOS,Referral
4359,2026-05-04,UAE,Web,Organic
4360,2026-01-24,USA,Web,Paid Search
4361,2026-03-15,Germany,iOS,Organic
4362,2026-06-15,UAE,Android,Direct
4363,2026-01-22,India,Android,Referral
4364,2026-06-03,India,Android,Direct
4365,2026-06-20,UK,Android,Direct
4366,2026-02-08,UAE,Web,Organic
4367,2026-06-06,UAE,Android,LinkedIn
4368,2026-01-20,India,Web,Direct
4369,2026-02-10,UAE,iOS,Referral
4370,2026-05-28,Germany,Web,Referral
4371,2026-04-18,India,Android,Paid Search
4372,2026-05-27,UK,Web,LinkedIn
4373,2026-03-25,USA,Web,Paid Search
4374,2026-04-21,USA,iOS,Paid Search
4375,2026-03-07,India,Web,Organic
4376,2026-06-07,UK,Android,Organic
4377,2026-02-22,Germany,Web,Organic
4378,2026-02-03,India,iOS,Organic
4379,2026-05-30,UAE,Android,Paid Search
4380,2026-03-08,India,iOS,Organic
4381,2026-05-14,UAE,Web,Organic
4382,2026-01-27,UAE,Web,LinkedIn
4383,2026-01-10,USA,Web,LinkedIn
4384,2026-03-14,India,Android,LinkedIn
4385,2026-04-06,UK,Android,Direct
4386,2026-02-17,UK,Android,Organic
4387,2026-03-11,UAE,Web,Organic
4388,2026-04-10,USA,Web,Paid Search
4389,2026-02-28,UAE,Web,Direct
4390,2026-01-02,Germany,Android,LinkedIn
4391,2026-06-06,UAE,Web,Paid Search
4392,2026-03-06,UK,Web,Organic
4393,2026-03-24,USA,iOS,Referral
4394,2026-06-03,India,Web,Organic
4395,2026-01-10,India,iOS,Referral
4396,2026-02-22,USA,Web,Direct
4397,2026-03-20,UAE,Web,Referral
4398,2026-02-28,Germany,Web,Direct
4399,2026-05-30,Germany,Android,Paid Search
4400,2026-06-28,UAE,Web,Referral
4401,2026-02-17,UAE,Web,Direct
4402,2026-05-29,UAE,Web,Referral
4403,2026-05-03,India,Web,Referral
4404,2026-01-22,USA,Android,LinkedIn
4405,2026-04-10,USA,Web,Direct
4406,2026-04-08,UAE,Android,Organic
4407,2026-06-07,India,Web,Paid Search
4408,2026-01-25,India,Android,Paid Search
4409,2026-01-28,India,Android,Direct
4410,2026-04-23,USA,iOS,Direct
4411,2026-02-14,India,iOS,Organic
4412,2026-03-09,USA,Web,Organic
4413,2026-01-07,USA,iOS,Direct
4414,2026-02-18,USA,Web,Organic
4415,2026-05-17,UAE,Web,Organic
4416,2026-06-13,USA,Android,Organic
4417,2026-03-24,UK,Web,Organic
4418,2026-05-09,USA,Android,LinkedIn
4419,2026-05-18,UAE,Web,Paid Search
4420,2026-06-13,UAE,Web,Referral
4421,2026-03-14,UK,Android,Direct
4422,2026-02-15,India,iOS,Organic
4423,2026-04-16,UAE,iOS,Organic
4424,2026-06-09,Germany,iOS,Direct
4425,2026-02-01,India,Android,LinkedIn
4426,2026-01-06,India,Web,Organic
4427,2026-06-25,India,iOS,Paid Search
4428,2026-06-15,UK,Web,Paid Search
4429,2026-05-25,India,Web,Referral
4430,2026-03-15,UK,Web,Organic
4431,2026-04-24,India,Web,Paid Search
4432,2026-01-27,India,iOS,Organic
4433,2026-02-23,USA,Android,Direct
4434,2026-06-27,India,Android,Paid Search
4435,2026-06-12,Germany,iOS,Referral
4436,2026-03-26,India,Web,Organic
4437,2026-05-07,UAE,Web,Organic
4438,2026-06-02,India,Web,LinkedIn
4439,2026-06-05,UAE,iOS,LinkedIn
4440,2026-04-21,Germany,Web,LinkedIn
4441,2026-01-15,Germany,Web,LinkedIn
4442,2026-05-12,India,Android,Organic
4443,2026-04-03,UK,iOS,LinkedIn
4444,2026-05-03,UK,Android,Organic
4445,2026-03-14,India,iOS,Organic
4446,2026-06-04,India,Web,LinkedIn
4447,2026-06-03,Germany,Web,Direct
4448,2026-05-27,Germany,Android,LinkedIn
4449,2026-04-02,Germany,iOS,Direct
4450,2026-01-17,USA,iOS,Direct
4451,2026-02-12,USA,Web,Organic
4452,2026-05-01,India,iOS,Direct
4453,2026-02-10,India,Web,Referral
4454,2026-06-19,India,Web,Direct
4455,2026-06-27,USA,Web,LinkedIn
4456,2026-06-17,USA,Web,Referral
4457,2026-02-08,USA,Web,LinkedIn
4458,2026-04-23,Germany,Web,Paid Search
4459,2026-05-31,Germany,iOS,Direct
4460,2026-04-21,Germany,iOS,Organic
4461,2026-06-29,India,Web,Paid Search
4462,2026-02-16,USA,Web,Organic
4463,2026-03-04,UK,Android,Organic
4464,2026-04-20,India,Web,Organic
4465,2026-03-10,Germany,Web,Organic
4466,2026-02-12,Germany,iOS,Paid Search
4467,2026-06-25,India,Web,Paid Search
4468,2026-02-03,India,iOS,Organic
4469,2026-02-09,USA,iOS,Organic
4470,2026-03-02,UK,Android,Direct
4471,2026-06-27,Germany,Android,Organic
4472,2026-03-03,India,Android,Paid Search
4473,2026-02-27,India,Web,Organic
4474,2026-06-10,India,Android,Organic
4475,2026-03-16,India,Web,LinkedIn
4476,2026-01-16,India,iOS,Paid Search
4477,2026-03-23,Germany,iOS,Paid Search
4478,2026-04-04,UAE,Web,Organic
4479,2026-02-17,UAE,iOS,LinkedIn
4480,2026-05-18,India,Web,LinkedIn
4481,2026-03-23,India,Web,Organic
4482,2026-02-07,USA,Android,Organic
4483,2026-05-07,UK,Web,Organic
4484,2026-01-19,USA,Web,LinkedIn
4485,2026-06-13,UAE,Web,Organic
4486,2026-03-04,India,Android,Paid Search
4487,2026-03-18,UAE,Web,Organic
4488,2026-06-23,India,Web,Organic
4489,2026-05-11,USA,Android,Organic
4490,2026-04-12,India,Web,Paid Search
4491,2026-03-06,USA,Web,Organic
4492,2026-04-30,India,Android,Paid Search
4493,2026-04-01,USA,Web,Referral
4494,2026-01-08,Germany,Android,Paid Search
4495,2026-06-28,UK,Web,LinkedIn
4496,2026-03-14,UK,Android,LinkedIn
4497,2026-05-14,Germany,Android,LinkedIn
4498,2026-04-17,UK,Web,Direct
4499,2026-03-30,India,Web,Organic
4500,2026-02-08,India,Android,Organic
4501,2026-04-23,USA,Web,Referral
4502,2026-01-28,USA,iOS,Referral
4503,2026-04-07,India,iOS,Referral
4504,2026-02-06,India,Android,Organic
4505,2026-05-17,Germany,Android,Referral
4506,2026-03-23,India,Web,Direct
4507,2026-02-25,UAE,Web,Paid Search
4508,2026-03-26,India,Android,Direct
4509,2026-01-02,USA,Android,Paid Search
4510,2026-02-27,India,iOS,Organic
4511,2026-04-17,USA,Android,Paid Search
4512,2026-05-03,India,iOS,Paid Search
4513,2026-06-17,USA,Web,Referral
4514,2026-06-13,USA,Android,Referral
4515,2026-04-24,UAE,Web,Referral
4516,2026-04-17,UK,Web,Organic
4517,2026-02-06,UAE,Web,Organic
4518,2026-03-20,India,Android,Paid Search
4519,2026-04-02,USA,Android,Direct
4520,2026-01-18,India,Web,Organic
4521,2026-04-08,USA,Web,Direct
4522,2026-03-04,India,iOS,Paid Search
4523,2026-05-30,India,Android,Organic
4524,2026-05-19,India,iOS,Organic
4525,2026-01-04,UK,iOS,Organic
4526,2026-05-15,UAE,iOS,Direct
4527,2026-03-02,USA,Web,LinkedIn
4528,2026-04-17,India,Web,Direct
4529,2026-02-23,India,Web,Direct
4530,2026-03-29,USA,Android,Referral
4531,2026-03-09,USA,Web,LinkedIn
4532,2026-05-09,India,iOS,Referral
4533,2026-02-24,UK,Web,LinkedIn
4534,2026-01-03,UAE,Web,Organic
4535,2026-06-15,USA,Web,Paid Search
4536,2026-05-01,Germany,Web,Referral
4537,2026-05-09,Germany,Web,Organic
4538,2026-04-12,USA,Android,Paid Search
4539,2026-02-07,India,Web,Direct
4540,2026-03-26,USA,iOS,Paid Search
4541,2026-06-06,UK,Web,Referral
4542,2026-05-13,India,Web,Organic
4543,2026-04-02,UAE,Web,LinkedIn
4544,2026-01-21,Germany,Android,Paid Search
4545,2026-04-19,Germany,Web,Direct
4546,2026-02-16,India,Web,Direct
4547,2026-03-25,USA,Android,Direct
4548,2026-03-24,USA,Web,Organic
4549,2026-02-04,India,Android,Paid Search
4550,2026-03-10,UAE,Web,Direct
4551,2026-05-09,USA,iOS,Direct
4552,2026-05-20,UAE,Web,Direct
4553,2026-01-27,India,Android,Referral
4554,2026-02-25,USA,iOS,Paid Search
4555,2026-01-23,Germany,Web,Organic
4556,2026-06-02,USA,Web,Direct
4557,2026-01-21,USA,Web,LinkedIn
4558,2026-03-02,UAE,iOS,Organic
4559,2026-03-04,India,Web,Organic
4560,2026-05-02,UK,Web,Referral
4561,2026-02-21,India,iOS,LinkedIn
4562,2026-03-29,Germany,Web,Organic
4563,2026-06-02,India,Web,Organic
4564,2026-02-24,UAE,Web,Organic
4565,2026-02-15,UAE,iOS,Organic
4566,2026-02-01,Germany,Android,Direct
4567,2026-02-24,India,Web,LinkedIn
4568,2026-04-06,India,Android,LinkedIn
4569,2026-05-13,India,Web,LinkedIn
4570,2026-02-05,USA,Web,Paid Search
4571,2026-04-20,India,Web,LinkedIn
4572,2026-06-26,India,Web,Direct
4573,2026-04-16,India,Web,LinkedIn
4574,2026-02-27,USA,Android,Paid Search
4575,2026-02-08,India,Android,LinkedIn
4576,2026-03-21,India,Web,Direct
4577,2026-04-07,India,Web,Organic
4578,2026-04-23,UK,Android,Organic
4579,2026-03-02,USA,Web,Direct
4580,2026-05-17,UK,iOS,Direct
4581,2026-01-06,Germany,Web,Paid Search
4582,2026-04-19,Germany,Web,Paid Search
4583,2026-02-04,UAE,Web,Organic
4584,2026-02-08,USA,Android,Paid Search
4585,2026-05-30,USA,Android,Direct
4586,2026-06-18,Germany,Web,Organic
4587,2026-04-28,UAE,Android,Paid Search
4588,2026-01-05,UK,Web,Direct
4589,2026-06-19,UAE,Web,Paid Search
4590,2026-03-28,Germany,Android,LinkedIn
4591,2026-03-17,India,iOS,Paid Search
4592,2026-06-07,India,Web,Direct
4593,2026-02-26,UAE,Web,Direct
4594,2026-05-07,India,Android,Paid Search
4595,2026-01-29,UK,Android,Direct
4596,2026-06-14,India,Android,Direct
4597,2026-03-28,India,Web,Direct
4598,2026-05-21,Germany,Android,Paid Search
4599,2026-06-09,UAE,Web,Paid Search
4600,2026-02-15,USA,Android,Paid Search
4601,2026-04-26,India,Web,Paid Search
4602,2026-04-22,India,Web,Paid Search
4603,2026-05-31,USA,Web,Organic
4604,2026-02-14,USA,Android,LinkedIn
4605,2026-05-25,UAE,Android,Referral
4606,2026-04-14,Germany,Web,Direct
4607,2026-03-26,Germany,iOS,Direct
4608,2026-05-14,Germany,Android,Paid Search
4609,2026-04-18,UAE,Web,Referral
4610,2026-01-18,India,Android,LinkedIn
4611,2026-04-04,UK,Android,Organic
4612,2026-05-30,USA,Web,Organic
4613,2026-02-02,India,Web,Direct
4614,2026-06-07,USA,Web,Organic
4615,2026-05-06,India,Web,Direct
4616,2026-06-09,UAE,Web,Direct
4617,2026-06-19,India,iOS,Paid Search
4618,2026-05-02,USA,iOS,Direct
4619,2026-05-18,India,Web,Paid Search
4620,2026-04-25,USA,iOS,Direct
4621,2026-06-13,UK,iOS,Direct
4622,2026-06-11,USA,Android,Organic
4623,2026-01-28,Germany,Web,Referral
4624,2026-01-11,USA,iOS,Referral
4625,2026-06-16,Germany,Android,Organic
4626,2026-02-16,India,Web,Direct
4627,2026-05-07,India,Web,Paid Search
4628,2026-05-27,India,Web,Referral
4629,2026-04-28,India,Android,Organic
4630,2026-05-23,USA,Web,Referral
4631,2026-05-06,India,Android,Direct
4632,2026-06-05,UK,Android,Referral
4633,2026-06-01,UK,Web,LinkedIn
4634,2026-03-13,UK,iOS,LinkedIn
4635,2026-04-17,UAE,Web,Organic
4636,2026-05-17,USA,Web,Paid Search
4637,2026-06-24,India,iOS,Organic
4638,2026-02-02,India,iOS,Organic
4639,2026-01-19,UK,Web,Organic
4640,2026-03-15,USA,Android,Direct
4641,2026-06-17,UAE,Web,Direct
4642,2026-06-24,Germany,Web,Organic
4643,2026-06-06,UAE,Web,Paid Search
4644,2026-06-27,UAE,Web,Organic
4645,2026-04-08,India,Android,Direct
4646,2026-05-21,UK,iOS,Paid Search
4647,2026-05-09,USA,Web,Referral
4648,2026-06-11,India,Web,Referral
4649,2026-04-03,India,Web,LinkedIn
4650,2026-06-25,USA,Web,Paid Search
4651,2026-02-17,UAE,iOS,Organic
4652,2026-06-26,India,Android,Organic
4653,2026-03-05,USA,Android,Paid Search
4654,2026-03-02,India,Web,Direct
4655,2026-06-06,Germany,Web,Paid Search
4656,2026-02-08,India,Web,Organic
4657,2026-05-08,USA,Web,Direct
4658,2026-03-29,UAE,Web,Organic
4659,2026-01-26,Germany,Web,Organic
4660,2026-01-17,India,Web,Direct
4661,2026-03-12,USA,iOS,LinkedIn
4662,2026-01-13,UK,iOS,Paid Search
4663,2026-03-10,UAE,Web,LinkedIn
4664,2026-01-26,UAE,Android,LinkedIn
4665,2026-02-18,USA,Web,Organic
4666,2026-01-07,Germany,Web,LinkedIn
4667,2026-02-27,India,Android,Referral
4668,2026-02-18,India,Web,Direct
4669,2026-04-13,USA,Android,Direct
4670,2026-02-22,India,Web,Paid Search
4671,2026-03-03,Germany,iOS,Referral
4672,2026-01-17,UK,iOS,Organic
4673,2026-06-20,USA,iOS,Organic
4674,2026-01-25,India,Android,Paid Search
4675,2026-05-11,India,iOS,LinkedIn
4676,2026-01-29,USA,Android,Referral
4677,2026-04-27,Germany,Web,Paid Search
4678,2026-06-09,Germany,Web,Direct
4679,2026-01-26,India,iOS,LinkedIn
4680,2026-05-04,India,iOS,LinkedIn
4681,2026-05-24,India,Android,Organic
4682,2026-01-25,Germany,Web,LinkedIn
4683,2026-02-23,India,Web,Direct
4684,2026-06-05,India,iOS,Organic
4685,2026-03-14,India,Android,Paid Search
4686,2026-04-30,India,Android,Direct
4687,2026-02-25,Germany,Web,Referral
4688,2026-03-06,UK,Web,Referral
4689,2026-04-03,India,Web,Organic
4690,2026-03-27,India,Web,Referral
4691,2026-03-21,India,Android,Paid Search
4692,2026-06-18,India,Web,Organic
4693,2026-04-18,India,Web,Paid Search
4694,2026-06-28,USA,Web,Organic
4695,2026-04-28,India,Web,LinkedIn
4696,2026-06-06,India,Android,Direct
4697,2026-03-24,UAE,Web,Paid Search
4698,2026-05-27,USA,Web,Referral
4699,2026-06-18,UK,Android,Paid Search
4700,2026-06-22,USA,Web,Organic
4701,2026-01-15,UK,iOS,Direct
4702,2026-05-11,USA,Web,Organic
4703,2026-05-19,India,iOS,Organic
4704,2026-06-30,Germany,Web,Paid Search
4705,2026-06-23,India,Web,LinkedIn
4706,2026-01-30,UAE,Web,Paid Search
4707,2026-02-26,USA,Web,Organic
4708,2026-05-26,UAE,Web,Direct
4709,2026-06-28,Germany,Web,Paid Search
4710,2026-05-08,UAE,iOS,Organic
4711,2026-02-17,Germany,Android,Paid Search
4712,2026-05-16,USA,Web,Organic
4713,2026-01-22,Germany,Web,Referral
4714,2026-01-06,Germany,Android,LinkedIn
4715,2026-04-14,Germany,iOS,LinkedIn
4716,2026-02-05,USA,Web,Organic
4717,2026-03-20,UAE,Web,Organic
4718,2026-04-26,India,Web,Organic
4719,2026-02-26,USA,Web,Organic
4720,2026-02-18,Germany,Android,Organic
4721,2026-06-22,USA,Android,Paid Search
4722,2026-03-23,Germany,iOS,Organic
4723,2026-03-07,USA,Web,Referral
4724,2026-03-18,India,Web,Paid Search
4725,2026-02-14,India,Android,Organic
4726,2026-03-20,India,Web,Paid Search
4727,2026-01-20,India,Web,Organic
4728,2026-05-03,UK,Web,LinkedIn
4729,2026-03-08,Germany,iOS,Paid Search
4730,2026-03-24,USA,Web,Organic
4731,2026-01-03,UAE,Web,Paid Search
4732,2026-03-05,India,Android,Organic
4733,2026-02-09,India,iOS,LinkedIn
4734,2026-02-28,UK,Web,Direct
4735,2026-03-03,India,iOS,Organic
4736,2026-05-12,India,Web,LinkedIn
4737,2026-03-01,UAE,Web,Organic
4738,2026-04-26,India,iOS,Organic
4739,2026-03-16,Germany,Web,Organic
4740,2026-05-02,India,Web,Direct
4741,2026-04-17,India,iOS,Paid Search
4742,2026-04-06,India,Android,Direct
4743,2026-04-01,India,Web,Paid Search
4744,2026-06-07,USA,Web,Organic
4745,2026-05-10,USA,Web,LinkedIn
4746,2026-03-03,UAE,Web,Direct
4747,2026-02-18,USA,Web,Direct
4748,2026-05-17,UAE,Web,LinkedIn
4749,2026-04-02,USA,iOS,Paid Search
4750,2026-06-08,India,Web,Organic
4751,2026-05-04,UAE,Web,Organic
4752,2026-03-02,USA,Web,Paid Search
4753,2026-02-17,USA,Web,Direct
4754,2026-06-02,USA,Android,LinkedIn
4755,2026-06-13,India,Web,Direct
4756,2026-05-16,India,Android,Organic
4757,2026-02-27,Germany,Android,LinkedIn
4758,2026-04-11,India,Android,Direct
4759,2026-04-22,India,Web,Paid Search
4760,2026-06-22,India,Android,Paid Search
4761,2026-03-03,India,Web,LinkedIn
4762,2026-02-08,India,Web,Referral
4763,2026-02-27,UAE,Web,Direct
4764,2026-04-09,UAE,Web,Paid Search
4765,2026-02-13,Germany,Web,Organic
4766,2026-01-29,India,Web,Paid Search
4767,2026-02-28,India,Web,Organic
4768,2026-03-12,UK,iOS,Referral
4769,2026-04-02,UK,Web,Organic
4770,2026-01-09,UAE,Web,Direct
4771,2026-05-07,USA,Android,Direct
4772,2026-05-14,India,Web,Organic
4773,2026-06-06,USA,iOS,Organic
4774,2026-05-25,UAE,Android,Referral
4775,2026-05-24,India,Web,LinkedIn
4776,2026-05-11,Germany,Web,Organic
4777,2026-01-21,UK,Android,Organic
4778,2026-03-05,India,Android,Referral
4779,2026-03-31,India,iOS,LinkedIn
4780,2026-02-05,India,Web,Organic
4781,2026-03-03,UK,Android,LinkedIn
4782,2026-06-19,India,Web,Direct
4783,2026-03-17,India,Web,Organic
4784,2026-06-19,India,Web,Referral
4785,2026-01-13,USA,Web,Organic
4786,2026-01-11,USA,Android,Organic
4787,2026-02-23,USA,Android,Organic
4788,2026-01-16,India,iOS,Paid Search
4789,2026-01-08,Germany,Web,Direct
4790,2026-04-14,USA,iOS,Referral
4791,2026-02-28,Germany,iOS,Organic
4792,2026-02-26,UAE,Web,Organic
4793,2026-02-09,UAE,Android,Referral
4794,2026-05-10,USA,Android,Organic
4795,2026-04-04,India,iOS,Paid Search
4796,2026-05-18,UK,Web,Referral
4797,2026-02-13,USA,iOS,Direct
4798,2026-05-19,USA,Android,Organic
4799,2026-03-21,Germany,Web,LinkedIn
4800,2026-03-22,USA,Android,Organic
4801,2026-01-02,India,Web,Referral
4802,2026-06-27,India,iOS,Referral
4803,2026-05-20,UAE,iOS,Direct
4804,2026-04-25,UK,iOS,Referral
4805,2026-03-31,India,Android,Paid Search
4806,2026-01-23,India,Web,Organic
4807,2026-05-26,UK,Web,Organic
4808,2026-03-03,USA,iOS,Referral
4809,2026-04-23,Germany,Web,Direct
4810,2026-05-08,USA,Web,Referral
4811,2026-03-03,USA,Web,LinkedIn
4812,2026-02-07,UK,Web,Organic
4813,2026-06-15,Germany,iOS,Paid Search
4814,2026-03-02,UK,iOS,Paid Search
4815,2026-05-09,Germany,Web,Organic
4816,2026-06-22,Germany,Web,Paid Search
4817,2026-06-05,Germany,Web,LinkedIn
4818,2026-05-29,UAE,Web,Paid Search
4819,2026-05-02,India,Web,LinkedIn
4820,2026-04-20,India,Web,LinkedIn
4821,2026-01-13,India,iOS,Paid Search
4822,2026-06-04,India,iOS,LinkedIn
4823,2026-04-10,India,Web,Paid Search
4824,2026-05-15,India,iOS,Organic
4825,2026-01-22,UK,Android,Organic
4826,2026-03-15,USA,Web,Organic
4827,2026-06-30,India,Web,LinkedIn
4828,2026-05-12,USA,iOS,Direct
4829,2026-01-23,USA,Web,Organic
4830,2026-04-29,UK,iOS,Organic
4831,2026-03-11,Germany,Android,Paid Search
4832,2026-03-25,India,Web,LinkedIn
4833,2026-04-11,India,iOS,Paid Search
4834,2026-03-25,UAE,iOS,Referral
4835,2026-06-10,India,Web,LinkedIn
4836,2026-01-28,UK,Web,Paid Search
4837,2026-05-16,UAE,Android,Direct
4838,2026-01-01,India,Android,Organic
4839,2026-06-14,India,Android,Direct
4840,2026-03-04,India,Android,Organic
4841,2026-01-22,UK,Web,Organic
4842,2026-03-11,UK,Web,LinkedIn
4843,2026-05-05,India,Web,LinkedIn
4844,2026-05-29,India,Web,Direct
4845,2026-04-06,India,Android,Paid Search
4846,2026-06-12,India,Android,Direct
4847,2026-03-20,Germany,Android,Organic
4848,2026-01-05,India,iOS,Organic
4849,2026-03-01,USA,Web,Paid Search
4850,2026-04-30,Germany,Web,LinkedIn
4851,2026-02-15,India,Web,LinkedIn
4852,2026-06-27,UAE,iOS,Paid Search
4853,2026-06-25,Germany,Web,Organic
4854,2026-05-14,USA,Android,Organic
4855,2026-02-25,UAE,Android,Paid Search
4856,2026-04-20,USA,Web,Paid Search
4857,2026-06-06,USA,Web,LinkedIn
4858,2026-04-14,India,iOS,Referral
4859,2026-03-18,Germany,Web,Direct
4860,2026-05-26,UAE,Android,Organic
4861,2026-01-02,UK,iOS,Paid Search
4862,2026-01-08,Germany,Web,Paid Search
4863,2026-03-16,USA,Web,LinkedIn
4864,2026-05-05,UAE,Web,Paid Search
4865,2026-02-07,India,Android,Direct
4866,2026-06-25,UK,Web,Referral
4867,2026-01-27,USA,Android,Organic
4868,2026-01-20,USA,iOS,Organic
4869,2026-05-20,Germany,iOS,LinkedIn
4870,2026-02-12,Germany,Web,LinkedIn
4871,2026-01-31,UAE,iOS,Organic
4872,2026-04-01,India,iOS,Organic
4873,2026-03-02,UAE,Web,Referral
4874,2026-04-19,USA,Android,Referral
4875,2026-04-01,UK,iOS,Organic
4876,2026-06-12,UK,Android,Paid Search
4877,2026-04-05,UAE,Web,Paid Search
4878,2026-05-23,India,Android,Direct
4879,2026-05-24,India,Web,Organic
4880,2026-01-13,UK,Android,LinkedIn
4881,2026-04-23,India,Android,Referral
4882,2026-02-04,India,Web,Organic
4883,2026-05-29,India,Web,Referral
4884,2026-06-07,UK,iOS,Organic
4885,2026-02-17,India,Web,LinkedIn
4886,2026-02-04,USA,Web,Referral
4887,2026-03-27,UK,Web,Organic
4888,2026-06-15,USA,Android,Organic
4889,2026-06-08,USA,Android,LinkedIn
4890,2026-06-01,India,iOS,Organic
4891,2026-04-24,UAE,iOS,Paid Search
4892,2026-06-26,Germany,iOS,Paid Search
4893,2026-04-10,USA,Web,Direct
4894,2026-06-09,Germany,Web,Referral
4895,2026-04-09,USA,iOS,LinkedIn
4896,2026-01-03,India,Android,Organic
4897,2026-03-26,India,iOS,Organic
4898,2026-05-05,UK,iOS,Organic
4899,2026-05-18,UAE,Android,Paid Search
4900,2026-03-24,India,Web,LinkedIn
4901,2026-01-25,USA,iOS,Referral
4902,2026-03-09,UAE,Web,Paid Search
4903,2026-03-02,India,Web,LinkedIn
4904,2026-01-29,USA,iOS,Organic
4905,2026-05-07,USA,iOS,Organic
4906,2026-01-19,UAE,Web,Direct
4907,2026-06-20,USA,iOS,Referral
4908,2026-03-15,Germany,iOS,Referral
4909,2026-03-02,UAE,Android,Paid Search
4910,2026-06-20,India,Android,Paid Search
4911,2026-06-02,India,Web,Organic
4912,2026-01-20,UK,Android,Direct
4913,2026-02-17,India,iOS,Referral
4914,2026-03-28,Germany,Android,Organic
4915,2026-06-01,USA,iOS,Direct
4916,2026-05-19,USA,Web,Paid Search
4917,2026-04-20,Germany,Web,LinkedIn
4918,2026-01-28,Germany,iOS,Organic
4919,2026-02-28,India,Web,Organic
4920,2026-05-13,India,iOS,Organic
4921,2026-02-20,USA,Web,Organic
4922,2026-05-29,UAE,Web,LinkedIn
4923,2026-01-12,UAE,Web,LinkedIn
4924,2026-02-19,UK,iOS,Referral
4925,2026-05-12,Germany,Web,Direct
4926,2026-04-23,UAE,iOS,Organic
4927,2026-06-19,USA,Web,Direct
4928,2026-06-15,India,Android,Direct
4929,2026-06-02,USA,Web,Paid Search
4930,2026-01-14,India,Web,Organic
4931,2026-02-01,Germany,iOS,LinkedIn
4932,2026-05-19,India,iOS,Paid Search
4933,2026-05-26,USA,Web,LinkedIn
4934,2026-06-04,India,Android,Organic
4935,2026-02-24,India,Web,Referral
4936,2026-04-30,UAE,Web,Referral
4937,2026-03-16,UAE,Web,Organic
4938,2026-01-21,India,Web,Paid Search
4939,2026-06-21,India,Web,Organic
4940,2026-05-13,USA,Web,Paid Search
4941,2026-03-28,USA,Android,Direct
4942,2026-06-18,India,Web,Organic
4943,2026-02-28,USA,iOS,LinkedIn
4944,2026-03-30,India,Web,Organic
4945,2026-05-30,UK,Web,LinkedIn
4946,2026-03-24,India,Web,Direct
4947,2026-03-06,UK,Android,Paid Search
4948,2026-03-05,India,iOS,Direct
4949,2026-03-12,Germany,Android,Referral
4950,2026-01-04,India,Web,Paid Search
4951,2026-05-23,India,Android,Direct
4952,2026-04-14,India,iOS,Organic
4953,2026-05-30,Germany,Web,Organic
4954,2026-06-24,UK,Web,Referral
4955,2026-04-03,USA,Web,LinkedIn
4956,2026-06-23,Germany,iOS,LinkedIn
4957,2026-05-22,Germany,Web,Organic
4958,2026-06-27,USA,iOS,Direct
4959,2026-05-28,India,Web,LinkedIn
4960,2026-06-27,USA,Web,Direct
4961,2026-04-22,India,Web,Paid Search
4962,2026-06-10,USA,iOS,LinkedIn
4963,2026-04-29,USA,Web,Direct
4964,2026-02-28,USA,Web,Paid Search
4965,2026-02-12,UK,iOS,Direct
4966,2026-01-12,UK,Web,Organic
4967,2026-02-09,Germany,Web,Paid Search
4968,2026-04-28,India,Web,Direct
4969,2026-01-20,India,Web,Direct
4970,2026-06-15,UK,Web,Organic
4971,2026-05-11,Germany,Web,Organic
4972,2026-06-05,India,Web,LinkedIn
4973,2026-03-31,India,Web,Direct
4974,2026-04-04,India,Android,Referral
4975,2026-01-13,India,Web,Referral
4976,2026-03-07,Germany,Web,LinkedIn
4977,2026-02-06,USA,Web,Organic
4978,2026-06-26,USA,Web,Direct
4979,2026-03-07,UK,Android,Paid Search
4980,2026-02-05,USA,iOS,Referral
4981,2026-01-26,India,Web,Paid Search
4982,2026-03-16,UAE,Android,Paid Search
4983,2026-04-18,UAE,Web,LinkedIn
4984,2026-06-17,India,Android,Direct
4985,2026-02-12,UAE,Android,LinkedIn
4986,2026-05-30,India,iOS,LinkedIn
4987,2026-05-28,India,Web,Organic
4988,2026-01-08,India,Web,Direct
4989,2026-01-29,USA,Web,Organic
4990,2026-02-09,India,Web,Organic
4991,2026-06-07,Germany,Web,Organic
4992,2026-05-08,India,Android,LinkedIn
4993,2026-03-25,USA,Web,Direct
4994,2026-04-26,Germany,iOS,LinkedIn
4995,2026-05-24,Germany,iOS,Organic
4996,2026-06-23,Germany,Android,Organic
4997,2026-03-03,India,Web,Referral
4998,2026-01-07,India,Web,Organic
4999,2026-02-14,UAE,Android,Paid Search
5000,2026-06-25,India,Android,LinkedIn
